:020000040800F2
:1000000000000120E55D00084D4D00084F4D00083F
:10001000514D0008534D0008554D000800000000E8
:10002000000000000000000000000000574D000824
:10003000594D0008000000005B4D00085D4D0008B0
:10004000355E0008355E0008614D0008355E000829
:10005000355E0008355E0008355E0008355E000834
:100060006D4D0008355E0008734D0008355E0008D0
:10007000355E0008355E0008355E0008794D0008E1
:10008000355E0008355E0008355E0008355E000804
:10009000355E0008355E0008854D0008355E0008B5
:1000A000355E0008355E0008355E0008355E0008E4
:1000B0009D4D0008A94D0008355E0008355E00081A
:1000C000355E0008355E0008355E0008355E0008C4
:1000D000355E0008B54D0008355E0008355E000845
:1000E000355E0008355E0008C14D0008355E000829
:1000F000355E0008355E0008355E0008355E000894
:10010000355E0008355E0008CD4D0008355E0008FC
:10011000355E0008355E0008355E0008355E000873
:10012000355E0008355E0008355E0008355E000863
:08013000355E0008355E000891
:1001400010B5054C237833B9044B13B10448AFF311
:1001500000800123237010BD10B4002000000000B7
:100160006885010808B5034B1BB103490348AFF389
:10017000008008BD0000000014B40020688501085C
:1001800001F0FF01102A2BDB10F0070F08D010F848
:10019000013B013A8B422DD010F0070F42B3F6D14C
:1001A000F0B441EA012141EA014122F007047FF065
:1001B00000070023F0E80256083C85EA010586EABC
:1001C000010685FA47F5A3FA87F586FA47F6A5FAF8
:1001D00087F68EB9EED1F0BC01F0FF0102F0070204
:1001E00032B110F8013B013A83EA010313B1F8D1AF
:1001F0000020704701387047002D06BF3546033890
:10020000073815F0010F07D1013015F4807F02BFC8
:10021000013015F4C03F0130F0BC0138704700BF19
:10022000034613F8012B002AFBD1181A0138704736
:1002300081F0004102E000BF83F0004330B54FEA97
:1002400041044FEA430594EA050F08BF90EA020F04
:100250001FBF54EA000C55EA020C7FEA645C7FEA97
:10026000655C00F0E2804FEA5454D4EB5555B8BFBA
:100270006D420CDD2C4480EA020281EA030382EA2B
:10028000000083EA010180EA020281EA0303362DBD
:1002900088BF30BD11F0004F4FEA01314FF4801C90
:1002A0004CEA113102D0404261EB410113F0004FA2
:1002B0004FEA03334CEA133302D0524263EB430359
:1002C00094EA050F00F0A780A4F10104D5F1200EF7
:1002D0000DDB02FA0EFC22FA05F2801841F1000152
:1002E00003FA0EF2801843FA05F359410EE0A5F126
:1002F00020050EF1200E012A03FA0EFC28BF4CF057
:10030000020C43FA05F3C01851EBE37101F000450C
:1003100007D54FF0000EDCF1000C7EEB00006EEB19
:100320000101B1F5801F1BD3B1F5001F0CD34908A3
:100330005FEA30004FEA3C0C04F101044FEA4452FA
:1003400012F5800F80F09A80BCF1004F08BF5FEA81
:10035000500C50F1000041EB045141EA050130BD61
:100360005FEA4C0C404141EB0101013C28BFB1F573
:10037000801FE9D291F0000F04BF01460020B1FABE
:1003800081F308BF2033A3F10B03B3F120020CDA91
:100390000C3208DD02F1140CC2F10C0201FA0CF06F
:1003A00021FA02F10CE002F11402D8BFC2F1200CD4
:1003B00001FA02F120FA0CFCDCBF41EA0C0190408A
:1003C000E41AA2BF01EB0451294330BD6FEA0404D3
:1003D0001F3C1CDA0C340EDC04F11404C4F12002BE
:1003E00020FA04F001FA02F340EA030021FA04F3D0
:1003F00045EA030130BDC4F10C04C4F1200220FA27
:1004000002F001FA04F340EA0300294630BD21FA64
:1004100004F0294630BD94F0000F83F4801306BF2A
:1004200081F480110134013D4EE77FEA645C18BF1E
:100430007FEA655C29D094EA050F08BF90EA020FB5
:1004400005D054EA000C04BF1946104630BD91EAAD
:10045000030F1EBF0021002030BD5FEA545C05D1B0
:100460004000494128BF41F0004130BD14F58004EF
:100470003CBF01F5801130BD01F0004545F0FE4163
:1004800041F470014FF0000030BD7FEA645C1ABF98
:10049000194610467FEA655C1CBF0B46024650EACF
:1004A000013406BF52EA033591EA030F41F40021FB
:1004B00030BD00BF90F0000F04BF0021704730B581
:1004C0004FF4806404F132044FF000054FF0000156
:1004D00050E700BF90F0000F04BF0021704730B517
:1004E0004FF4806404F1320410F0004548BF4042EC
:1004F0004FF000013EE700BF42004FEAE2014FEA41
:1005000031014FEA02701FBF12F07F4393F07F4F1B
:1005100081F06051704732F07F4208BF704793F01E
:100520007F4F04BF41F40021704730B54FF4607431
:1005300001F0004521F000411CE700BF50EA010234
:1005400008BF704730B54FF000050AE050EA0102DD
:1005500008BF704730B511F0004502D5404261EB4D
:1005600041014FF4806404F132045FEA915C3FF48E
:10057000D8AE4FF003025FEADC0C18BF03325FEA2B
:10058000DC0C18BF033202EBDC02C2F1200300FADC
:1005900003FC20FA02F001FA03FE40EA0E0021FA01
:1005A00002F11444BDE600BF70B54FF0FF0C4CF4EF
:1005B000E06C1CEA11541DBF1CEA135594EA0C0FA1
:1005C00095EA0C0F00F0DEF82C4481EA030621EADC
:1005D0004C5123EA4C5350EA013518BF52EA033517
:1005E00041F4801143F4801338D0A0FB02CE4FF0C9
:1005F0000005E1FB02E506F00042E0FB03E54FF0F9
:100600000006E1FB03569CF0000F18BF4EF0010EF0
:10061000A4F1FF04B6F5007F64F5407404D25FEAEC
:100620004E0E6D4146EB060642EAC62141EA55519F
:100630004FEAC52040EA5E504FEACE2EB4F1FD0CE1
:1006400088BFBCF5E06F1ED8BEF1004F08BF5FEA5F
:10065000500E50F1000041EB045170BD06F0004611
:1006600046EA010140EA020081EA0301B4EB5C04BE
:10067000C2BFD4EB0C0541EA045170BD41F48011B6
:100680004FF0000E013C00F3AB8014F1360FDEBFDB
:10069000002001F0004170BDC4F10004203C35DAB7
:1006A0000C341BDC04F11404C4F1200500FA05F33A
:1006B00020FA04F001FA05F240EA020001F00042DB
:1006C00021F0004110EBD37021FA04F642EB060151
:1006D0005EEA430E08BF20EAD37070BDC4F10C047B
:1006E000C4F1200500FA04F320FA05F001FA04F23F
:1006F00040EA020001F0004110EBD37041F100012B
:100700005EEA430E08BF20EAD37070BDC4F1200535
:1007100000FA05F24EEA020E20FA04F301FA05F29D
:1007200043EA020321FA04F001F0004121FA04F245
:1007300020EA020000EBD3705EEA430E08BF20EA15
:10074000D37070BD94F0000F0FD101F0004640004F
:1007500041EB010111F4801F08BF013CF7D041EAD1
:10076000060195F0000F18BF704703F000465200D5
:1007700043EB030313F4801F08BF013DF7D043EAA6
:100780000603704794EA0C0F0CEA135518BF95EA5C
:100790000C0F0CD050EA410618BF52EA4306D1D1E3
:1007A00081EA030101F000414FF0000070BD50EA02
:1007B000410606BF1046194652EA430619D094EA8C
:1007C0000C0F02D150EA013613D195EA0C0F05D176
:1007D00052EA03361CBF104619460AD181EA0301CA
:1007E00001F0004141F0FE4141F470014FF0000082
:1007F00070BD41F0FE4141F4780170BD70B54FF01D
:10080000FF0C4CF4E06C1CEA11541DBF1CEA13559C
:1008100094EA0C0F95EA0C0F00F0A7F8A4EB05047E
:1008200081EA030E52EA03354FEA013100F0888075
:100830004FEA03334FF0805545EA131343EA12633E
:100840004FEA022245EA111545EA10654FEA0026F3
:100850000EF000419D4208BF964244F1FD0404F5AC
:10086000407402D25B084FEA3202B61A65EB030508
:100870005B084FEA32024FF480104FF4002CB6EBC5
:10088000020E75EB030E22BFB61A754640EA0C0045
:100890005B084FEA3202B6EB020E75EB030E22BF85
:1008A000B61A754640EA5C005B084FEA3202B6EBC6
:1008B000020E75EB030E22BFB61A754640EA9C0085
:1008C0005B084FEA3202B6EB020E75EB030E22BF55
:1008D000B61A754640EADC0055EA060E18D04FEA13
:1008E000051545EA16754FEA06164FEAC30343EAB3
:1008F00052734FEAC2025FEA1C1CC0D111F4801F80
:100900000BD141EA00014FF000004FF0004CB6E778
:1009100011F4801F04BF01430020B4F1FD0C88BF17
:10092000BCF5E06F3FF6AFAEB5EB030C04BFB6EB22
:10093000020C5FEA500C50F1000041EB045170BD15
:100940000EF0004E4EEA113114EB5C04C2BFD4EB42
:100950000C0541EA045170BD41F480114FF0000EC6
:10096000013C90E645EA060E8DE60CEA135594EA42
:100970000C0F08BF95EA0C0F3FF43BAF94EA0C0F45
:100980000AD150EA01347FF434AF95EA0C0F7FF4BA
:1009900025AF104619462CE795EA0C0F06D152EA0E
:1009A00003353FF4FDAE1046194622E750EA4106F2
:1009B00018BF52EA43067FF4C5AE50EA41047FF403
:1009C0000DAF52EA43057FF4EBAE12E74FF0FF3C68
:1009D00006E000BF4FF0010C02E000BF4FF0010C39
:1009E0004DF804CD4FEA410C7FEA6C5C4FEA430CB2
:1009F00018BF7FEA6C5C1BD001B050EA410C0CBF01
:100A000052EA430C91EA030F02BF90EA020F002062
:100A1000704710F1000F91EA030F58BF994208BFC9
:100A200090422CBFD8176FEAE37040F00100704786
:100A30004FEA410C7FEA6C5C02D150EA013C07D1DD
:100A40004FEA430C7FEA6C5CD6D152EA033CD3D028
:100A50005DF8040B704700BF8446104662468C4622
:100A60001946634600E000BF01B5FFF7B7FF002855
:100A700048BF10F1000F01BD4DF808EDFFF7F4FF7E
:100A80000CBF012000205DF808FB00BF4DF808ED09
:100A9000FFF7EAFF34BF012000205DF808FB00BF2C
:100AA0004DF808EDFFF7E0FF94BF012000205DF84E
:100AB00008FB00BF4DF808EDFFF7CEFF94BF012003
:100AC00000205DF808FB00BF4DF808EDFFF7C4FFFC
:100AD00034BF012000205DF808FB00BF4FEA410C45
:100AE0007FEA6C5C02D150EA013C0AD14FEA430C28
:100AF0007FEA6C5C02D152EA033C02D14FF0000065
:100B000070474FF0010070474FEA410212F50012A2
:100B100015D211D56FF47873B3EB625212D94FEA44
:100B2000C12343F0004343EA505311F0004F23FA2E
:100B300002F018BF404270474FF00000704750EA83
:100B4000013005D111F0004008BF6FF00040704740
:100B50004FF00000704700BF4FEA4102B2F1E0439E
:100B600024BFB3F5001CDCF1FE5C0DD901F0004C94
:100B70004FEAC0024CEA5070B2F1004F40EB8300E4
:100B800008BF20F00100704711F0804F21D113F110
:100B90003872BCBF01F00040704741F480114FEA49
:100BA0005252C2F11802C2F1200C10FA0CF320FAD2
:100BB00002F018BF40F001004FEAC1234FEAD323EF
:100BC00003FA0CFC40EA0C0023FA02F34FEA430359
:100BD000CCE77FEA625307D150EA01331EBF4FF0E2
:100BE000FE4040F44000704701F0004040F0FE40FD
:100BF00040F40000704700BF80F0004002E000BFFA
:100C000081F0004142001FBF5FEA410392EA030FF7
:100C10007FEA226C7FEA236C6AD04FEA1262D2EB41
:100C20001363C1BFD218414048404140B8BF5B4246
:100C3000192B88BF704710F0004F40F4000020F0DF
:100C40007F4018BF404211F0004F41F4000121F0F5
:100C50007F4118BF494292EA030F3FD0A2F101023F
:100C600041FA03FC10EB0C00C3F1200301FA03F17D
:100C700000F0004302D5494260EB4000B0F5000FA0
:100C800013D3B0F1807F06D340084FEA310102F15F
:100C90000102FE2A51D2B1F1004F40EBC25008BF11
:100CA00020F0010040EA03007047490040EB0000DB
:100CB000013A28BFB0F5000FEDD2B0FA80FCACF1DC
:100CC000080CB2EB0C0200FA0CF0AABF00EBC25009
:100CD00052421843BCBFD0401843704792F0000FF7
:100CE00081F4000106BF80F400000132013BB5E74A
:100CF0004FEA41037FEA226C18BF7FEA236C21D0C0
:100D000092EA030F04D092F0000F08BF0846704724
:100D100090EA010F1CBF0020704712F07F4F04D1F2
:100D2000400028BF40F00040704712F100723CBF05
:100D300000F50000704700F0004343F0FE4040F42F
:100D4000000070477FEA226216BF08467FEA2363ED
:100D50000146420206BF5FEA412390EA010F40F4D8
:100D6000800070474FF0000304E000BF10F0004324
:100D700048BF40425FEA000C08BF704743F096430B
:100D800001464FF000001CE050EA010208BF704726
:100D90004FF000030AE000BF50EA010208BF7047AD
:100DA00011F0004302D5404261EB41015FEA010CC2
:100DB00002BF84460146002043F0B64308BFA3F1BA
:100DC0008053A3F50003BCFA8CF2083AA3EBC2539C
:100DD00010DB01FA02FC634400FA02FCC2F12002BB
:100DE000BCF1004F20FA02F243EB020008BF20F0F2
:100DF0000100704702F1200201FA02FCC2F1200258
:100E000050EA4C0021FA02F243EB020008BF20EA4C
:100E1000DC7070474FF0FF0C1CEAD0521EBF1CEA7A
:100E2000D15392EA0C0F93EA0C0F6FD01A4480EA68
:100E3000010C400218BF5FEA41211ED04FF0006351
:100E400043EA501043EA5111A0FB01310CF000407D
:100E5000B1F5000F3EBF490041EAD3715B0040EAA3
:100E6000010062F17F02FD2A1DD8B3F1004F40EB73
:100E7000C25008BF20F00100704790F0000F0CF046
:100E8000004C08BF49024CEA502040EA51207F3A0A
:100E9000C2BFD2F1FF0340EAC250704740F40000E5
:100EA0004FF00003013A5DDC12F1190FDCBF00F0D6
:100EB00000407047C2F10002410021FA02F1C2F184
:100EC000200200FA02FC5FEA310040F1000053EA20
:100ED0004C0308BF20EADC70704792F0000F00F06E
:100EE000004C02BF400010F4000F013AF9D040EA74
:100EF0000C0093F0000F01F0004C02BF490011F408
:100F0000000F013BF9D041EA0C018FE70CEAD15305
:100F100092EA0C0F18BF93EA0C0F0AD030F0004C85
:100F200018BF31F0004CD8D180EA010000F0004039
:100F3000704790F0000F17BF90F0004F084691F0F7
:100F4000000F91F0004F14D092EA0C0F01D1420231
:100F50000FD193EA0C0F03D14B0218BF084608D1FA
:100F600080EA010000F0004040F0FE4040F4000044
:100F7000704740F0FE4040F4400070474FF0FF0CD7
:100F80001CEAD0521EBF1CEAD15392EA0C0F93EA1E
:100F90000C0F69D0A2EB030280EA010C49024FEA70
:100FA000402037D04FF0805343EA111143EA101329
:100FB0000CF000408B4238BF5B0042F17D024FF4E1
:100FC000000C8B4224BF5B1A40EA0C00B3EB510FBC
:100FD00024BFA3EB510340EA5C00B3EB910F24BFA5
:100FE000A3EB910340EA9C00B3EBD10F24BFA3EB2A
:100FF000D10340EADC001B0118BF5FEA1C1CE0D1F2
:10100000FD2A3FF650AF8B4240EBC25008BF20F0A4
:10101000010070470CF0004C4CEA50207F32C2BFF8
:10102000D2F1FF0340EAC250704740F400004FF095
:101030000003013A37E792F0000F00F0004C02BFC6
:10104000400010F4000F013AF9D040EA0C0093F090
:10105000000F01F0004C02BF490011F4000F013BEA
:10106000F9D041EA0C0195E70CEAD15392EA0C0F52
:1010700008D142027FF47DAF93EA0C0F7FF470AF8A
:10108000084676E793EA0C0F04D14B023FF44CAFCD
:1010900008466EE730F0004C18BF31F0004CCAD162
:1010A00030F000427FF45CAF31F000437FF43CAF9E
:1010B0005FE700BF4FF0FF3C06E000BF4FF0010CC0
:1010C00002E000BF4FF0010C4DF804CD4FEA4002A2
:1010D0004FEA41037FEA226C18BF7FEA236C11D0EC
:1010E00001B052EA530C18BF90EA010F58BFB2EB9F
:1010F000030088BFC81738BF6FEAE17018BF40F01F
:10110000010070477FEA226C02D15FEA402C05D1D2
:101110007FEA236CE4D15FEA412CE1D05DF8040B57
:10112000704700BF844608466146FFE70FB5FFF7EA
:10113000C9FF002848BF10F1000F0FBD4DF808EDA2
:10114000FFF7F4FF0CBF012000205DF808FB00BF93
:101150004DF808EDFFF7EAFF34BF012000205DF8ED
:1011600008FB00BF4DF808EDFFF7E0FF94BF01203A
:1011700000205DF808FB00BF4DF808EDFFF7D2FF37
:1011800094BF012000205DF808FB00BF4DF808ED7A
:10119000FFF7C8FF34BF012000205DF808FB00BF47
:1011A0004FEA40024FEA41037FEA226C02D15FEA34
:1011B000402C08D17FEA236C02D15FEA412C02D196
:1011C0004FF0000070474FF0010070474FEA4002B7
:1011D000B2F1FE4F0FD34FF09E03B3EB12620DD965
:1011E0004FEA002343F0004310F0004F23FA02F0CF
:1011F00018BF404270474FF00000704712F1610F76
:1012000001D1420205D110F0004008BF6FF000404C
:1012100070474FF00000704742000ED2B2F1FE4F0F
:101220000BD34FF09E03B3EB126209D44FEA0023B5
:1012300043F0004323FA02F070474FF0000070477C
:1012400012F1610F01D1420202D14FF0FF3070471D
:101250004FF00000704700BF53B94AB9002908BFDA
:1012600000281CBF4FF0FF314FF0FF3000F06AB98B
:10127000ADF1080C6DE904CE00F006F8DDF804E0ED
:10128000DDE9022304B070472DE9F047089D0C46C4
:10129000002B4ED194468C458646B2FA82F262D932
:1012A0004AB1C2F12003914020FA03F30CFA02FC88
:1012B000194300FA02FE4FEA1C471FFA8CF6B1FBF5
:1012C000F7F44FEA1E4307FB141143EA014304FB02
:1012D00006F199420AD91CEB030304F1FF3080F0B8
:1012E0001281994240F20F81023C6344591A1FFA5D
:1012F0008EF3B1FBF7F007FB101143EA014300FB4B
:1013000006F69E420AD91CEB030300F1FF3180F080
:10131000FC809E4240F2F980634402389B1B40EA05
:10132000044000211DB1D3400022C5E90032BDE8D0
:10133000F0878B4205D90DB1C5E9000100210846AF
:10134000F5E7B3FA83F1002946D1A34202D39042D4
:10135000C0F0F080861A64EB03030120002DE6D074
:10136000C5E90063E3E7002A40F09080A1EB0C049C
:101370004FEA1C481FFA8CF70121B4FBF8F64FEA3C
:101380001E4308FB164443EA044307FB06F0984259
:1013900008D91CEB030306F1FF3402D2984200F295
:1013A000CD8026461C1A1FFA8EF3B4FBF8F008FB1A
:1013B000104443EA044300FB07F79F4208D91CEBA3
:1013C000030300F1FF3402D29F4200F2B0802046B6
:1013D000DB1B40EA0640A5E7C1F120068B4022FA5C
:1013E00006F71F4320FA06FC04FA01F343EA0C0354
:1013F000F44000FA01F8380C4FEA1349B4FBF0FE50
:101400001FFA87FC00FB1E4449EA04440EFB0CF95A
:10141000A14502FA01F20AD93C190EF1FF3A80F017
:101420008480A14540F28180AEF1020E3C44A4EBE1
:1014300009041FFA83F9B4FBF0F300FB134449EAF3
:10144000044403FB0CFCA44507D93C1903F1FF300D
:1014500067D2A44565D9023B3C4443EA0E40A0FB59
:101460000293A4EB0C049C42CE469C4651D34ED032
:1014700055B1B8EB0E0364EB0C0404FA06F6CB404E
:101480001E43CC40C5E90064002150E7C2F12003AF
:1014900020FA03F10CFA02FC24FA03F394400C4303
:1014A0004FEA1C4800FA02FE1FFA8CF7B3FBF8F073
:1014B00008FB1031230C43EA014300FB07F199427A
:1014C00008D91CEB030300F1FF362CD299422AD92C
:1014D000023863445B1AA4B2B3FBF8F108FB113382
:1014E00044EA034401FB07F3A34208D91CEB0404BC
:1014F00001F1FF3613D2A34211D902396444E41A30
:1015000041EA004139E70446F0E6084606E7C845E7
:10151000AED2B9EB020E63EB070C0138A8E73146F7
:10152000EDE7034699E73046D4E7D6467FE76344C4
:1015300002384DE70646234608460FE7023E63445D
:1015400030E700BF704700BF0121402012F004BE09
:10155000F8B5154E154C338801339BB2B3F57A7F3D
:10156000338004D9E388A3800123E38033800025FE
:101570002F462278EBB29A4200D8F8BD637002334E
:1015800054F823309A8801329A803288B2F57A7FF3
:1015900024BFDA885A801A6928BFDF8012B11B7A0B
:1015A00003B190470135E4E72EB4002030B40020A9
:1015B00073B500242246224B009441F28831214821
:1015C000214E12F047FF2246204B009440F6B831DE
:1015D0001F4812F03FFF224621461E4B022012F008
:1015E000A9FC00F07CFD00F0D7FD1B491B4A1C4BF9
:1015F000126E01254D63284691F8301000F082FAF2
:1016000001F002F9174B00942A464FF4FA61304674
:1016100012F020FF304612F0C9FF134A2146402045
:1016200012F064FE2946402012F096FD0F4B224630
:101630002146022002B0BDE8704012F07BBC00BF22
:10164000A920000890B4002060B40020E520000824
:1016500078B40020F185010874B6002044B700205A
:10166000812100081144000849150008128601086C
:101670000B4B0C4A196812780A441A601B68033332
:101680000CD9BFF34F8F0849084BCA6802F4E062D7
:101690001343CB60BFF34F8F00BFFDE7FFF758BF89
:1016A000D4D60020A8B1002000ED00E00400FA0527
:1016B00003680B4A934201D101F076B9094A93427B
:1016C0000DD1094A138801339BB2B3F57A7F138099
:1016D00005D3064BD98B59830021D98311807047DC
:1016E00000480140004401402CB4002070B00020AC
:1016F000042802D0102802D0704702F0D5BE00F0B6
:10170000EFBC00002DE9F043012891B005460E46DC
:1017100040F0948000230A93D5238DF82C304A4B57
:1017200008934A4B4A4C09934A4B0D934A4B0C93EE
:1017300008A94A4B0E93204605F0AAF828B14FF0AD
:10174000FF39484611B0BDE8F0830DF10301204692
:1017500004F077FE0028F2D19DF803306B2BEED118
:1017600001A9204604F05AFC9DF806309DF80410AB
:101770009DF80520DFF8E8803A4FC8F804409B0048
:1017800043EA4103384913434B60F007374B7B6012
:1017900009D5012A07D1364A36491B68D16020464F
:1017A00098470028CBD1B10726D47207C7D47B68ED
:1017B000D8F80400DB6808A998478146002840D182
:1017C0009DF82040631E5C425C419DF82130012B56
:1017D0009DF822304FEA440408BF44F00104012B75
:1017E00008BF44F00404032735EA060313D0013F81
:1017F0004FEA4505F8D1A4E79DF80430012BD4D178
:101800001B4B1D4A1A617B68D8F804001B68984777
:101810000028CAD093E735EA0403E8D1174B144AED
:1018200053F82530D8F80400033352F823301B68EE
:1018300098470028DBD06FF0040982E76FF00109B8
:101840007FE76FF006097CE74D5F0008395E00080E
:10185000A8B40020BD5E0008895E0008F15E0008A3
:1018600008B50020E8B40020E0B4002070B10020EA
:10187000F0B4002028B100204CB1002034860108CB
:1018800001280B4610B5114619D80E4A52F82020EF
:1018900003EA0204934312D10B4A52F8242000EBCE
:1018A00040031344094A52F82330094A1B6A52F88C
:1018B00020009847002818BF6FF0040010BD6FF09B
:1018C0000100FBE7E0B4002034860108F0B40020FA
:1018D00008B50020012808B508D1064B586804F067
:1018E000BCFF002818BF6FF0040008BD6FF00100B6
:1018F000FBE700BF08B50020012808B508D1064B5A
:10190000586804F0B4FF002818BF6FF0040008BD49
:101910006FF00100FBE700BF08B500202DE9F043A0
:101920000F4691B0002878D17F238DF82C303E4BA4
:1019300008933E4B3E4C09933E4B0D933E4B0A9011
:101940000C9308A93D4B0E93204605F079FC28B175
:101950004FF0FF34204611B0BDE8F0830DF10701D0
:10196000204605F0EFFB0028F2D19DF80730A02BB0
:10197000EED102A9204605F039FB314B9DF8082035
:10198000DFF8C080304D1A60F907304BC8F80040CE
:101990002B6009D5012A07D12D4A2E491B681160F9
:1019A000204698470028D3D12B68D8F80000DB6880
:1019B00008A99847044698BB9DF820506B1E5D42CD
:1019C0005D419DF82130012B9DF8223008BF45F084
:1019D0000205012B08BF45F004054FF0020901265E
:1019E00036EA070307D0B9F1010F4FEA4606B1D036
:1019F0004FF00109F4E736EA0503F4D1164BD8F8A5
:101A0000000053F82620124B53F822301B689847E9
:101A10000028E8D06FF004049CE76FF0010499E718
:101A20006FF0060496E700BF4D5F0008395E0008BE
:101A300010B50020BD5E0008895E0008F15E000858
:101A400048B5002068B5002050B5002094B10020B2
:101A500058B5002080B1002048860108012808B54B
:101A600018D80E4B53F8203001EA0302994311D1E4
:101A70000B4B53F822300B4A03EB400352F8233050
:101A8000094A1B6852F820009847002818BF6FF0D9
:101A9000040008BD6FF00100FBE700BF48B500205F
:101AA0004886010858B5002068B50020BFF34F8F65
:101AB0000549064BCA6802F4E0621343CB60BFF3EA
:101AC0004F8F00BFFDE700BF00ED00E00400FA0506
:101AD00038B504460D4613F055FF291B013190FB24
:101AE000F1F303FB1100044413F04CFF054603F02F
:101AF00067FA023005EB5000A4B213F015FF204640
:101B000038BD00002DE9F341884615461E460746BC
:101B100005F00AFD254CC4F8E00005F00BFDC4F803
:101B2000E40005F00DFDD4E938325340C4F8E80074
:101B3000584013F0F9FE002F1D4AC4F8F4600CBFA2
:101B40000123022313701B4A84F8DA7013701A4AB7
:101B50001A4BA4F8D88008BF134605F57A75002201
:101B6000C4F8EC50114600930220154B12F0E2F934
:101B7000144B1B7873B194F8DA30ABB9D4F8EC306D
:101B8000D4F8F02013600022009311460E4B02207F
:101B900012F0D0F94FF47A716420FFF799FF02B088
:101BA000BDE8F04103F014BA0023E9E774B5002062
:101BB000A4000020A50000205C86010860860108C2
:101BC0006586010870B500209186010810B50A4CA1
:101BD0002378012B094B04BF44F620621A601B686E
:101BE0003BB9A0604EF660213220FFF771FFA36879
:101BF0000344A36010BD00BF74B50020A000002006
:101C000007B50B4B9B684EF66021B3FBF1F201FB6D
:101C100012334FF47A71B3FBF1F3CDE900230022C4
:101C2000044B1146022012F085F903B05DF804FB65
:101C300074B50020BC860108074B10B5D3F8DC4012
:101C40003CB9064B22462146022012F073F9204689
:101C500010BD0120FCE700BF74B50020F786010825
:101C6000034B91F909205A80022283F8F92070472A
:101C700074B5002030B5124B93F8D6400E2C1ED808
:101C8000651C83F8D650105593F8D600441C83F891
:101C9000D6400C0E145493F8D600441C83F8D6405A
:101CA0000C14145493F8D600441C83F8D6400C123C
:101CB000145493F8D600441C83F8D640115430BD18
:101CC00074B5002010B501231078984200D210BDE1
:101CD000C818D45C00F8014C0133DBB2F4E7000013
:101CE00037B5304D304CB5F90230626A9A4207D0B0
:101CF0002046042240F8243F4FF4816100F0EEF9C1
:101D000095F8F930D4F8C4209A4207D02748C4F88F
:101D1000C43004224FF4956100F0E0F995F8FA30F0
:101D2000D4F8C8209A4207D02148C4F8C830042209
:101D300040F2AC4100F0D2F9D5F8F03000221B6837
:101D4000009311461B4B022012F0F4F8AB7900937C
:101D500000221146184B022012F0ECF8B4F924309E
:101D6000009300221146154B022012F0E3F8D4F83C
:101D7000C420134B142505FB0233002200931146A7
:101D8000104B022012F0D6F8D4F8C8200E4B05FBF9
:101D900002330022009311460C4B022012F0CAF8C5
:101DA00003B030BD74B5002074B6002038B70020F1
:101DB0003CB70020158701083F8701085E870108AE
:101DC000500000207A870108000000209B8701084E
:101DD00037B50546FFF730FF00283FD0204CB5B996
:101DE000022384F8F93042F21073A360A571D4F88D
:101DF000DC0012F08DFBA168D4F8DC0012F010FCBE
:101E0000D4F8DC0003B0BDE8304012F0CFBB6379FA
:101E10000133DBB200226371114600930220114BA3
:101E200012F088F863790E2B4FF0000510D9B4F842
:101E3000D8300D4865715843FFF7C8FE012384F878
:101E4000F93084F8FA30FFF74BFFFFF7D9FECEE701
:101E500049F64040FFF7BAFE2B46F0E703B030BD2D
:101E600074B50020BC87010880EE360073B55B4C6A
:101E70005B4AD4F8F030C4F8DC101968914205468A
:101E800008D900201860574B1B78012B5AD1D4F881
:101E9000F430984794F8F8202B78A12A40F08680F7
:101EA000002B00F09780032684F8F9606D7A002DEE
:101EB0004DD123790133DBB223712A4600932946A1
:101EC000494B022012F036F823796580092B84F8FB
:101ED000FA6039D9434B25711B780226012B84F80F
:101EE000F96023D1D4E93B2329461A6030463F4BA1
:101EF0002A4612F01FF8B4F8D8303D48A57158436F
:101F0000FFF764FEFFF7ECFEFFF77AFED4F8DC0083
:101F100012F0FEFAA168D4F8DC0012F081FBD4F8CC
:101F2000DC0012F043FBA06802B070BDFFF7D8FEE2
:101F3000304B2A462946304611F0FCFF4FF47A70A8
:101F400003F046F8FFF7B2FD49F64040D8E7002518
:101F5000294B25712A462946022011F0EBFFA3796F
:101F6000217B0133DBB20222994284F8FA20A3716B
:101F70000FD942F21073A3601A4B1B78012BC1D109
:101F8000D4F8F0301868C4F8EC00D4F8F43098476E
:101F9000B8E7012384F8FA301548B4F8D83084F84B
:101FA000F9205843A571FFF711FEE5E793B10D4BFA
:101FB0001B78012B04BFD4F8EC30EB600022A12386
:101FC00084F8F83011460D4B022011F0B3FFFFF7F3
:101FD00017FEA8E7002384F8F830A4E774B50020C2
:101FE000EED8FFFFA4000020DE870108FF8701086C
:101FF00080EE36002788010851880108778801089B
:10200000F8B5274C012384F8D630264B5A6B1B6B4E
:10201000A4F8D830A37984F8DA200327012B0546E9
:102020000E4627731FD0022B2CD00BB10023A371B7
:1020300094F8F830A279A12B14BF0023032384F86D
:10204000F93094F8D630142101FB0242013BDBB297
:1020500093733370A07901FB00420E322946BDE82C
:10206000F840FFF72FBE04F1220202200021FFF703
:1020700001FEA279142303FB02420E323846FFF719
:10208000F9FDD5E704F1360204200021FFF7F2FD47
:10209000A279142303FB02420E320420EFE700BFB3
:1020A00074B5002074B6002010B5094C237873B1C4
:1020B000084812F02DFA08480022202106F094FB6F
:1020C00005480022802106F08FFB0023237010BDFD
:1020D00070B6002090B4002000040048704770479C
:1020E00070470000002208B511460A4B022011F08B
:1020F00021FF4FF4FA7002F06BFFBFF34F8F0649D8
:10210000064BCA6802F4E0621343CB60BFF34F8F03
:1021100000BFFDE79588010800ED00E00400FA0526
:1021200010B5144C20460FF059FE04F12401002094
:102130000FF0B4FD04F1140101200FF0AFFD04F124
:10214000340109200FF0AAFD04F1440108200FF02A
:10215000A5FD00221146084B022011F0EBFE0FF006
:10216000DBFE0022BDE81040044B1146022011F0B6
:10217000E1BE00BF50B70020B2880108E088010826
:10218000044B43F8600F04224FF494711846FFF794
:10219000A5BF00BF44B70020034B012283F8DA201B
:1021A00000221A70FFF7BCBF74B500200B4B9022C1
:1021B0001A770B4A1269082A0BD004DC022A06D0CF
:1021C000042A03D07047102A05D070470A221A76D5
:1021D00070470E22FBE70622F9E700BF3C200020F3
:1021E000580400202DE9F8436B4D6C4CAE686378C1
:1021F000B6F5806F39D2002B35D0694F6949F86840
:10220000FEF7BCFE0146FEF705FEFEF775F9024635
:102210000B46D4E90C01FEF711F8C4E90C01614941
:102220003869FEF7ABFE0146FEF7F4FDFEF764F9F0
:1022300002460B46D4E90E01FEF700F8C4E90E0190
:1022400058497869FEF79AFE0146FEF7E3FDFEF76E
:1022500053F902460B46D4E91001FDF7EFFFC4E93C
:1022600010010136AE60BDE8F883002BFBD04E4B69
:102270000022D4E90C01FEF797F9FEF76DFC16F089
:1022800039F8FEF739F9484B0022C4E91201D4E9C4
:102290000E01FEF789F9FEF75FFC16F02BF8FEF74A
:1022A0002BF9414B0022C4E91401D4E91001FEF7D7
:1022B0007BF9FEF751FC16F01DF8FEF71DF902221E
:1022C000C4E9160116210120FFF716FB082215218B
:1022D0000120FFF711FBD4E91889D4E91201424625
:1022E0004B46FEF78BFAFEF70FFC46B242464B46D2
:1022F000D4E9140184F86860FEF780FAFEF704FC64
:102300004B46424684F86900D4E91601FEF776FA96
:10231000FEF7FAFBF2B284F86A0073210120FFF79E
:10232000EBFA94F8692074210120FFF7E5FA94F89C
:102330006A2075210120FFF7DFFA7A225C21012053
:10234000FFF7DAFA164B5B211A780120FFF7D4FA6F
:10235000002256210120FFF7CFFAC0225821012088
:10236000FFF7CAFAE0225E210120FFF7C5FA002339
:102370000022AB6063700023C4E91023C4E90E237C
:10238000C4E90C236B7C002B7FF46DAFBDE8F843F0
:10239000064808F033B900BF70B000205804002090
:1023A0003C20002000007A440000503F70D2002002
:1023B00038B5284B1B69082B3BD004DC022B15D009
:1023C000042B25D038BD102BFCD1234D234CB5F95F
:1023D000000004F0BDFAE060B5F9020004F0B8FABC
:1023E0002061B5F9040004F0B3FA0FE01A4D1B4C5C
:1023F000B5F9000004F08EFAE060B5F9020004F0CF
:1024000089FA2061B5F9040004F084FA6061D9E723
:10241000114D124CB5F9000004F086FAE060B5F9F0
:10242000020004F081FA2061B5F9040004F07CFA9E
:10243000ECE7094D094CB5F9000004F07FFAE060C3
:10244000B5F9020004F07AFA2061B5F9040004F04D
:1024500075FADBE758040020702000203C200020A3
:102460002DE9F8438C4E8D4CD6F80890A378B9F539
:10247000806F2CD24BB3D4F88830032B5FDC884AB2
:10248000216FD3681769556923F0004827F000478A
:1024900025F00045C4F87C80C4F88070C4F88450EE
:1024A0004046FEF773FE08B1C4F87080616F38468D
:1024B000FEF76CFE00B16767A16F2846FEF766FE67
:1024C00000B1A56709F10103B360BDE8F883002BF3
:1024D000FBD0D4F88830032B31DC616F206F15F00E
:1024E00023FFA16F15F020FF6E490546FEF744FE5D
:1024F000002840F0B7806C492846FEF73DFE0028D2
:1025000040F0B28069492846FEF736FE002814BF25
:10251000042302232361C4F88C50FFF747FE604B6D
:102520001A7E1B7F10211A430120FFF7E5F9D4F82A
:1025300088300133C4F88830A378002BC5D0D4F894
:102540008830042BC1D1A068FDF7D6FF4AA3D3E998
:102550000023FEF729F84AA3D3E90023FEF724F865
:102560008046894660685249FEF708FDFDF7C4FFC2
:1025700042464B46FEF718F8FEF7EEFA0546A06114
:102580002069FEF7F3FB01464FF08740FEF7F6FCAB
:10259000484907462846FEF73DFC01463846FEF707
:1025A00039FC39A3D3E90023054649464046FDF7E7
:1025B000FBFFFEF7D1FA13F01BF901462846FEF7A0
:1025C00029FCFDF799FF32A3D3E90023FEF716F9A2
:1025D000FEF7C2FA4FF07E510546FEF7C3FD002814
:1025E00044D135492846FEF7C7FD002840D128468A
:1025F000FEF712FE40F04003DBB2294F7A223B7017
:102600005C2100230120C4F88430C4F88030E367E3
:10261000C4F88C30A367636723677D60FFF76CF9AC
:102620003A785B210120FFF767F90022562101204B
:10263000FFF762F9C02258210120FFF75DF9E0227F
:102640005E210120FFF758F90023B360A370C4F89E
:102650008830737C002B7FF438AFBDE8F84317480F
:1026600007F0CCBF102355E7082353E74123C4E705
:102670007F23C2E7AFF300800492B06F2711913F30
:1026800000000060FB211940000000C0E9A8233FC2
:1026900005A3923A019D334070B0002058040020F9
:1026A0003C2000200000AF4500002F450000AF4453
:1026B00000007A44F304B53F00007C4270D2002051
:1026C0002DE9F047374DDFF8E0A0DFF8E090002477
:1026D0004FF07E582046FEF749FB5146FEF79AFB25
:1026E0004946FEF74BFC13F0CFF801464046FEF793
:1026F00087FA4FF07C51FEF78DFB05F580470646C3
:102700000146B868FEF786FBB86005F5005731460C
:10271000B868FEF77FFBB860A8683146FEF77AFB21
:102720000134B4F5806F45F8080FD3D12049214812
:10273000214F224E12F012FF21491E4812F00EFFC7
:1027400020491C4812F00AFF1F492246A1F50050FB
:1027500012F08AFF1D492246A1F5A04012F084FF25
:102760001B492246A1F5004012F07EFF174C0025C0
:1027700057F8040F3146FEF74DFB386020683146AC
:10278000FEF748FB44F8040B3146D4F8FC0FFEF783
:1027900041FB0135B5F5806FC4F8FC0FE8D1BDE809
:1027A000F08700BF70200020DB0FC94000C07F44CD
:1027B00078600020A8D10020748000206666863BE7
:1027C0007840002078200020788000207890002039
:1027D00078A0002070B1012814BF0320022059B155
:1027E000012914BF03230223834206DD0A2202FBD0
:1027F000003070470120F2E701230A2202FB0300A8
:1028000070470000000000002DE9F84300255E4CF1
:102810005E48A57001232A464FF4806112F07EF8CD
:1028200025805B4CE58004F51044237E0BB9607E67
:1028300010B10020BDE8F8830121FFF76FF80028F0
:1028400040F088800121FFF709F9003818BF012006
:102850004000B0FA80F0637E40092076002BE4D17E
:1028600002210120FEF74EFF002879D1494DDFF803
:1028700028912B6B98472B7F2A7E10211A43012029
:10288000FFF73AF8D9F80800FDF736FE36A3D3E98A
:102890000023FDF789FE36A3D3E90023FDF784FE6C
:1028A00006460F46D9F804003C49FEF767FBFDF7E2
:1028B00023FE32463B46FDF777FEFEF74DF9804694
:1028C000C9F81800D9F81000FEF750FA01464FF089
:1028D0008740FEF753FB324981464046FEF79AFA9D
:1028E00001464846FEF796FA23A3D3E90023804623
:1028F00039463046FDF758FEFEF72EF912F078FF04
:1029000001464046FEF786FAFDF7F6FD1CA3D3E923
:102910000023FDF773FFFEF71FF94FF07E510646C7
:10292000FEF720FCC0B91F493046FEF725FCA8B9C8
:102930003046FEF771FC40F04003DBB20122172164
:1029400010462B706E60FEF7D7FF002383F0010363
:1029500063766AE701207CE74123EFE77F23EDE719
:102960000123F3E7AFF300800492B06F2711913F8A
:1029700000000060FB211940000000C0E9A8233FCF
:1029800005A3923A019D3340A4D10020A8D1002094
:10299000702000203C2000205804002000007A44D1
:1029A000F304B53F00007C4237B5214CE38B94F82B
:1029B00026500133E38315BB637E012084F8260093
:1029C000D3B1A4F510420221FEF75AFF08B319480B
:1029D00003F090FA228C531C9BB2092A238410D94D
:1029E000154B1648DD70258407F008FE144B2A4667
:1029F0002946022011F09EFA002384F8263003B005
:102A000030BD00932A460F4B2946022011F092FA5E
:102A1000F2E70D4B0D4D2084DB6A9847EB69984730
:102A2000AB6A98472B6A98476B6A9847E4E700BF00
:102A300070B0002080D60020A4D1002070D20020E9
:102A40000B8901082F8901083C2000205804002030
:102A50002DE970430E461E490446FEF779FB30BB54
:102A60002046FDF749FD14A3D3E9002304460D4693
:102A7000FDF79AFD22462B46FDF796FD10A3D3E9FC
:102A800000238046894620462946FDF78DFD0246F3
:102A90000B4640464946FDF7D1FB0BA3D3E9002383
:102AA000FDF7CAFBFEF758F83060BDE870834FF0C1
:102AB0007E50F9E7AFF30080691D554D1075FF3E5C
:102AC00082E2C798BB96903F3EE8D9ACFA5CFF3FE4
:102AD00000601F432DE9F84F002481468A46934643
:102AE0009846002526462746ABB298451DD8404655
:102AF000FEF73CF9014605463846FEF73FFA15F069
:102B0000F9FB0A9B294618603046FEF737FA15F0A4
:102B1000F1FB0B9B294618602046FEF72FFA15F0B3
:102B2000E9FB0C9B1860BDE8F88F59F83510084692
:102B3000FEF770F901463846FEF764F85AF835108A
:102B400007460846FEF766F901463046FEF75AF892
:102B50005BF8351006460846FEF75CF9014620464C
:102B6000FEF750F801350446BEE700000000000003
:102B70002DE9F74F3A4B3B4CD3F81C3801932768AB
:102B80006668A568DFF8E0A000239B46019A93459C
:102B900025D143B1009B6361C4F81890C4F81C8030
:102BA00027606660A5602668304615F0A3FB67685D
:102BB0002062384615F09EFBA5686062284615F035
:102BC00099FB3946A0623046FEF71CF82946FEF70D
:102BD00019F815F08FFBE06003B0BDE8F08F1EA37D
:102BE000D3E90023FAE90201FDF708FEFDF7B4FF7F
:102BF00019A3D3E900230090DAE92001FDF7FEFDD7
:102C0000FDF7AAFF14A3D3E900238146DAE94001C6
:102C1000FDF7F4FDFDF7A0FF009980460846FEF79A
:102C2000F9F801463846FDF7EDFF494607464846A4
:102C3000FEF7F0F801463046FDF7E4FF4146064650
:102C40004046FEF7E7F801462846FDF7DBFF0BF1AB
:102C5000010B0546012399E7000000609EA0F63FA6
:102C600010180020C8B7002010B800200000000095
:102C70002DE9F04F144B95B01B7D13910446002BAA
:102C800040F08A81114A0792114A0692114A049231
:102C90000F4A1293A2F1180A0E4A4FF00009A2F14E
:102CA000100BDDE912128A421ADC53B10A4B029A68
:102CB000C3F808805F601E60084B5A60009A9D60F0
:102CC0001A6015B0BDE8F08F5804002010B800203D
:102CD00098020020C0000020B000002080020020E8
:102CE000206AFDF709FCA8A3D3E90023FDF75CFCEB
:102CF000FDF732FF8046E069FDF7FEFBA2A3D3E9B2
:102D00000023FDF751FCFDF727FF0746A069FDF7FB
:102D1000F3FB9DA3D3E90023FDF746FCFDF71CFF61
:102D2000079B0646F3E902010793FDF715FF079B92
:102D300060610090D3E92001FDF70EFF079B206141
:102D40000290D3E94001FDF707FF9149E060054695
:102D50004046FEF75FF8009A01461046FEF70EF96E
:102D60000090FDF7C9FBCDE90801DDE908230699CC
:102D70003846C1E94A238649FEF74CF8029B0146D2
:102D80001846FEF7FBF80290FDF7B6FBCDE90A0105
:102D90000699DDE90A233046C1E926237C49FEF77E
:102DA00039F801462846FEF7E9F80546FDF7A4FB89
:102DB000CDE90C01DDE90C230699E1E90223404647
:102DC0000691FDF799FB02460B46DDE90801FDF788
:102DD00015FDCDE90E01DDE90E2304993846C1E960
:102DE0004A23FDF789FB02460B46DDE90A01FDF7A0
:102DF00005FD049B07468846C3E926783046FDF763
:102E00007BFB02460B46DDE90C01FDF7F7FCCDE943
:102E10001001DDE910230499E1E902230022049165
:102E20004FF48013DDE90801FDF730FE08B1CDF85D
:102E30000090DDE90A0100224FF48013FDF726FE21
:102E400008B1CDF80890DDE90C0100224FF48013A1
:102E5000FDF71CFE00B14D46DDE90E0100224FF4E6
:102E60008013FDF713FE002840F08780494B0022B5
:102E7000DDE90E01FDF798FBFDF76EFE0646002228
:102E80004FF4801338464146FDF700FE002876D106
:102E9000404B002238464146FDF786FBFDF75CFEBD
:102EA0000746DDE9100100224FF48013FDF7EEFD27
:102EB000002866D1374B0022DDE91001FDF774FBD5
:102EC000FDF74AFE804600990846FDF7A3FFFDF78F
:102ED00013FB02460B46DAE94E01FDF7AFF9CAE9EA
:102EE0004E0102990846FDF795FFFDF705FB0246E6
:102EF0000B46DAE92A01FDF7A1F9CAE92A012946B8
:102F00002846FDF787FFFDF7F7FA02460B46DAE998
:102F10000601FDF793F9CAE9060131463046FDF78F
:102F200079FFFDF7E9FA02460B46DBE94C01FDF7B4
:102F300085F9CBE94C0139463846FDF76BFFFDF7C3
:102F4000DBFA02460B46DBE92801FDF777F9CBE90E
:102F5000280141464046FDF75DFFFDF7CDFA0B46DF
:102F60000246DBE90401FDF769F9129B0133129374
:102F7000CBE904013034012393E64E467FE74F4608
:102F80008FE7C8469FE700BF182D4454FB21194026
:102F9000F304B53F00408F40B94BBA4C586ADFF894
:102FA000E8B2FDF7DFFE0146FDF72CFE4FF06A5157
:102FB000FDF730FF06462068FDF7D8FE4FF07C5144
:102FC000FDF728FF3146FDF725FF0546E060606804
:102FD000FDF7CCFE4FF07C51FDF71CFF3146FDF7AD
:102FE00019FF20618146A068FDF7C0FE4FF07C51BB
:102FF000FDF710FF3146FDF70DFFA44960618046E3
:103000002846FEF7C3F800284CD02846FDF774FA8E
:1030100099A3D3E90023FDF7C7FAFDF79DFDDBE98E
:103020004E23DFF86CA2CDE90023DAE94C23CDE989
:103030000223984B04460146D86AFDF79FFFFDF72F
:103040005BFA06460F462046CBE95067FDF754FA77
:1030500002460B4630463946FDF7D0FB04460D4686
:1030600032463B46CAE94E4530463946FDF79CFAA2
:10307000DDE90023FDF7E2F8874BCBE94E010022A2
:1030800020462946FDF790FA22462B46FDF78CFA9A
:10309000814B0022FDF788FADDE90223FDF7CEF827
:1030A000CAE94C0179494846FEF770F800284CD02F
:1030B0004846FDF721FA70A3D3E90023FDF774FA1F
:1030C000FDF74AFDDBE92A34DFF8C491CDE900348D
:1030D000D9E92834CDE902346E4B06460146186B17
:1030E000FDF74CFFFDF708FA04460D463046CBE9E4
:1030F0002C45FDF701FA02460B4620462946FDF70E
:103100007DFB06460F4622462B46C9E92A67204624
:103110002946FDF749FADDE90023FDF78FF85E4BFC
:10312000CBE92A01002230463946FDF73DFA324606
:103130003B46FDF739FA584B0022FDF735FADDE939
:103140000223FDF77BF8C9E9280150494046FEF704
:103150001DF800284AD04046FDF7CEF9DFF830A12F
:1031600045A3D3E90023FDF71FFAFDF7F5FCDAE9E3
:103170000423CDE90023474B04460146586BFDF775
:10318000FDFEFDF7B9F906460F462046CBE9086774
:10319000FDF7B2F902460B4630463946FDF72EFBE5
:1031A000DBE9068904460D4632463B46CAE9064538
:1031B00030463946FDF7F8F942464B46FDF73EF8F2
:1031C000354BCBE90601002220462946FDF7ECF9F4
:1031D00022462B46FDF7E8F92F4B0022FDF7E4F9D4
:1031E000DDE90023FDF72AF8CAE90401DFF898B009
:1031F000DFF89CA0DBE9508942464B4640464946F1
:10320000FDF7D2F902460B46DBE94E01FDF716F851
:10321000DBE92C45CBE94E0122462B4620462946C8
:10322000FDF7C2F902460B46DBE92A01FDF706F875
:10323000DBE90823CBE92A0120462946CDE904230E
:10324000FDF7B2F902460B46DBE90601FCF7F6FF93
:10325000DAE94E23CBE9060110461946CDE90023F1
:10326000FDF7A2F902460B46DAE94C01FCF7E6FF4E
:1032700014E000BFAFF30080182D4454FB21194027
:103280003C200020B0B70020800200200000484011
:10329000B0000020C8B7002000408F40DAE92A23A0
:1032A000CAE94C0110461946CDE90223FDF77CF925
:1032B00002460B46DAE92801FCF7C0FFDAE90667A7
:1032C000CAE9280132463B4630463946FDF76CF9DB
:1032D00002460B46DAE90401FCF7B0FF1C4BCAE9D1
:1032E0000401002240464946FDF75EF9184BCBE940
:1032F0005001002220462946FDF756F9144BCBE930
:103300002C010022DDE90401FDF74EF90EA3D3E9FB
:103310000023CBE90801DDE90001FDF745F90AA327
:10332000D3E90023CAE94E01DDE90201FDF73CF9CA
:1033300005A3D3E90023CAE92A0130463946FDF73F
:1033400033F9CAE90601BCE40000000080842E4184
:1033500000408F402DE9F04F8DB000AF1C46BB6D93
:103360007A60073323F00703ADEB030DC7E90210C2
:10337000BA6DC7F828D00021684613F09EF804F50E
:1033800040733B61BB6D1E3B3B607B6803F10C0AE5
:10339000BB6803F10C09FB68002503F10C0800234E
:1033A0000426BD61FD62FB613B627B624EE0731CE3
:1033B0007B61BB6A9B5D002B41D1D8F804B0796A70
:1033C0005846FDF7E3FE70B1D8F800105846FDF7F7
:1033D000DDFE40B1D8F808105846FDF7D7FE10B111
:1033E000FE62C7F824B0D9F804B0396A5846FDF730
:1033F000CDFE70B1D9F800105846FDF7C7FE40B1B8
:10340000D9F808105846FDF7C1FE10B1BE61C7F8E3
:1034100020B0DAF804B0F9695846FDF7B7FE70B18C
:10342000DAF800105846FDF7B1FE40B1DAF808109E
:103430005846FDF7ABFE10B13546C7F81CB07E69A3
:103440000AF1040A09F1040908F104083B68B342CF
:10345000ADD87B6AA3603B6A6360FB692360FB6A4B
:10346000E362BB69BA69F96AC4E90953FB6A023DC0
:10347000023B023A0331002B05DBB86D9842C2BF14
:10348000B86A0126C654002A05DBB86D9042C2BF57
:10349000B86A01268654002D05DBB86DA842C2BF6C
:1034A000B86A012646550133994205F1010502F13A
:1034B0000102E0D13B6930349C427FF466AF34377F
:1034C000BD46BDE8F08F00002DE9F04F8FB0474CAE
:1034D000474A48494848DFF824B14FF40073009345
:1034E000474BFFF737FF606AFDF73CFC0146FDF7ED
:1034F00089FBA062424CDBF82838DBF82498DBF823
:1035000020A8DBF81C58089000260393A0463746F5
:103510000399D8F80800FDF739FE68B1D8F804001F
:103520004946FDF733FE38B1D8F800005146FDF7A3
:103530002DFE08B1013501260137102F08F13008A2
:10354000E6D10EB1CBF81C58DBF81C3813B90123B7
:10355000CBF81C382B4B049300230693274B069A79
:10356000D3F81C38DFF8A0A0934204F1300453D8FC
:10357000234CE36A206A03F5005302335AF82320F0
:10358000224B1A60A36A03F5E05302335AF8232052
:103590001F4B1A60636A03F5C05302335AF82320A5
:1035A0001C4B1A60FCF7A8FF02460B46D4E9C40185
:1035B000FCF744FEC4E9C401E069FCF79DFF024644
:1035C0000B46D4E9C601FCF739FEC4E9C601A0697F
:1035D000FCF792FF02460B46D4E9C801FCF72EFE29
:1035E000C4E9C8010FB0BDE8F08F00BF3C20002047
:1035F000A4B90020A4C10020A4C9002010180020F4
:10360000E804002010B8002070200020A0B900209D
:103610009CB9002098B9002054F8046C06F50053BA
:1036200001335AF8237006F50053033338465AF82D
:1036300023502946FDF7E4FA09903046FDF792FB46
:1036400001460C90FDF7DEFA01463846FDF7D8FA40
:103650002946FDF7D7FA01460998A54FFDF78EFCDC
:103660004FF07C51FDF7D6FB54F8083C039303F56B
:10367000E053013305465AF82390039BC7F804032F
:1036800003F5E053033348465AF823804146FDF7DB
:10369000B7FA0A900398FDF765FB01460D90FDF718
:1036A000B1FA01464846FDF7ABFA4146FDF7AAFAE2
:1036B00001460A98FDF762FC4FF07C51FDF7AAFB2A
:1036C00054F80C8CC7F8080308F5C0510131079075
:1036D0005AF821B008F5C051033158465AF82190E4
:1036E0004946FDF78DFA08F5C05102310B905AF8A2
:1036F0002130059319461846FDF784FA01465846CD
:10370000FDF77EFA4946FDF77DFA01460B98FDF775
:1037100035FC4FF07C51FDF77DFB4FF06A5183463D
:10372000C7F80C030898FDF775FB074601462846C5
:10373000FDF770FB0C9A814639461046FDF76AFB8F
:1037400001464846FDF75EFA394644F8100C0C90E5
:103750000798FDF75FFB0D9B814639461846FDF73C
:1037600059FB01464846FDF74DFA814644F8140CD2
:103770004046FDF7F7FA3946FDF74CFB39468046DF
:103780005846FDF747FB01464046FDF73BFA0C9AC9
:10379000584944F8180C074606F500561046FFF73E
:1037A00057F9023648465449FFF752F9384653490B
:1037B000FFF74EF95AF82600FCF79EFE06460998D8
:1037C0000F46FCF799FE4E4B0022FCF7EDFE8046BB
:1037D00028468946FCF790FE02460B46404649467D
:1037E000FCF7E2FE02460B4630463946FCF724FD64
:1037F000444D06460F4644486968FDF701FA4249C0
:10380000FDF7BCFBFCF778FE02460B463046394616
:10381000FCF7F4FF049BE3E902010493039B03F527
:10382000E05302335AF82300FCF766FE80460A98FC
:103830008946FCF761FE324B0022FCF7B5FE0646D6
:1038400007980F46FCF758FE02460B4630463946AD
:10385000FCF7AAFE02460B4640464946FCF7ECFC44
:1038600006460F462848A968FDF7CAF92649FDF71C
:1038700085FBFCF741FE02460B4630463946FCF715
:10388000BDFF049BC3E920010598FCF735FE064601
:103890000B980F46FCF730FE194B0022FCF784FE14
:1038A000804658468946FCF727FE02460B464046AE
:1038B0004946FCF779FE02460B4630463946FCF78E
:1038C000BBFC06460F461048E968FDF799F90E491A
:1038D000FDF754FBFCF710FE0B4602463946304616
:1038E000FCF78CFF049BC3E94001069B013334E6DF
:1038F000E80400200CB8002010B8002014B8002004
:103900000000D03F08B800200000C8422DE9F84F61
:103910000546061FDFF8A8A0D0F8FC0789469046A8
:10392000002440F2FF1B56F8041F5C450CBF2F68B3
:103930007768FDF767F93946FDF764F95146FDF7F9
:103940001DFB48F824000134B4F5007F05D0306831
:10395000E9E7214617E0204629E0002500244FF042
:103960007E5A00272646EB1BC3F30803214658F86E
:1039700023B05846FDF70AFC0028EAD059465046C5
:10398000FDF7FCFA01463046FDF73CF90137332FCD
:103990000646E8D10B49FDF7F1FA21460646FDF748
:1039A000F5FB0028D7D031465046FDF7E7FA49F835
:1039B00025000135B5F5007FD3D1BDE8F88F00BFF4
:1039C0000000404000004C422DE9F0412C4A2D49B6
:1039D0002D482C4CFFF79AFF2C4A2D492D48FFF714
:1039E00095FF2D4A2D492E48FFF790FF00254FF4F3
:1039F00000782E462F4654F8041B3846FDF702F98E
:103A0000D4F8FC1707463046FDF7FCF8D4F8FC1F45
:103A100006462846FDF7F6F8B8F101080546EAD152
:103A2000204C4FF06C51E760266160613846FDF72D
:103A3000F1F94FF06C51206007463046FDF7EAF986
:103A40004FF06C51606006462846FDF7E3F91649D1
:103A5000A06005463846FDF7DDF904F580541249AB
:103A6000C4F828083046FDF7D5F90F49C4F82408F2
:103A70002846FDF7CFF9C4F82008BDE8F08100BF63
:103A8000A4C900202808002078A00020A4C100209C
:103A90002810002078900020A4B9002028180020C9
:103AA00078800020100800200000704238B5184CC3
:103AB0004FF400552A460021204612F0FEFC2A460B
:103AC0000021A4F5005012F0F8FC2A4600214FF422
:103AD0008055A4F5804012F0F0FC2A46002104F540
:103AE000005012F0EAFC2A46002104F5405012F082
:103AF000E4FC2A46002104F5804012F0DEFC054B70
:103B000000229A605A601A60034B00229A6038BD06
:103B100078600020C8B7002070B000202DE9F04F79
:103B20008FB006460193189B0893199B09931A9B23
:103B30000A934B4B059018684A4B009106911968FF
:103B40000C91904607920B90FDF702FB041E18BFE4
:103B500001240EAB03EB840353F80C1C424B186892
:103B6000FDF714FB002875D184F0010A4FF002091B
:103B70000EAB03EB840503EB890755F8182C57F8B7
:103B8000181C03921046FDF73BF820F00043029307
:103B90000EAB03EB8A0B039A5BF8181C1046FDF77B
:103BA0002FF8324920F00040FDF7DCFA029BA8B95B
:103BB0002E4955F8246C1846FDF7D4FA00283AD15E
:103BC000304614F097FB2A49FDF724F90546002CEE
:103BD0003ED0012C14BF0320022029E023491846BF
:103BE000FDF7C0FAA0B100993046FDF70BF8414649
:103BF000FDF708F814F07EFB1D49FDF70BF90546AB
:103C00001C48019B1D601C4B18610FB0BDE8F08F74
:103C10005BF8241C55F8240CFCF7F4FF14F06AFB45
:103C20001349FDF7F7F8514605462046FEF7D2FD49
:103C3000FDF79CF8E5E757F8241C3046FCF7E2FF57
:103C400014F058FB0A49FDF7E5F849460546ECE74C
:103C50000120EDE74FF0000A02244FF0010987E749
:103C6000A0B900209CB9002098B900200000A04015
:103C700000007A440000F642800200202DE9F04F57
:103C8000DFF8B0A0DAE9064587B029462046FCF700
:103C900063FF059014F02EFB2749FDF7BBF8FCF7F6
:103CA0002BFCDAE92A67CAE9280139463046FCF7D5
:103CB00053FF834614F01EFB1F49FDF7ABF8FCF7DA
:103CC0001BFCDAE94E89CAE94C0149464046FCF73B
:103CD00043FF049014F00EFB1749FDF79BF8FCF727
:103CE0000BFC164B059ACAE9700199690291D969D2
:103CF00001911B6A0498009359460AF10C03FFF7DF
:103D00000DFF42464B4630463946FCF797FA2246AD
:103D10002B46FCF793FAFCF71FFF14F0EBFA064969
:103D2000FDF778F8FCF7E8FBCAE9720107B0BDE8D7
:103D3000F08F00BF8002002000007A44E8040020D9
:103D40002DE9F04FDFF8B0A0DAE9044587B0294645
:103D50002046FCF701FF059014F0CCFA2749FDF747
:103D600059F8FCF7C9FBDAE92867CAE926013946A0
:103D70003046FCF7F1FE834614F0BCFA1F49FDF70C
:103D800049F8FCF7B9FBDAE94C89CAE94A01494626
:103D90004046FCF7E1FE049014F0ACFA1749FDF739
:103DA00039F8FCF7A9FB164B059ACAE96E01996927
:103DB0000291D96901911B6A0498009359460AF14E
:103DC0000C03FFF7ABFE42464B4630463946FCF744
:103DD00035FA22462B46FCF731FAFCF7BDFE14F00B
:103DE00089FA0649FDF716F8FCF786FBCAE9700167
:103DF00007B0BDE8F08F00BFB000002000007A449B
:103E0000E80400202DE9F04F0022934D934B95B02C
:103E10001146022010F08EF8AB68B3F5806F40F0C9
:103E200018818F4C0294221F0192A4F10802009283
:103E30008C4AA4F13408A2F50051A1F50050FEF718
:103E400049FED8F82C10D8F83070D8F834600846FD
:103E5000FCF7E0FF394604463846FCF7DBFF014635
:103E60002046FCF7CFFE314604463046FCF7D2FF31
:103E700001462046FCF7C6FE14F03CFA7A4BC8F81F
:103E800038001F7D002F40F00581FEF719FCFFF779
:103E90009BFDFFF719FBFEF76BFE744B744CB3F8F8
:103EA0001C182046FEF7E4FE6F4B1B7D002B00F034
:103EB0006681D8F82C3005936E4B059A1A60D8F8B5
:103EC000303012936C4B129A1A606C4D6C4BD8F8D0
:103ED00034A0C3F800A0D5E94E34CDE90634D5E9C5
:103EE0002A34CDE90834D5E90634CDE90A34654BE6
:103EF000DDE90A01DE681F69D3F814B0FCF72CFE77
:103F00008146DDE90801FCF727FE0446DDE90601EC
:103F1000FCF722FE21465C4CCDF808B04A4605F17C
:103F20000C0301970096FFF7F9FDD4E94C23CDE986
:103F30000C23D4E92823CDE90E23D4E90423194620
:103F40001046CDE91023FCF707FE1390DDE90E01C2
:103F5000FCF702FE8146DDE90C01FCF7FDFD139A3A
:103F6000CDF808B004F10C03494601970096FFF71D
:103F7000D5FD51465046FCF74DFF12998246084642
:103F8000FCF748FF059981460846FCF743FF3F4B85
:103F9000CDF808B05246494601970096FFF7BEFD9E
:103FA000D8F810003A49FCF7E9FFDDE90823C8F822
:103FB0001000DDE90601FCF741F9DDE90A23FCF711
:103FC0003DF9FCF7C9FD14F095F93149FCF722FFE2
:103FD000FCF792FADDE90E23C5E97201DDE90C0177
:103FE000FCF72CF9DDE91023FCF728F9FCF7B4FD08
:103FF00014F080F92649FCF70DFFFCF77DFAC4E9BF
:104000007001FFF753FD184D18481C4900242C700F
:10401000C0F81C481B4D1C482C6000220023C1E93D
:104020000623C1E92A23C1E94E23C0E90423C0E9DC
:104030002823C0E94C23C5E90144C0E90623C0E9AF
:104040002A23C0E94E23C1E90823C1E92C23C1E991
:10405000502315B0BDE8F08F70B0002058890108DA
:10406000FCB70020786000205804002010180020C1
:10407000E8040020A0B900209CB9002080020020A4
:1040800098B90020B0B70020B0000020D8B70020B9
:1040900000007A444F4B9A68059200265A68D3F87C
:1040A00000901292A5F5104508960696002405F595
:1040B000804A2146DAF808B05846FDF75DF828B185
:1040C000DAF810002146FDF743F850B9214658466A
:1040D000FDF73EF848B1DAF810002146FDF74CF83C
:1040E00018B1059B0133CDE9053705F5005A214686
:1040F000DAF808B05846FDF73FF828B1DAF81000B2
:104100002146FDF725F850B921465846FDF720F81D
:1041100048B1DAF810002146FDF72EF818B1129BCD
:10412000089701331293D5F808A021465046FDF7B1
:1041300023F820B128692146FDF70AF848B921463D
:104140005046FDF705F838B128692146FDF714F807
:1041500010B109F101093E461F4B08359D42A6D119
:104160001C4B0EB1C3F80090089A0AB1129A5A601B
:10417000069A002A3FF491AE059A9A608DE6D8F827
:104180002810D8F82450D8F820700846FCF742FED2
:10419000294606462846FCF73DFE39460546384680
:1041A000FCF738FEA3690293E3690193236A009345
:1041B00032460A4B2946FFF7B1FC0949D8F81000EE
:1041C000FCF7DCFEC8F81000FFF758FDFFF7B8FD5C
:1041D00017E700BFB0B7002068400020D8B7002024
:1041E00000007A442DE9F047344D354B05F5104772
:1041F0001B78BE68B6F5806F39D2B3B3DFF8C480E0
:104200003149D8F80C00FCF7B9FE3049FCF702FE42
:10421000740004F102092C4945F82900D8F810006F
:10422000FCF7ACFE2949FCF7F5FD04F60209264926
:1042300045F82900D8F81400FCF7A0FE2349FCF744
:10424000E9FD41F20209631C04EB090AE11C4B443D
:1042500004F60304002245F82A00013645F821201F
:1042600045F8242045F82320BE60BDE8F087002BE8
:10427000FBD07A225C210120FDF73EFB114B5B2134
:104280001A780120FDF738FB002256210120FDF7A6
:1042900033FBC02258210120FDF72EFBE0225E21D6
:1042A0000120FDF729FBFFF7ADFD7B7C002BDCD166
:1042B000BDE8F047064806F0A1B900BF7020002015
:1042C000580400203C20002000007A440AE81C41E9
:1042D00070D200202DE9F04FDFF8108198F80330FC
:1042E00089B0002B6DD0424B1A78002A69D15B78D7
:1042F0000593002B65D13F4D0DF11F0205F51046CA
:104300001B210120FDF7E6FA9DF81F30B46883F009
:104310001003C3F30013B4F5806F337454D2364FD7
:104320003649F868FCF72AFE3549FCF773FD64004E
:1043300004F10208314945F828003869FCF71EFEEF
:104340002F49FCF767FD04F602092C4945F82900BE
:104350007869FCF713FE2A49FCF75CFD41F2020B79
:10436000631C5B4404EB0B0A002245F82A00E11CA5
:1043700045F8232004F6030445F8212045F82420BD
:1043800055F82A001D49FCF745FDFCF71FFF029078
:1043900055F829001949FCF73DFDFCF717FF01907E
:1043A000164955F82800FCF735FDFCF70FFF059A74
:1043B000144B0090114602200FF0BCFDB36801338E
:1043C000B36009B0BDE8F08FFFF71CFD347C002C12
:1043D000F7D10D4888F80340747406F00FF90B4BC1
:1043E0002246214602200FF0A5FDEAE7A4D10020D5
:1043F00058040020702000203C20002000007A4457
:104400000AE81C418289010870D200200B8901084A
:1044100010B5224C236833F07F433DD06378C3B19D
:10442000002216210120FDF767FA00221521012044
:10443000FDF762FA002273210120FDF75DFA0022E8
:1044400074210120FDF758FA002275210120FDF7A3
:1044500053FAA37813B1124B02221A7600225C2180
:104460000120FDF749FA00225B210120FDF744FA03
:10447000002256210120FDF73FFA00225821012099
:10448000FDF73AFA00225E210120FDF735FABDE87A
:104490001040044806F08CB810BD00BF580400203E
:1044A0003C20002070D20020F7B51F4D00F088FDA1
:1044B0002B6898421BD31D4FFE787EBB00F080FD19
:1044C0002B681B4C6433984288BF26702678731C77
:1044D000237076B900F074FD237800F5FA70286037
:1044E000324600933146134B02200FF023FD03B0F8
:1044F000F0BD00252A46104B2570294602200FF0FA
:1045000019FDFFF7D3FA0D4B0D485D610122FA70DA
:104510005A7403B0BDE8F04006F04AB800F050FD10
:1045200000F57A702860E2E7A8000020A4D10020FE
:10453000ACB700208E890108BD89010870B0002049
:1045400070D200201348144A08B54FF00043C0E968
:1045500000230422426101220023C2614FF48051F2
:104560000722C0E90233C0E90933C0E90C12036134
:104570000383837680F8203080F82C30826380F8C3
:104580003C30C36403F050F818B1BDE8084000F0B7
:104590003FBB08BDBCD10020002401400268084B8D
:1045A0009A4282B00AD14FF0B0431A6E42F40072C0
:1045B0001A661B6E03F400730193019B02B07047EF
:1045C000002401400268054B9A4201BF4FF0B042FF
:1045D000136E23F400731366704700BF002401407C
:1045E00030B585B000240546CDE901440394FFF7BA
:1045F000A9FF144803F0ACFB08B100F009FB114817
:10460000039401A9CDE9015403F06CF908B100F05D
:10461000FFFA0C4803F0C6FA08B100F0F9FA4FF0BF
:10462000FF31084803F000F9064803F073FB054822
:1046300003F054F90446034803F016FB204605B086
:1046400030BD00BFBCD10020014B024A1A60704748
:10465000BCD100200024014008B50948FFF7C0FF85
:1046600068B1084BB3F8AA304FF6FF72934216BFF9
:1046700040F6E442044B5343B3FBF0F398B208BD59
:10468000002000B40075FF1FD8084C0013B50023AC
:10469000ADF80630FFF7E0FF04461948FFF7A0FF2A
:1046A000184BB3F8C820B3F8A8108A4204FB00F0F6
:1046B00018D040F6E443B0FBF3F364205B1A4343A5
:1046C000521A93FBF2F31E331BB2ADF80630BDF85D
:1046D00006305BB21B02ADF80630BDF8060000B232
:1046E00002B010BD4FF47A7240F6FF73B0FBF3F3E3
:1046F0005343A3F53923A3F50C6340F6C412E0E756
:10470000001000B00075FF1F4FF0B04307B59A6C62
:1047100042F004029A649A6C02F004020192019A37
:104720009A6C42F001029A649B6C002203F0010330
:10473000009311460F20009B03F0A8FB0F2003B04D
:104740005DF804EB03F0D4BB08B503F04DFE10B1E7
:104750006FF0040008BD064B9A6942F040429A612E
:104760004CF2FA321A6103F051FE0028F2D0EFE762
:1047700000400058F0B585B000230D460093064672
:10478000A8B3FFF7E1FF044670BB03F02DFE88BB22
:104790001A481B4A02230193D0F8E01506F178432A
:1047A00002EA8121B3FBF1F701FB1733DB0A029325
:1047B000D0F8E00505F178410139314402EA802260
:1047C000B1FBF2F002FB1011C3EBD12301336946B8
:1047D00001A8039303F09AFE20B1022814BF6FF0E2
:1047E0000104012403F012FE204605B0F0BD6FF075
:1047F0000504F9E76FF00404F6E700BF0070FF1F3F
:1048000000FCFF03014B18600020704720D20020FD
:104810002DE9F04FB0F1006F89B006460F46904683
:10482000C0F0C080DFF89091644DD9F8E03505EA1A
:10483000832303F10063013B984200F2B380002917
:1048400000F0B38040EA02035B0740F0AE80FFF760
:104850007BFF044690BB03F0C7FD002840F0A88012
:10486000D9F8E015009705EA812106F17842B2FBFC
:10487000F1F301FB132208F17843013B3344B3FB0E
:10488000F1F001FB1033DB0A01334FEAD22AA3EB2C
:10489000D222012A039388BFC6F30A050AF580379E
:1048A000C6F108038CBFC5F500654546FF02B34657
:1048B0000693039B9A4505D303F0A8FD204609B053
:1048C000BDE8F08FA6F10803069A1A4495421CD859
:1048D000009B04950193CDF814B04FF00009059B9F
:1048E00009EB0301049B99453DD3009BAB442B444A
:1048F000A8EB0505B5F5006F009328BF4FF40065E0
:104900000AF1010A07F50067D3E753F8081F5A6850
:10491000B2F1FF3F08BFB1F1FF3FD5D0284B186877
:1049200010B96FF00504C7E727B14FF400623946AC
:104930000FF006FCDFF888900099D9F80030CBF32F
:104940000A001844AAB20FF0FBFB4FF4006138468E
:10495000FFF710FF00BBD9F8003001934FF400635C
:1049600005970493B9E7019B07914B4402930120FB
:10497000D3E9002303F084FD88B90799019BD1E9AD
:10498000000259F80310029B5B689A4208BF8842F4
:1049900005D109F10809A2E76FF001048CE76FF077
:1049A000030489E74FF0FF3488E76FF0050485E7DB
:1049B0006FF0040482E700BF0070FF1F00FCFF03DC
:1049C00020D20020B1F1006F70B510D30B4BD3F89B
:1049D000E0650B4B03EA862303F10063013B994238
:1049E00005D838B192B20FF0ABFB002070BD4FF08C
:1049F000FF30FBE76FF00500F8E700BF0070FF1F16
:104A000000FCFF03B0F1006F10B40DD3084BD3F8D6
:104A1000E045084B03EA842303F10063013B98421D
:104A200002D810BCFFF7A6BE4FF0FF3010BC704795
:104A30000070FF1F00FCFF034FF0B04382B0DA6C40
:104A40000243DA64DB6C03400193019B02B07047C0
:104A5000F0B587B01422002101A811F02EFD04202A
:104A6000FFF7EAFF0220374DFFF7E6FF0120FFF7CF
:104A7000E3FF8020FFF7E0FF2021002228460024EA
:104A800003F0B2FE03264FF64A6301A92846CDE99A
:104A90000136039403F088FD42F2440301A92A4839
:104AA0000394CDE9013603F07FFD48F2F37301A9C9
:104AB0004FF09040CDE901360827039403F074FDD0
:104AC00001A922480394CDE9017603F06DFD022689
:104AD00004224FF4041301A92846CDE901230396CB
:104AE00003F062FD4FF488134FF4C871CDE9011350
:104AF000284601A9039603F057FD01232020CDE9A4
:104B0000010301A92846CDE9036403F04DFD2246C7
:104B10002146384603F0BAF9384603F0E9F922464F
:104B200021460A2003F0B2F90A2003F0E1F92246F7
:104B30002146162003F0AAF9162003F0D9F907B090
:104B4000F0BD00BF0004004800080048001C0048F9
:104B500000B59BB04822002108A811F0AEFC1C2231
:104B6000002101A811F0A9FC04F01CFA4FF0B0429A
:104B70000120D2F8903023F01803C2F89030D2F818
:104B8000003423F4C06343F40073C2F80034D2F855
:104B9000003403F4C0630093009B24230893812313
:104BA0000B930023CDE91003B02208A8CDE912230E
:104BB00004F070FB08B172B6FEE74F23CDE9013077
:104BC000CDE9030005900790022101A804F0FCFD47
:104BD00008B172B6FEE71BB05DF804FB08B502F041
:104BE0007FFCFFF7B5FFFFF733FF00F073FD00F028
:104BF00097FA00F07BFA4FF4FA7000F0E9F90348F5
:104C000005F0D6FC00F06DFDFCE700BFBCD2002033
:104C100072B6FEE700B58DB02C22002101A811F07C
:104C20004CFC1748174B03601F2383604FF08042F2
:104C30000023C0E90433C0E9072383614FF4807384
:104C4000436205F081F808B1FFF7E2FF0C4805F078
:104C5000A7F908B1FFF7DCFF4FF0005300220793DC
:104C6000074808924FF4807301A9029206920B93B1
:104C700005F0CAF808B1FFF7CBFF0DB05DF804FBF3
:104C800024D200200028004010B5044690B03822FD
:104C9000002102A811F011FC2268194B9A422CD174
:104CA0004FF48033029302A84FF480730F9304F003
:104CB000C9FE08B1FFF7ACFF4FF0B0430220D3F8B4
:104CC000902042F40042C3F890209A6D42F4806232
:104CD0009A659B6D002203F4806311460193019B4A
:104CE00003F0D4F8022003F003F900222A20114631
:104CF00003F0CCF82A2003F0FBF810B010BD00BF81
:104D0000002800407047000008B502F0FFFB044B8C
:104D10000120C3F88800BDE8084004F09BB900BF3B
:104D20000004005802F0F9BB08B502F0F6FBBDE83C
:104D3000084000F069BC08B502F0E8FBBDE8084097
:104D40000121002004F036B970477047FEE7FEE706
:104D5000FEE7FEE7FEE7704770477047FCF788BC48
:104D6000014805F043B900BF24D20020042003F01D
:104D700059BD102003F056BD014803F0A3BA00BF8F
:104D800010D3002008B5802003F04CFDBDE808409A
:104D9000014803F0FDBA00BF20B10020014805F032
:104DA00049BC00BFBCD20020014805F043BC00BF95
:104DB00070D20020014805F035BE00BF70D300203E
:104DC000014804F047BF00BF24D20020014805F08D
:104DD00036BB00BF5CD20020054808B5082303603D
:104DE00005F04AF918B1BDE80840FFF711BF08BD4A
:104DF0005CD200204FF0B04307B55A6E42F001027A
:104E00005A665B6E002203F00103019311463220C3
:104E1000019B03F03BF8322003B05DF804EB03F094
:104E200067B800000CB407B5054A05AB1021019323
:104E30000FF052FC03B05DF804EB02B0704700BF06
:104E4000FC89010830B585B0044602A80D460FF074
:104E5000BBFABDF90C30064A00931021029B204694
:104E6000FFF7E0FF2046FBF7DBF9288005B030BDF7
:104E7000FC8901084FF0B04210B5936823F4004359
:104E800093600FF0DDFA0E4B01241C7000F0A6F8C1
:104E90000EF0E6FF0B480EF0FDFF0B4B4FF4004207
:104EA0001A6102200EF0FCFFFFF7CEFB00F0C4F801
:104EB0000FF0F0F821462046BDE810400FF00AB987
:104EC00068D20020454E0008004000580FF018B985
:104ED00008B5FFF7C1FB40F6B83398420CD8B0F5DF
:104EE000E16F0BD3FE23A0F5E16058434FF49663C6
:104EF000B0FBF3F0C0B208BDFE20FCE70020FAE7EB
:104F00007FB5684600F07CF80198FCF75FF900B2C5
:104F100007B05DF804FB0000194A38B5D2F88035B7
:104F2000591C044619D102F0FFFA054602F008FBAD
:104F3000054402F0FFFA2B0EE3712B0CA3712B0A30
:104F40006371030EE370C0F30742C0F307232571BA
:104F5000C0B2A2706370207038BD190AC37181712C
:104F6000190C1B0E41710371D2F88435C370D2F84D
:104F70008405C0F30722C0F30743000EE9E700BF32
:104F80000070FF1F38B5094BD3F88035036001333B
:104F9000054609D102F0C8FA044602F0CBFA4440B3
:104FA00002F0CEFA44402C6038BD00BF0070FF1FF5
:104FB000012102200FF078B8002102200FF074B810
:104FC000024B187808B100F03FB9704768D2002052
:104FD00082B00190019802B000F0D2B9074A08B53A
:104FE000D2F8903043F48043C2F8903002F0AEFA29
:104FF00002F0B4FABDE8084002F0B8BA0008005860
:1050000010B50446FFF742FB074BA36040F30F20A7
:10501000FBF7ACFE054B064A2360064B6060C4E913
:105020000323002010BD00BF0000484200007A4466
:105030000D093E00AB0305000020704701207047BA
:1050400008B511F08DFA162303604FF0FF3008BD4C
:1050500008B511F085FA16230360FEE770B50D461A
:1050600014460E46731B9C4201DC204670BDAFF314
:10507000008006F8010BF5E770B50D4614460E46A4
:10508000731B9C4201DC204670BD16F8010BAFF388
:105090000080F5E74FF0FF3070474FF400534B604E
:1050A0000020704701207047002070470B4A1168AC
:1050B00010B5034609B90A491160106809490A4C3C
:1050C0000344091B8B4206D911F04AFA0C230360F2
:1050D0004FF0FF3010BD1360FCE700BF6CD2002022
:1050E000B8F5002000000120000800000A480B4A23
:1050F00008B52F23C0E90023002340F2E732C0E9BE
:105100000232C0E90433836105F076FB18B1BDE8D3
:105110000840FFF77DBD08BDBCD20020004401401F
:105120000E4B0F480F4A596A2F2310B5C0E90023D0
:105130000D4B00224C00A3EB4103B3FBF4F3053B02
:10514000C0E90332802382604261836105F054FB31
:1051500018B1BDE81040FFF75BBD10BD3C2000203A
:1051600070D200200048014040420F0007B503689C
:10517000184A934215D14FF0B0431C201A6E42F4E6
:1051800000321A661B6E002203F4003300931146AE
:10519000009B02F07BFE1C2003B05DF804EB02F0E4
:1051A000A7BE0D4A934211D14FF0B0431D201A6E95
:1051B00042F480221A661B6E03F4802301930022BE
:1051C0000521019B02F062FE1D20E5E703B05DF8BA
:1051D00004FB00BF0044014000480140014B186837
:1051E000704700BF08D300200320704708B5014670
:1051F0004FF47A7200238002890DFCF72DF808BD68
:105200004FF47A73A0FB0303800A40EA835070478F
:10521000034B98689A689042FBD1C043704700BF27
:105220000028004008B5FFF7F3FF014B186008BDE8
:1052300008D3002008B5FFF7EBFF024B1B68C01A2C
:1052400008BD00BF08D30020024B187808B1FFF753
:10525000DFBF70470CD3002010B5074B074C01226D
:10526000DA654FF48071204604F0BAFC4FF0FF334A
:105270002363002010BD00BF0028004024D200207E
:1052800002460021014804F0C2BE00BF24D2002023
:1052900002460121014804F0BABE00BF24D200201A
:1052A00010B58CB02C220021044601A811F005F99C
:1052B000FFF7D2FF0C4B0D481B681C4400230893DA
:1052C00006934FF00053E443079301224FF4807399
:1052D00001A902940B9304F097FD08B1FFF798FC25
:1052E00000200CB010BD00BF08D3002024D2002045
:1052F00038B50546FFF78CFF02210446074804F045
:105300008DFEC4F309024FF47A71A2FB0121920AC7
:10531000A30A2A8043EA805038BD00BF24D200206F
:105320000148002104F07ABE24D200200148012166
:1053300004F074BE24D20020F8B50F4D2E78CEB9FB
:105340000E4C4FF0FF372763FFF764FCFFF784FF35
:105350004FF48071204604F043FC2046276304F09C
:1053600001FE32462046022104F051FEFFF75AFFAB
:1053700001232B700020F8BD0CD3002024D2002084
:10538000014610B54FF47A7200238002890DFBF7B5
:1053900063FF0146FFF73CFF0446FFF739FF031B9D
:1053A0008B4200D310BD00BFF7E70FF051B90000EA
:1053B00010B5064C0221204604F030FE0221421CAA
:1053C0002046BDE8104004F022BE00BF24D20020D9
:1053D0001648174A08B54FF41653C0E900230023B6
:1053E0000C22C0E90233C0E90523C0E90733C0E954
:1053F0000933036106F0FFF808B1FFF709FC0B4819
:10540000002106F070FA08B1FFF702FC07480021FE
:1054100006F089FA08B1FFF7FBFB044806F043FAEF
:1054200018B1BDE80840FFF7F3BB08BD70D30020FA
:105430000044004030B597B005461422002103A86F
:1054400011F03BF83822002108A811F036F82A683C
:105450002C4B9A4253D10223089308A82A4B0A9353
:1054600004F0F0FA08B1FFF7D3FB4FF0B04301218D
:105470009A6D264C42F400329A659A6D02F400321D
:105480000292029ADA6C42F00102DA64DB6C03F0F9
:10549000010301930C22019B0223CDE90323032383
:1054A000CDE905134FF09040072303A9079303F0BC
:1054B0007BF817481423C4E900034FF0100C0023B5
:1054C00080222046C4E902C3C4E90423C4E90633A8
:1054D000236202F081FD08B1FFF79AFB0B4810210F
:1054E00002F046FF08B1FFF793FB00222520EC678E
:1054F0001146A56202F0CAFC252002F0F9FC17B0A3
:1055000030BD00BF0044004004000C0010D3002058
:105510005800024002680C4B9A4210B5044612D162
:105520004FF0B0420C21936D23F4003393654FF09C
:10553000904003F0E5F8E06F02F0C0FDBDE81040D8
:10554000252002F0E3BC10BD0044004008B50A4627
:105550000146024805F0CAF9002008BD70D30020BA
:1055600013B5114B114C18604FF40013009302ABAC
:1055700013E90600204606F03AF92368DA69D103F8
:10558000FCD4DA695202FCD59A68084842F48002D9
:105590009A6006F072F906490448012206F0E0F824
:1055A000002002B010BD00BF04D4002070D3002042
:1055B0000CD4002008B5074B1860FFF7A5F8FFF7DB
:1055C00007FF054AD2F8803043F00063C2F880300C
:1055D000002008BD08D400200008005808B54FF08E
:1055E000B04308489A6B42F400329A639A6B22F4F3
:1055F00000329A63FFF78EFF0F2002F087FC002035
:1056000008BD00BF70D3002008B5074805F0F3FFC0
:1056100008B1FFF7FDFA054802F0DEFC18B1BDE85D
:105620000840FFF7F5BA08BD70D3002010D3002062
:105630000268044B9A4203D1034B00201B681847B1
:10564000704700BF0044004008D4002002680B4BA4
:105650009A4210B504460FD1094B1B682BB1D0F804
:10566000902012B907480121984720460549BDE816
:105670001040012206F074B810BD00BF0044004085
:1056800004D400200CD40020014B00221A70704773
:105690000DD40020014B1878704700BF0DD40020B6
:1056A00010B5034C034922780EF04AFD207810BD56
:1056B0000DD400200ED4002010B504490446F22277
:1056C0000348FCF79DFC204610BD00BF0DD4002010
:1056D0000ED4002008B5FFF7CDFBBDE8084000F070
:1056E00087BA4FF0FF300EF06FBD70477047000073
:1056F000014BD870704700BFA4B00020014B187454
:10570000704700BFA4B0002007B5064B00221B5C09
:1057100000931146044B02200EF00CFC03B05DF820
:1057200004FB00BF728A0108588A010808B50220EC
:1057300000210EF011FDBDE8084001480EF036BF13
:1057400054D60020002101200EF006BD10B54EF603
:105750006023084C002818BF0346074823600EF05A
:10576000D7FE216804480EF05BFFBDE810400248F8
:105770000EF01CBFA0B0002054D600201FB5044678
:10578000002837D00378002B2ED01F480EF00EFFD4
:10579000002211461D4B02200EF0CCFB94F918306C
:1057A000039394F90A300293237C0193E3680093F6
:1057B00000221146164B03200EF0BCFB0022154BB5
:1057C000114602200EF0B6FB237A012B14D1617A28
:1057D000114A124B002918BF1346002200931146AC
:1057E0000F4B02200EF0A6FB0E492046FCF73EFBB5
:1057F0000D4B186004B010BD00220C4B1146022066
:105800000EF098FBF0E700BF30D500207B8A01083E
:10581000AC8A0108DD8A0108778A0108768A0108C6
:10582000EA8A010854D60020A0B00020FB8A0108B3
:1058300037B5044628B390F9065025BB13480EF03F
:1058400067FE134B2A46294602200EF073FBE379CC
:10585000012B0CBF0F4B104B0022114602200EF003
:1058600069FB94F90600FCF7B3FA94F9053001934B
:1058700094F9043000930022084B114603200EF0E7
:1058800059FB03B030BD064BE6E700BF00D5002052
:10589000098B01081E8B01083B8B01086F8B0108E7
:1058A000588B01080A460149FFF78CB800F003083D
:1058B00038B51B480EF02CFE06F09EFC044650B195
:1058C0000022184B114602200EF034FBBDE8384090
:1058D00015480EF06BBE154B154D024601460220D1
:1058E0000EF028FB134B1B78012B11D10220124B19
:1058F0002870224621460EF01DFB104806F008FBDA
:105900002878012106F05CF805480EF04FFEDDE72F
:1059100001232B7022460A4B21460220EBE700BFF1
:1059200054D60020988B01083CD60020B68B010885
:10593000A4000020A5000020CA8B0108A4B000200C
:10594000EA8B010800B503468DB000282CD04078C2
:1059500002280AD003282AD0164B00221146022022
:105960000DB05DF804EB0EF0E5BA1A7F0B92DA7E0B
:105970000A929A7E09925A7E08921A7E0792DA7DDE
:1059800006929A7D05925A680492DA68039293F916
:1059900014200292B3F9122001921B7C0093002282
:1059A000054B11460EF0C6FA0DB05DF804FB034B33
:1059B000D3E700BF098C0108208C0108928C0108F4
:1059C00001284FF000020CBF024B034B114602208E
:1059D0000EF0B0BAB18C0108C38C0108054B1A78DF
:1059E000054B1B789A4203D1002108200EF0B4BB6E
:1059F000704700BFA4000020A500002008B506F0F5
:105A000004FC80B906F0C2F801280CD1BFF34F8F17
:105A10000549064BCA6802F4E0621343CB60BFF34A
:105A20004F8F00BFFDE708BD00ED00E00400FA0560
:105A300030B5044687B00D46002953D02A480EF0F1
:105A4000B5FD2B78EBB1E4B16368D3B11B7801935A
:105A5000237800930022254B114602200EF06AFAAB
:105A60002378022B2ED0032B0BD16378012B08D186
:105A700063681878012802D0022800D008B906F01F
:105A800079F92B7C052B16D895F90A20059295F902
:105A900009200492164A52F82330039395F90830EE
:105AA000029323780193EB6800930022114B114677
:105AB00003200EF03FFA2946204607B0BDE83040EB
:105AC000FCF7CEB86378012BDBD163681A7812F04B
:105AD000010216BF0022084B084B114603200EF0AE
:105AE00029FACEE707B030BD18D50020D78C0108C1
:105AF00008B10020078D0108F48C0108FE8C010814
:105B000038B504460D4607484FF40061FEF77AFFAA
:105B100030B92A4621460348BDE83840FEF778BE32
:105B200038BD00BF00F0030810B506F003FC10F10B
:105B3000080F07D1064B0022BDE810401146022095
:105B40000EF0F8B9013001D1024BF4E710BD00BFEF
:105B50004E8D0108648D010837B506F02BF8044618
:105B6000002837D11C4D02232B70FFF78DFD2046F6
:105B7000FFF7A2FD194C6868FFF792FDFFF78AFD59
:105B8000637A687033B106F001F8012802D120462B
:105B90000EF0BEFC124B1048D978002206F020F817
:105BA000024638B90F4B0146012003B0BDE8304032
:105BB0000EF0C0B906320DD105F0E2FF50B100225F
:105BC0004FF47A731146B0FBF3F0074B00900120BD
:105BD0000EF0B0F903B030BD98B0002000D5002021
:105BE000A4B000207C8D01088B8D010870477047A0
:105BF000F0B587B0002401250327504B02942246BC
:105C00002146CDE900570220022605940EF092F9B4
:105C10000623CDE900632246494B029521463046D2
:105C20000EF088F9474B009522462146CDE90175D3
:105C300030460EF07FF905A9204606F0CBFA059B09
:105C4000C3F307220292C3F307421B0E0192009393
:105C500022463D4B214630460EF06CF905A92846F8
:105C600006F0B8FA059BDAB20392C3F30722029258
:105C7000C3F307421B0E019200932246334B214689
:105C800030460EF057F9324B3248009422464FF41A
:105C9000FA710EF0DFFB304B3048009422464FF48F
:105CA000FA710EF0D7FB2E4B2E4800942A464FF483
:105CB000FA710EF0CFFB2046FEF7A4FD08B1FEF707
:105CC000A7FF294B009400224FF4FA6127480EF0F9
:105CD000C1FB274A002101200EF008FB254A0021C4
:105CE00002200EF003FB244A002104200EF0FEFAED
:105CF000224A002108200EF0F9FA00F051F820495C
:105D0000204806F01DFA204806F002F9FBF750FC87
:105D100014480EF04BFC1D4B0121187805F050FE85
:105D20001B4900941B4B09681B4800220EF092FB94
:105D300019480EF03BFC07B0F0BD00BFA98D01086B
:105D4000CA8D0108EB8D01080C8E01082D8E01080B
:105D5000EB56000830D50020EF5B000818D5002076
:105D6000ED5B000800D50020DD5900083CD600207E
:105D700015BD0008595B0008295B0008B1580008F0
:105D800000000301BCB00020A4B00020A40000204B
:105D9000A0B000202D57000854D60020FBF7A8BC67
:105DA000034B0022C3E902220122C3E9002270470B
:105DB0006CD60020004870476CD6002008B501F072
:105DC000DDFB08BD08B501F003FC08BD00207047ED
:105DD00008B501F01BFC08BD08B501F019FC08BDB1
:105DE00001F018BC0D48854601F053FB0C480D49E5
:105DF0000D4A002302E0D458C4500433C4188C4226
:105E0000F9D30A4A0A4C002301E013600432A2428B
:105E1000FBD310F0ABFBFEF7E1FEFEE70000012034
:105E2000000000200CB40020F42C020810B4002064
:105E3000B4F50020FEE70000114A08B513680BB95D
:105E4000002008BD013B1360002BF9D14FF0B04298
:105E50004FF40061936D23F4800393654FF09040FD
:105E600002F04EFC4FF090404FF4805102F048FC9D
:105E7000044802F06DFE0028E2D06FF00700E0E772
:105E80007CD6002080D600201FB54FF48054CDE989
:105E90000134009201230A460146074802F072FECF
:105EA00040B1054803F029F8042814BF6FF003003F
:105EB0006FF0650004B010BD80D600201FB54FF410
:105EC0008054CDE90134009201230A460146074877
:105ED00002F032FF40B1054803F00FF8042814BF68
:105EE0006FF003006FF0650004B010BD80D6002095
:105EF000FFF766B8134A144B70B50026C0E90023BB
:105F00000123C0E90263C0E90466C0E906660662CF
:105F1000044602F0C7FD31460546204602F0EFFF79
:105F20000543EDB2AD1B3146204618BF012503F0F5
:105F30000CF8B04218BF01254FF4001003F02AF806
:105F4000284670BD00580040190B20002DE9F04391
:105F50002F4A304E304B33601368591C97B0116094
:105F60001BB1002017B0BDE8F083304602F0C2FF3D
:105F700005460028F5D13422014609A810F09DFA03
:105F80004FF0B0448023089308A84FF440230E93A9
:105F900003F058FDE36C43F00103E364E36C03F0AA
:105FA00001030293029B4FF012094FF400634FF07C
:105FB0000108042703A94FF09040CDE90339CDE94A
:105FC0000585079702F0F0FA4FF4805303A94FF0CC
:105FD0009040CDE90339CDE90585079702F0E4FA51
:105FE000A36D43F48003A365A36D03F480030193C1
:105FF0003046019BFFF77EFF014610B16FF00700AE
:10600000B0E7304602F07BFF0028AAD0F6E700BFD9
:106010007CD6002080D600200058004040F20112BB
:106020004FF47A63C1E9002300201023C1E9023054
:10603000024B0B614B6100238B6170470058D045C8
:1060400010B44469007BA44610BC604710B40469D6
:10605000007BA44610BC604710B590F83130012B8E
:10606000044608D090F83310203000F07FFE20B9AD
:10607000012384F83130002010BD4FF0FF30FBE7E2
:1060800070B590F831500C46012D06464649204621
:1060900047D1FBF767F800282BD144492046FBF78E
:1060A00061F800282FD142492046FBF75BF860BB1E
:1060B00040492046FBF756F848BB3F492046FBF7CE
:1060C00051F830BB3D492046FBF74CF818BB3C4922
:1060D0002046FBF747F800BB3A492046FBF742F859
:1060E000E8B939492046FBF73DF8002814BF0925D7
:1060F0000A25294606F1200000F038FE003818BFB6
:106100000120404270BD0225F3E70325F1E7042595
:10611000EFE70525EDE70625EBE70725E9E7082585
:10612000E7E7FBF71FF800282ED120492046FBF7B0
:1061300019F858BB1E492046FBF714F840BB1D490F
:106140002046FBF70FF828BB1B492046FBF70AF84F
:1061500010BB1A492046FBF705F8F8B91849204644
:10616000FBF700F8E0B917492046FAF7FBFFC8B97A
:1061700015492046FAF7F6FF002814BF09230A2321
:1061800086F833300020BDE70123F9E70223F7E763
:106190000323F5E70423F3E70523F1E70623EFE7FD
:1061A0000723EDE70823EBE7000048410000D0415A
:1061B000000050420000D042000050430000D04395
:1061C000004050440040D04400405045022908B5EA
:1061D0000DDD04290DDD0829CCBF0121032120306C
:1061E00000F0C0FB003818BF0120404208BD00216C
:1061F000F5E70221F3E710B590F83230012B0446A1
:1062000008D090F83410203000F050FE20B901235F
:1062100084F83230002010BD4FF0FF30FBE7000063
:1062200070B590F832500C46012D0646464920467E
:1062300047D1FAF797FF00282BD144492046FAF7B7
:1062400091FF00282FD142492046FAF78BFF60BB0F
:1062500040492046FAF786FF48BB3F492046FAF7F7
:1062600081FF30BB3D492046FAF77CFF18BB3C4913
:106270002046FAF777FF00BB3A492046FAF772FF4B
:10628000E8B939492046FAF76DFF002814BF0925FF
:106290000A25294606F1200000F008FE003818BF44
:1062A0000120404270BD0225F3E70325F1E70425F4
:1062B000EFE70525EDE70625EBE70725E9E70825E4
:1062C000E7E7FAF74FFF00282ED120492046FAF7DA
:1062D00049FF58BB1E492046FAF744FF40BB1D4901
:1062E0002046FAF73FFF28BB1B492046FAF73AFF42
:1062F00010BB1A492046FAF735FFF8B9184920466D
:10630000FAF730FFE0B917492046FAF72BFFC8B972
:1063100015492046FAF726FF002814BF09230A234F
:1063200086F834300020BDE70123F9E70223F7E7C0
:106330000323F5E70423F3E70523F1E70623EFE75B
:106340000723EDE70823EBE7000048410000D041B8
:10635000000050420000D042000050430000D043F3
:10636000004050440040D0440040504570B500F11A
:10637000200405460121204600F009FC10B14FF031
:10638000FF3070BD0121204600F04DFC0028F6D101
:106390000121204600F030FC0028F0D101212046E8
:1063A00000F041FC0028EAD10121204600F09CFBCE
:1063B00001460028E3D1204600F04CFC01460028AD
:1063C000DDD1042685F83360204600F0CFFC01467D
:1063D0000028D4D1204600F0C5FA01460028CED1CD
:1063E00085F83460204600F061FD0028C7D10C21FB
:1063F000204600F012FB0028C1D1012385F830307F
:10640000BFE77D2908B514DDFA2914DDB1F5FA7F5F
:1064100013DDB1F57A7F12DDB1F5FA6FCCBF012142
:106420000C21203000F0F9FA003818BF012040425A
:1064300008BD0221F5E70021F3E70421F1E7082177
:10644000EFE708B5203000F0D0FB003818BF01207E
:10645000404208BD38B590F83130044693B100F1A0
:10646000200500F13301284600F0A8FA014610B1DA
:106470004FF0FF3038BD284600F078FC0028F7D1F7
:1064800084F831000020F5E713B50C4620300DF1FB
:10649000070100F093FA18BB9DF807300A2B1FD8AC
:1064A000DFE803F0060A0C0E10121416181A1C006E
:1064B0000023236002B010BD0B4BFAE70B4BF8E74B
:1064C0000B4BF6E70B4BF4E70B4BF2E70B4BF0E70C
:1064D0000B4BEEE70B4BECE70B4BEAE70B4BE8E71C
:1064E0004FF0FF30E6E700BF000048410000D04118
:1064F000000050420000D042000050430000D04352
:10650000004050440040D044004050450058D04521
:1065100013B50C4620300DF1070100F03AFA88B9A6
:106520009DF80730032B0DD8DFE803F0020A0608B8
:10653000064B236002B010BD054BFAE7054BF8E7A8
:10654000054BF6E74FF0FF30F4E700BF23DB793D62
:1065500023DBF93D23DB793E23DBF93E13B50C4603
:1065600020300DF1070100F014FA88B99DF80730CA
:10657000032B0DD8DFE803F0020A0608022323608C
:1065800002B010BD0423FAE70823F8E71023F6E76A
:106590004FF0FF30F4E713B50C462030694600F0A9
:1065A000D8FA50B9BDF800302380BDF802306380BE
:1065B000BDF80430A38002B010BD4FF0FF30FAE701
:1065C0007FB504460D46002302A92030019300F058
:1065D000C0FA20B14FF0FF34204604B070BD204611
:1065E00001A9FFF795FF04460028F3D1019EBDF9EC
:1065F0000800FAF7BBFB3146FAF70CFCFAF7E6FDA8
:106600002860BDF90A00FAF7B1FB3146FAF702FC3F
:10661000FAF7DCFD6860BDF90C00FAF7A7FB31461C
:10662000FAF7F8FBFAF7D2FDA860D5E738B590F88D
:106630003230044693B100F1200500F134012846C0
:1066400000F026FA014610B14FF0FF3038BD284661
:1066500000F02CFC0028F7D184F832000020F5E788
:1066600010B50446FFF7F6FE10B14FF0FF3010BD35
:106670002046FFF7DBFF0028F7D184F8330084F8C9
:10668000340084F83000F2E713B50C4620300DF1E9
:10669000070100F0FDF918BB9DF807300A2B1FD841
:1066A000DFE803F0060A0C0E10121416181A1C006C
:1066B0000023236002B010BD0B4BFAE70B4BF8E749
:1066C0000B4BF6E70B4BF4E70B4BF2E70B4BF0E70A
:1066D0000B4BEEE70B4BECE70B4BEAE70B4BE8E71A
:1066E0004FF0FF30E6E700BF000048410000D04116
:1066F000000050420000D042000050430000D04350
:10670000004050440040D044004050450058D0451F
:1067100013B50C4620300DF1070100F095F9D0B902
:106720009DF807300C2B16D8DFE803F00B13071584
:106730000D1515150F1515151100084B236002B026
:1067400010BD074BFAE7074BF8E7074BF6E7074B97
:10675000F4E7074BF2E74FF0FF30F0E700008C4022
:1067600000000C4100008C4100000C4200008C42F3
:1067700000000C4313B50C4620300DF1070100F06A
:1067800063F9F0B99DF807300C2B1AD8DFE803F055
:106790000B1607190D1919191019191913007D2352
:1067A000236002B010BDFA23FAE74FF4FA73F7E75B
:1067B0004FF47A73F4E74FF4FA63F1E74FF47A6336
:1067C000EEE74FF0FF30ECE713B50C46203069469A
:1067D00000F0A1F950B9BDF800302380BDF80230B7
:1067E0006380BDF80430A38002B010BD4FF0FF30CD
:1067F000FAE77FB504460D46203002A900F08BF978
:1068000020B14FF0FF34204604B070BD204601A9EE
:10681000FFF77EFF04460028F3D1019EBDF9080072
:10682000FAF7A4FA3146FAF7F5FAFAF7CFFC28603E
:10683000BDF90A00FAF79AFA3146FAF7EBFAFAF7D5
:10684000C5FC6860BDF90C00FAF790FA3146FAF71A
:10685000E1FAFAF7BBFCA860D5E708B520300123C0
:1068600000F04CF8003818BF0120404208BD07B5C1
:1068700001238DF8072020300DF1070200F044F8C5
:10688000003818BF0120404203B05DF804FB00004F
:1068900010B5044610B94FF0FF3010BD4A680B68C0
:1068A00042608A68036082600A7B02730A6902613F
:1068B0004A6942618A6982610E4A42620E4A0262F4
:1068C000CA69C0E90A20002BE5D098470028E2D128
:1068D000A368022BE1D194F83030002BDDD10C22DB
:1068E00012212046FFF7C3FF003818BF01204042A5
:1068F000D3E700BF416000084D60000810B4446851
:10690000C068A44610BC604710B40468C068A446C0
:1069100010BC604708B5FAF729FA0249FAF77AFA83
:1069200008BD00BF23DB793D08B5FAF71FFA02491D
:10693000FAF770FA08BD00BF23DBF93D08B5FAF796
:1069400015FA0249FAF766FA08BD00BF23DB793E63
:1069500008B5FAF70BFA0249FAF75CFA08BD00BF6E
:1069600023DBF93E37B501230D4601AA1021044669
:10697000FFF7C4FF58B99DF8043065F383038DF821
:10698000043001AA012310212046FFF7BDFF03B008
:1069900030BD13B501230C4601AA1021FFF7AEFF4D
:1069A0009DF80430C3F38103022B04D0032B02D0E3
:1069B0005A1E53425341237002B010BD13B5012338
:1069C0000C4601AA1021FFF799FF9DF804301B091E
:1069D000013B0A2B1FD8DFE803F0060A0C0E101249
:1069E0001416181A1C000123237002B010BD0223D4
:1069F000FAE70323F8E70423F6E70523F4E7062381
:106A0000F2E70723F0E70823EEE70923ECE70A2380
:106A1000EAE70B23E8E70023E6E737B501230D4655
:106A200001AA11210446FFF769FF58B99DF8043007
:106A300065F303038DF8043001AA012311212046D8
:106A4000FFF762FF03B030BD13B501230C4601AA66
:106A50001121FFF753FF9DF8043003F00F030C2BB7
:106A600014D8DFE803F0071113130B1313130D13DE
:106A700013130F000023237002B010BD0423FAE7A4
:106A80000823F8E70C23F6E70123F4E70223F2E7F3
:106A900013B501230C4601AA1121FFF72FFF9DF822
:106AA00004301B09013B092B1CD8DFE803F0050962
:106AB0000B0D0F11131517190123237002B010BD10
:106AC0000223FAE70323F8E70423F6E70523F4E7B4
:106AD0000623F2E70723F0E70823EEE70923ECE7B4
:106AE0000A23EAE70023E8E737B501230D4601AAA8
:106AF00012210446FFF702FF58B99DF8043065F3F0
:106B000086138DF8043001AA012312212046FFF7D5
:106B1000FBFE03B030BD13B506230C466A462221A6
:106B2000FFF7ECFE9DF801209DF8003003EB0223F7
:106B300023809DF803209DF8023003EB022363803D
:106B40009DF805209DF8043003EB0223A38002B0DA
:106B500010BD13B506230C466A462821FFF7CEFE6A
:106B60009DF801209DF8003003EB022323809DF85F
:106B700003209DF8023003EB022363809DF805207B
:106B80009DF8043003EB0223A38002B010BD37B59B
:106B900001230D4601AA18210446FFF7AFFE58B99C
:106BA0009DF8043065F341038DF8043001AA0123F8
:106BB00018212046FFF7A8FE03B030BD37B50123EA
:106BC0000D4601AA19460446FFF798FE58B99DF8EC
:106BD000043065F387138DF80430012301AA1946A8
:106BE0002046FFF791FE03B030BD08B50A460123E9
:106BF0000F21FFF783FE08BD37B501230D4601AA1B
:106C000012210446FFF77AFE58B99DF8043065F367
:106C100000038DF8043001AA012312212046FFF75A
:106C200073FE03B030BD37B501230D4601AA122112
:106C30000446FFF763FE58B99DF8043065F38203FC
:106C40008DF8043001AA012312212046FFF75CFED3
:106C500003B030BD37B501230D4601AA0A21044611
:106C6000FFF74CFE58B99DF8043065F302038DF828
:106C7000043001AA01230A212046FFF745FE03B094
:106C800030BD38B50D4602210446FFF797FF98B98D
:106C900001232A4646212046FFF730FE60B9012332
:106CA000EA1847212046FFF729FE28B90146204669
:106CB000BDE83840FFF782BF38BD37B50C4602212A
:106CC0000546FFF77BFF50B9012301AA5F21284643
:106CD000FFF714FE18B901462846FFF76FFF9DF82D
:106CE0000430C3F3C103022B04D0032B02D05A1E7D
:106CF00053425341237003B030BD37B50D460221D6
:106D00000446FFF75BFF78B9012301AA052120465D
:106D1000FFF7F4FD40B901462046FFF74FFF9DF80D
:106D20000430C3F300132B7003B030BD37B50D46EC
:106D300002210446FFF742FFB0B9012301AA6021F6
:106D40002046FFF7DBFD78B99DF80430C3F301134B
:106D5000022B04D0032B02D05A1E534253412B70F6
:106D600000212046FFF72AFF03B030BD73B50D4662
:106D700001A90446FFF785FF00286ED19DF8042085
:106D8000C2F34001C2F300030B43C2F380010B4383
:106D9000C2F3C0010B43C2F300110B43C2F3401115
:106DA0000B43C2F380110B4343EAD2139DF8052035
:106DB000C2F300010B43C2F340010B43C2F3800155
:106DC0000B43C2F3C0010B43C2F300110B43C2F3E8
:106DD00040110B43C2F380110B4343EAD213DB078C
:106DE0003BD50DF101012046FFF767FF002834D1A4
:106DF0009DF801302E46032B06D8DFE803F002226F
:106E0000262A012D38BF012600238DF802300028E4
:106E10004AD10DF102012046FFF76FFF9DF80230C5
:106E2000012B2DD10DF103012046FFF77FFF002834
:106E30003AD19DF80330032B14D8DFE803F0101586
:106E4000191D022D38BF0226DEE7032D38BF0326A9
:106E5000DAE7042D38BF0426D6E72E46D4E7012D05
:106E600038BF01252E460CE0022D38BF0225F9E778
:106E7000032D38BF0325F5E7042D38BF0425F1E7BE
:106E800090B901236A4610212046FFF737FD58B913
:106E90009DF8003066F307138DF800306A46012331
:106EA00010212046FFF730FD02B070BD73B50D46CE
:106EB00001A90446FFF7E5FE00286ED19DF80420E5
:106EC000C2F34001C2F300030B43C2F380010B4342
:106ED000C2F3C0010B43C2F300110B43C2F34011D4
:106EE0000B43C2F380110B4343EAD2139DF80520F4
:106EF000C2F300010B43C2F340010B43C2F3800114
:106F00000B43C2F3C0010B43C2F300110B43C2F3A6
:106F100040110B43C2F380110B4343EAD213DB074A
:106F20003BD50DF101012046FFF7C7FE002834D103
:106F30009DF801302E46032B06D8DFE803F002222D
:106F4000262A012D38BF012600238DF802300028A3
:106F50004AD10DF102012046FFF7CFFE9DF8023025
:106F6000012B2DD10DF103012046FFF7DFFE002894
:106F70003AD19DF80330032B14D8DFE803F0101545
:106F8000191D022D38BF0226DEE7032D38BF032668
:106F9000DAE7042D38BF0426D6E72E46D4E7012DC4
:106FA00038BF01252E460CE0022D38BF0225F9E737
:106FB000032D38BF0325F5E7042D38BF0425F1E77D
:106FC00090B901236A4611212046FFF797FC58B972
:106FD0009DF8003066F307138DF800306A460123F0
:106FE00011212046FFF790FC02B070BD0123054A35
:106FF0000B600020002308718B60CA600B614B613D
:10700000704700BF000048432DE9F84384680546F7
:10701000884691461E466CB10020BDE8F88308EB17
:10702000040109EB04026F69287B012389B2B84788
:10703000013410B9B442F2D1EEE74FF0FF30ECE783
:107040002DE9F84384680546884691461E466CB192
:107050000020BDE8F88308EB040109EB04022F6966
:10706000287B012389B2B847013410B9B442F2D168
:10707000EEE74FF0FF30ECE738B590F830300446DB
:1070800023B1012384F83030002038BD4FF07E5307
:1070900000F1200543630121284600F0B5F910B145
:1070A0004FF0FF30F1E70121284600F0DBF90146FF
:1070B0000028F5D1284600F0F9F80028E1D0EFE7E4
:1070C00038B50C4605464FF07E512046FAF74AF88F
:1070D000D0B910492046FAF745F8B8B90E4920460C
:1070E000FAF740F8A0B90D492046FAF73BF8002816
:1070F00014BF2221322105F1200000F0D7F800381A
:1071000018BF0120404238BD0421F4E70221F2E714
:107110001221F0E70000C841000048420000C842C8
:1071200010B590F83130012B044606D0416BFFF7C3
:10713000C7FF20B9012384F83130002010BD4FF083
:10714000FF30FBE713B50C4620300DF1070100F0CE
:1071500082F920B99DF80730237002B010BD4FF0BE
:10716000FF30FAE713B50C4620300DF1070100F0AF
:1071700025F948B99DF80730122B10D007D8022BFB
:107180000FD010D9042B10D04FF0FF3005E0222B88
:107190000ED0322BF8D1074B236002B010BD064B46
:1071A000FAE7064BF8E70023F6E74FF07E53F3E7E4
:1071B000034BF1E700004843000048420000C8418B
:1071C0000000C84210B590F83130044683B100F198
:1071D0003401FFF7C7FF014610B14FF0FF3010BD7B
:1071E00004F1200000F062F80028F6D184F83100A4
:1071F0000020F4E710B590F83030012B044603D09E
:10720000002084F8300010BDFFF7DCFF0028F7D025
:107210004FF0FF30F7E737B50D4620300DF106018E
:1072200000F009F9044638B9BDF9060000F034F859
:107230002860204603B030BD4FF0FF34F9E700006E
:10724000B0B14A680B6842608A68036082600A7B5A
:1072500002730A6902614A6942618A698261064A67
:107260004262064A0262CA69C0E90A2003B11847AD
:107270004FF0FF30704700BF0970000841700008F0
:1072800010B44468C068A44610BC604710B40468D9
:10729000C068A44610BC604708B5F9F767FD02490D
:1072A000F9F76CFE08BD00BF0000C84237B50123E6
:1072B0000C4601AA04210546FFF7E2FF28B9012385
:1072C0006A460C212846FFF7DBFF012C35D190BB25
:1072D0009DF8003043F002038DF800306A462346E3
:1072E0000C212846FFF7D2FF28BB9DF8003060F341
:1072F00041038DF800306A4601230C212846FFF730
:10730000C5FFC0B9C4F3400204F0010343EA82039D
:1073100004F0300213439DF80420A40802F04A024E
:1073200043EAC41313438DF8043001AA0123042156
:107330002846FFF7ABFF03B030BD04F0DF03022B9C
:1073400001D0122B1FD19DF804305B071BD40028FD
:10735000F1D19DF8003043F002038DF800306A4609
:1073600001230C212846FFF791FF0028E3D19DF867
:10737000003060F341038DF800306A4601230C2190
:107380002846FFF783FF042CBBD10028D3D19DF8FA
:10739000003023F0420343F042038DF800306A4688
:1073A00001230C212846FFF771FF0028C3D19DF867
:1073B000003023F0420343F040039AE713B5012362
:1073C00001AA0C460421FFF75BFF9DF80430DA099F
:1073D000C3F38001920042EA410203F031031343F8
:1073E000122B07D009DC022B04D0042B02D05A1E2A
:1073F00053425341237002B010BD222BFAD0322BDE
:107400000CBF32230023F5E737B501230D4601AA4F
:1074100004210446FFF734FF58B99DF8043065F3A2
:1074200086138DF8043001AA012304212046FFF7BA
:107430002DFF03B030BD13B502230C4601AA06216F
:10744000FFF71EFF9DF805209DF8043003EB022393
:10745000238002B010BD08B501230A461946FFF784
:107460000FFF08BD37B501230D4601AA04210446CC
:10747000FFF706FF58B99DF8043065F3C3038DF894
:10748000043001AA012304212046FFF7FFFE03B0C8
:1074900030BD704738B5104C237805460BB9012034
:1074A00038BD01F0E7FE22784FF47A73B3FBF2F3B4
:1074B000B0FBF3F000F03CFD04460028EFD10F2DA7
:1074C000EDD8024629464FF0FF3000F0DFFC034BB9
:1074D00020461D60E4E700BFA8B10020ACB1002049
:1074E00010B5032000F0C0FC01F0C4FE064B18608C
:1074F0000020FFF7CFFF044618B9FDF726FC204611
:1075000010BD0124FBE700BFA4B100204FF0E02232
:10751000136923F00203136170474FF0E0221369EF
:1075200043F0020313617047014BD3F89005704795
:107530000070FF1F014BD3F8940570470070FF1FC8
:10754000014BD3F8980570470070FF1F024A53683B
:1075500043F0010353607047002004E0024A53687F
:1075600043F0020353607047002004E0024A53686E
:1075700043F0040353607047002004E04FF0B04331
:1075800030B5DA6C114842F00402DA64DB6C87B083
:1075900003F004030093009B382501230022CDE96A
:1075A000015301A90323CDE9032300F0FDFF0748A0
:1075B000294601F022F9044620B90246294603482B
:1075C00001F012F9204607B030BD00BF00080048A6
:1075D00008B5032815D8DFE800F002090B110022D6
:1075E0000948382101F000F9002008BD0122F7E721
:1075F00018222021044801F0FCF8F5E72822102188
:10760000F8E70120F1E700BF0008004801207047BB
:1076100001207047002814BF16200F207047806893
:10762000C0F3800070470000F7B5002301930446C3
:10763000002800F0E980856D25B9FCF7AFFFE5650E
:1076400084F8545023689A68D00040F1A1809A6869
:10765000D10000F1B480A26D42F01002A265E26D8B
:1076600042F00102E26501251846FFF7D8FFA26D3E
:1076700002F01002024340F0C980A26D206922F49A
:10768000817242F00202A2659A68D2075DD4226B31
:10769000A67E94F82CC0003A18BF01221703D4E943
:1076A00002120A43217E42EA8132617E42EAC132FD
:1076B00042EA4632002842EA4C02B4BF20F00041C0
:1076C0004FF400113A430A4394F82010012903D1E2
:1076D000002E76D142F48032616A21B1A66A01F4AB
:1076E000E07131430A43D968E66C21F4FE3121F49C
:1076F000FF711143D96094F83C206168012A01F0C0
:10770000404C4CEA060609D1D4E910273A433243EB
:10771000A66C324342EA0C0242F001061F693E4A5F
:107720003A4032431A6121F00042B2F1804F0CD04E
:10773000B1F1004F09D0394ED6F8082701F4701185
:1077400022F470120A43C6F808275A69666BA16BC7
:1077500022F0070232435A615A6922F0700242EA6B
:1077600001125A61002835D19A6A62F00F029A62BA
:107770005B6903F007039E423CD10023E365A36DE0
:1077800023F0030343F00103A365284603B0F0BDD3
:107790009A68234922F0104222F0170242F08052E8
:1077A0009A60204A1268B2FBF1F201325200019253
:1077B000019A002A3FF44BAF019A013AF7E70025FE
:1077C00052E7A16D41F02001A165E16D41F0010199
:1077D000E16581E7B0F5001FCAD19A6AE269013A12
:1077E00092006FF00F0102F01C0201FA02F2216E0A
:1077F0000A43BCE7A36D23F0120343F01003A36513
:10780000E36D43F00103E3650125BEE7A36D43F09B
:107810001003A365F8E700BF02FCFF1F0020014032
:10782000400D0300A4B10020F8B54569082D0446B9
:107830000E460AD00368DB68D80705D5A36D43F070
:107840002003A3650120F8BD0425FDF7B9FB074619
:1078500023681A682A4220D0A26D42F40072A26501
:10786000DA6812F4406F14D1A27E92B91A68120736
:107870000FD51846FFF7D3FE20BB5A6822F00C0242
:107880005A60A26D22F4807222F0010242F00102DD
:10789000A265227EFAB10020D5E7711CD9D0FDF790
:1078A0008FFBC01BB04201D8002ED1D123681B68CA
:1078B0002B40CDD1A26D84F8543042F00402A26571
:1078C0000320C0E7A26D42F02002A265E26D42F003
:1078D0000102E265DDE70C221A60DCE70368186C40
:1078E00070470000F7B50023019390F85430012B46
:1078F000044600F0C08005680269012380F8543016
:107900002846FFF78CFE002840F0AF80D1E9003018
:10791000022822F004027ED0B2F1004FC3F3110E10
:1079200035D1AA6A42EA0E02AA628A68686902EA46
:10793000032222F07C4222F0FF0220EA03210A43C4
:10794000002B6A611DDA4D4A4D4DD2F80817AB4243
:1079500001F0E07043D10D0213D4D2F8083723F0C0
:10796000E073034343F40003C2F80837454B1A6839
:10797000454BB2FBF3F20C2302FB03330193019B53
:1079800053BB0020002384F8543003B0F0BD226EB6
:1079900000F01F074FF00F0C0CFA07FC6FEA0C0603
:1079A00022EA0C0CBEF1000F11D1C3F38462BA407D
:1079B00042EA0C0222668008E26901309042B4D8A3
:1079C000A86AC3F38362BA4006403243ACE793FA35
:1079D000A3F2B2FA82F2EAE7019B013BCEE72B4D1C
:1079E000AB420BD1C901CCD4D2F8083723F0E073F5
:1079F000034343F08073C2F80837C2E7244DAB421B
:107A0000BFD14B02BDD4D2F8083723F0E073034353
:107A100043F48003EFE7B2F1004F01BFAA6AC3F35A
:107A200011018A43AA62002BABDA1548134983423D
:107A3000D1F8082709D1D1F8083702F0A07223F055
:107A4000E0731A43C1F808279BE71048834204D12A
:107A5000D1F8083702F44002F1E70D48834290D193
:107A6000D1F8083702F0C072E9E7A26D42F02002B7
:107A7000A265184686E7022087E700BF0020014084
:107A8000001000B0A4B10020400D0300004000B879
:107A9000002000B4026838B504461046FFF7BFFD69
:107AA00008B9002038BD9368990707D4936823F07C
:107AB000004323F0170343F010039360FDF780FAAF
:107AC000054623689B685B07EBD5FDF779FA401BF9
:107AD0000228F6D923689B685A07F2D5A36D43F0B4
:107AE0001003A365E36D43F00103E3650120D9E7CB
:107AF00073B50023026801939368DD07044602D53D
:107B0000002002B070BD9168214B194209D0A36DCD
:107B100043F01003A365E36D43F00103E365012027
:107B2000EFE7936823F0004323F0170343F00103CA
:107B30009360184BD3F8083718021CD4637E012BCE
:107B4000DED0FDF73DFA144E054622681368DB07C8
:107B5000D6D49368D9075FBF9368334043F00103DD
:107B60009360FDF72DFA401B0228EED923681B68AD
:107B7000DA07EAD4CBE7094B094A1B68B3FBF2F3F7
:107B800001330193019B002BD8D0019B013BF8E707
:107B90001700008000200140E8FFFF7FA4B1002013
:107BA000400D030038B504460068FFF738FD054670
:107BB00020BB94F85430012B20D0012384F854309A
:107BC0002046FFF795FFB0B9A36D226823F47063D8
:107BD00023F0010343F48073A3651C23E065136065
:107BE00084F85400936823F0004323F0170343F014
:107BF0000403936038BD84F85450FBE70220F9E792
:107C0000026838B5936891680446C80701D400201B
:107C100038BD9907FBD4936803F00503012B19D1F4
:107C2000936823F0004323F0170343F002039360AB
:107C300003231360FDF7C4F9054623689B68DB073F
:107C4000E5D5FDF7BDF9401B0228F6D923689B68EE
:107C5000DA07F2D5A36D43F01003A365E36D43F09B
:107C60000103E3650120D3E770B5044600284BD03B
:107C7000836D43F002038365FFF70CFF054668B987
:107C80002046FFF7BDFF054608B90123A36522681A
:107C9000936823F0104323F01703936023685A6816
:107CA00022F4677222F003025A6040F29F321A6097
:107CB000D968164A0A40DA605A6922F007025A6106
:107CC00000269A6A9E621A6A02F0F0221A625A6AC2
:107CD00002F0F0225A62DA6A02F0F022DA621A69DD
:107CE00022F040421A610A4AD2F8083723F0FE73A4
:107CF000C2F808372046FCF765FCE6652666A665EF
:107D000084F85460284670BD0125FBE700023E83DD
:107D10000020014010B590F85430012B044615D0D6
:107D2000012380F85430FFF7B5FE58B92046FFF71D
:107D300067FF38B9A36D23F4807323F0010343F088
:107D40000103A365002384F8543010BD0220FCE732
:107D5000F7B50023019390F85430012B04467FD0EF
:107D6000012380F85430FFF74BFF23689A6812F024
:107D70000102054607D0A36D43F01003A36500235D
:107D800084F854302DE0A16D364F21F4817141F01B
:107D90000201A165DE68D96826F4FF4626F07C065C
:107DA00021F40041360421F00301360CD96008208B
:107DB0009968394041F0004199609968002913DAC7
:107DC0000199013101910199B1F52E3FF5D3A36DD0
:107DD00023F0120343F01003A365002384F854300A
:107DE0000125284603B0F0BDD3F8B410013801F0E6
:107DF0007F010A44DCD199681A48014041F0010131
:107E00009960D3F8B41021F07F0141EAD202C3F89F
:107E1000B4209A68024042F002029A60FDF7D0F85E
:107E2000074623689A68D20708D4DA683243DA60D2
:107E3000A36D23F0030343F001039FE7FDF7C0F8B0
:107E4000C01B0228EDD923689B68D907E9D5A36D2B
:107E500043F01003A365E36D43F00103E365BFE75F
:107E60000225BEE7E8FFFF7F0749CA6822F4E06207
:107E70000302120403F4E063120C134343F0BF63E4
:107E800043F40033CB60704700ED00E0164B30B593
:107E9000DC68C4F30224C4F10703251D042B28BFAA
:107EA0000423062D4FF0FF358CBF033C002405FA58
:107EB00003F321EA0303A54022EA0502A3400028B8
:107EC00043EA0203ACBF00F16040084A4FEA0313E3
:107ED000B8BF00F00F00DBB2AABF00F56140135439
:107EE00080F8003330BD00BF00ED00E014ED00E08D
:107EF000002807DB044A4109012300F01F008340EA
:107F000042F82130704700BF00E100E000280CDBA0
:107F10004309064900F01F0020330122824041F846
:107F20002320BFF34F8FBFF36F8F704700E100E056
:107F30000138B0F1807F0BD24FF0E023054A586141
:107F4000F02182F823100020072298611A617047FF
:107F50000120704700ED00E070B5D0E91345656081
:107F6000446D14B1D0E916456560D0E9105404F0B1
:107F70001C060124B4406C60046863608368102BA5
:107F80000BBFA260A160E160E26070BD0268416C5D
:107F9000D3B210B5083B1424B3FBF4F30B4CA2424C
:107FA00088BF0B4A21F0030199BF01F1804202F51D
:107FB0000232521807338264064AC26403F01F0378
:107FC000012202FA03F3036510BD00BF070402405B
:107FD0001C0802408008024038B500285CD00268C6
:107FE0002E4B9A424FF014014AD82D4B1344B3FB49
:107FF000F1F32C499B00C0E91013022380F82530CF
:108000001368056923F4FF4323F070031360D0E97C
:10801000024323432B43456911682B4385692B4356
:10802000C5692B43056A2B430B431360FFF7AEFF73
:10803000B4F5804F04BF002343604368816C03F0B4
:108040007F020A60D0E91314013B032B4C601ED859
:10805000154B1649816513449B000121013A01FA31
:1080600002F200214365C2651960114B5A64002376
:108070000122C36380F8243080F82520184638BDDB
:108080000C4B1344B3FBF1F30B499B00B3E7002304
:10809000C0E91533C365EAE70120F0E707040240B1
:1080A000F8FFFDBF000002403F820010400902407F
:1080B00000090240F8FBFDBF0004024038B500286B
:1080C00041D00268136823F0010313601F4B9A42EA
:1080D0004FF0140130D81E4B1344B3FBF1F31D498C
:1080E0009B00C0E91013012403F01C0304FA03F3FE
:1080F000002515604B60FFF749FF836C41681D60E8
:10810000D0E913325A604A1E032A06D8124B0B4498
:108110009B0094401D60114B5C640023C363C0E965
:108120001533C0E90B33C0E90D33C36580F8253042
:1081300080F82430184638BD094B1344B3FBF1F3E3
:1081400008499B00CDE70120F5E700BF0704024086
:10815000F8FFFDBF000002403F820010000902400E
:10816000F8FBFDBF0004024070B590F82450012DCB
:1081700004463BD090F825600125AE4280F824509B
:108180004FF000062CD1022580F825500568C66303
:108190002E6826F001062E60FFF7DEFE036BBBB1F2
:1081A0002B6843F00E032B60A36C1A68D20342BF06
:1081B0001A6842F480721A60636D1BB11A6842F447
:1081C00080721A602B6843F001032B60002070BDA1
:1081D0002B6823F004032B602B6843F00A03E2E7CB
:1081E0008023C36380F824602846F0E70220EEE78E
:1081F000034640B190F82520022A06D00422C2632B
:10820000002280F82420012070470268806C1168E9
:1082100021F00E011160016821F480710160116884
:1082200021F001011160D3E9100202F01C010122CA
:108230008A404260D3E9132151605A6D32B111680E
:1082400021F480711160D3E91621516001220020D0
:1082500083F8252083F82400704708B590F825306E
:10826000022B03D00423C363012008BD03681A68EE
:1082700022F00E021A601A6822F001021A60826C63
:10828000136823F480731360D0E9101303F01C0209
:10829000012393404B60D0E913325A60436D33B1F0
:1082A0001A6822F480721A60D0E916325A600123EB
:1082B00080F82530002380F82430836B03B1984781
:1082C0000020D2E770B4426C046C036826681D6815
:1082D00002F01C020421914031420FD015F0040F2E
:1082E0000CD01A6892065EBF1A6822F004021A6067
:1082F000036B6160002B33D070BC184702219140A2
:10830000314217D015F0020F14D01A68940606D423
:108310001A6822F00A021A60012280F82520114A08
:1083200093428CBF104B114B5960002380F82430CE
:10833000C36ADFE708219140314211D029070FD5E8
:10834000196821F00E011960012303FA02F262603C
:10835000C36380F82530002380F82430436BC9E7DD
:1083600070BC7047800002400004024000000240E0
:1083700060B10268C806136805D5C9024CBF43F452
:10838000801323F48013136000207047012070478E
:10839000036803F01F01C3F300435B0103F1B04323
:1083A00001228A40D3F80C18114204D0C3F80C28DB
:1083B000436803B1184770470A4A536943F480235E
:1083C00030B55361EFF3108472B60023CD58C55019
:1083D0000433B3F5807FF9D11369DB03FCD484F354
:1083E000108830BD00400058064B5A69002ABFBFB4
:1083F000054A9A6002F188329A60BABF5869C00F84
:10840000002070470040005823016745044B5A691B
:1084100042F000425A615869C043C00F704700BF24
:108420000040005870B50546FCF7CAFD124E0446E0
:108430003369D90313D43369DA0744BF01223261A7
:108440004CF2FA32134011D10B4E306910F48020F7
:108450000BD0FCF7B5FD001BA842F6D304E0FCF7F7
:10846000AFFD001BA842E3D3032070BD024A136195
:10847000024A01205360F8E700400058D8D6002097
:108480002DE9F041184D98462B78012B06460C46F5
:10849000174626D001232B704FF47A7000236B60AF
:1084A000FFF7C0FFA0B9012E16D1104A536943F05F
:1084B000010353612760BFF36F8FC4F804804FF44A
:1084C0007A70FFF7AFFF094A536923EA0603536145
:1084D00000232B70BDE8F08139462046FFF76CFF82
:1084E000EDE70220F6E700BFD8D600200040005894
:1084F000054A536923F47E7343EAC00040F4803098
:1085000040F0020050617047004000582DE9F041F2
:10851000234F3B78012B054688463FD001233B7013
:108520004FF47A7000237B60FFF77CFF044688B924
:108530002B68042B13D11B4A536943F4803343F057
:10854000040353614FF47A70FFF76CFF0446154B38
:108550001A681B6800233B702046BDE8F0814FF08D
:10856000FF33C8F800306E68D5E901321344B342D6
:108570000AD93046FFF7BCFF4FF47A70FFF752FF7D
:1085800050B1C8F800600446064A536923F47E736C
:1085900023F002035361DAE70136E5E70224DBE763
:1085A000D8D60020004000582DE9F04F524C00234F
:1085B0004FF00F090A6832FA03F501D1BDE8F08FD8
:1085C000012505FA03F818EA020200F08E804E68D1
:1085D000032706F003054FEA430E07FA0EFC6F1E51
:1085E000012F6FEA0C0C32D8876807EA0C0ACF68B3
:1085F00007FA0EF747EA0A078760476827EA08087C
:10860000C6F300179F4047EA08074760C76807EAB4
:108610000C088F6807FA0EF747EA0807022DC760B3
:1086200017D14FEAD30800EB880803F0070AD8F8FF
:1086300020704FEA8A0A09FA0AFB27EA0B0B0F6936
:1086400007FA0AF747EA0B07C8F8207001E0032D84
:10865000DCD1076805FA0EF507EA0C073D4316F46E
:10866000403F056041D023F0030707F1804707F53D
:10867000803703F0030CBD684FEA8C0C4FF0070EF7
:108680000EFA0CFEB0F1904F25EA0E0E2FD01B4DC6
:10869000A8422ED005F58065A84214BF0725022503
:1086A00005FA0CF545EA0E05BD602568D74316F4BA
:1086B000801F0CBF3D4015432560656816F4001F00
:1086C0000CBF3D4015436560D4F8805016F4803FE0
:1086D0000CBF3D401543C4F88050D4F88450B60315
:1086E00054BF3D401543C4F88450013362E7002570
:1086F000D6E70125D4E700BF000800580004004871
:10870000374A2DE9F04F00234FF0010A4FF0070BD5
:108710004FF00F0931FA03F401D1BDE8F08F0AFAE6
:1087200003FC1CEA010654D023F0030404F1804446
:1087300004F5803403F00307A568BF000BFA07F8BF
:10874000B0F1904F08EA050E45D0264DA84244D01E
:1087500005F58065A8420CBF02250725BD4075457B
:1087600017D1D2F8805025EA0605C2F88050D2F819
:10877000845025EA0605C2F88450156825EA0605E6
:108780001560556825EA06055560A56825EA0805BF
:10879000A560056803265C0006FA04F423FA06F6D1
:1087A000254300EB8606056003F00705376AAD0038
:1087B00009FA05F527EA05073762856825EA040501
:1087C0008560456825EA0C054560C56825EA04040E
:1087D000C46001339EE70025C0E70125BEE700BF66
:1087E00000080058000400480AB1816170478162A6
:1087F000704742EA01428261704782B04FF4803391
:108800000193019B0B430193019BC361C161019BD8
:10881000C361C3690193C06980F48030C0F3004034
:1088200002B07047044AD168014208B502D0D06056
:10883000FDF7B4FA08BD00BF0008005803689A6944
:10884000910744BF00229A629A69D2075EBF9A6973
:1088500042F001029A61704730B5039D04682B43D2
:1088600043EA0243064A6068C1F309010B4342EA46
:10887000555223F0004320EA02000343636030BDF9
:10888000FF63FF0303682DE9F0419C6914F01004B5
:1088900005460F4616466FD010220024DA61A04626
:1088A0002B689A69900661D4B8F1000F35D044F076
:1088B000040401202E68B369D90541BF4FF48072CA
:1088C000F26144F0010401205A0541BF4FF4806277
:1088D00044F00804F26101209B054FD54FF400736A
:1088E00044F00204F3612846FFF7A8FF736823F001
:1088F000FF7323F48B3323F4FF7323F001037360BE
:108900006B6C23436B64202385F84130002385F88A
:10891000423085F84030012032E07A1CC1D0FCF7AB
:108920004FFB801BB84201D8002FB9D12B68596882
:1089300095F8422098690004D2B20AD5490408D4B7
:10894000202A06D05A6842F480425A60FCF738FB6D
:1089500006462B689B699B06A2D4FCF731FB801B63
:108960001928F6D920244FF0010899E7B8F1000F33
:108970009DD12022DA619AE720469BE70028B2D1F8
:10898000BDE8F08170B504460D46164623689B6924
:108990009B0701D500201FE0324629462046FFF7FD
:1089A00071FFC0B96A1CF1D0FCF70AFB801BA8421A
:1089B00001D8002DEAD123689B6913F00203E5D1A9
:1089C000626C84F8403042F020026264202284F815
:1089D000412084F84230012070BD2DE9F041DDF8DE
:1089E000188004460F4616461D4623689B6937EAE1
:1089F00003030CBF01230023B34201D0002025E074
:108A0000424629462046FFF73DFFF0B96B1CECD0EB
:108A1000FCF7D6FAA0EB0800A84201D8002DE4D15B
:108A200023689B6937EA03030CBF01230023B34289
:108A3000DBD1636C43F020036364202384F841306E
:108A4000002384F8423084F840300120BDE8F081F2
:108A500070B504460D46164623689B699B0601D5F2
:108A600000201DE0324629462046FFF70BFFB0B933
:108A7000FCF7A6FA801BA84201D8002DECD1236890
:108A80009B6913F02003E7D1626C84F8403042F018
:108A900020026264202284F8412084F842300120C0
:108AA00070BD704710B5044600284ED090F8413094
:108AB00003F0FF021BB980F84020FFF7F2FF2423E8
:108AC00084F8413023681A6822F001021A60626853
:108AD00022F070621A619A6822F400429A60D4E926
:108AE0000221012906D142F400429A605A6822F418
:108AF000006207E042F4044202299A60F6D15A6803
:108B000042F400625A605A6842F0007242F4004235
:108B10005A60DA6822F40042DA60D4E904210A4398
:108B2000A16942EA0122DA60D4E907210A431A6006
:108B30001A6842F001021A6000202023606484F861
:108B40004130206384F8420010BD0120FCE77047EB
:108B500010B5044698B10268242380F841301368A8
:108B600023F001031360FFF7F2FF0020606484F834
:108B7000400084F84100206384F8420010BD0120C9
:108B8000FCE700002DE9F74F994690F84130BDF819
:108B900034A0DDF83880202B04460F46164640F0FE
:108BA000C6800C9B13B1BAF1000F06D14FF40073CD
:108BB0006364012003B0BDE8F08F90F84030012BD2
:108BC00000F0B5804FF0010B80F840B0FCF7F8F9E9
:108BD0001923054600905A464FF400412046FFF7FE
:108BE000FCFE0028E5D1212384F84130402384F89D
:108BF00042300C9B63624F4B60646063A4F82AA010
:108C00005FFA89F20093394620464FF08073FFF7F0
:108C100023FE2A4641462046FFF7B4FE18BBB9F1B1
:108C2000010F236815D1F6B29E62002200954346DB
:108C300080212046FFF7D1FEA8B9638D9BB2FF2BA0
:108C400015D8628D92B222854FF000730090D2B297
:108C500012E0320A9A6241462A462046FFF792FE07
:108C600008B92368DFE7002384F84030A1E7FF223A
:108C700022854FF08073009039462046FFF7ECFDC7
:108C80002A4641462046FFF77DFE002891D1636ABF
:108C9000226813F8011B91626362638D228D013B90
:108CA0009BB26385638D013A92B29BB22285B3B1C8
:108CB000AAB90095434680212046FFF78EFE002882
:108CC0007FF477AF638D9BB2FF2B28D9FF222285DB
:108CD0004FF08073009039462046FFF7BDFD638D4D
:108CE0009BB2002BCCD12A4641462046FFF7B0FE6E
:108CF00000287FF45EAF23682021D9615A6822F0F2
:108D0000FF7222F48B3222F4FF7222F001025A60C9
:108D100084F8411084F8400084F842004AE7628DEC
:108D200092B222854FF000730090D2B2D3E70220B6
:108D300040E700BF002000802DE9F74F994690F8EA
:108D40004130BDF834A0DDF83880202B04460F46B2
:108D5000164640F0C9800C9B13B1BAF1000F06D142
:108D60004FF400736364012003B0BDE8F08F90F806
:108D70004030012B00F0B8804FF0010B80F840B07C
:108D8000FCF71EF91923009005465A464FF400419E
:108D90002046FFF722FE03460028E4D1222284F871
:108DA0004120402284F842200C9A62624F4A60645B
:108DB0006063A4F82AA03946009220465FFA89F23F
:108DC000FFF74AFD2A4641462046FFF7DBFD20BB60
:108DD000B9F1010F236816D1F6B29E620022009508
:108DE000434640212046FFF7F8FDB0B9638D9BB2A2
:108DF000FF2B3F4B15D8628D92B222850093D2B2E1
:108E00004FF0007312E0320A9A6241462A46204629
:108E1000FFF7B8FD08B92368DEE7002384F8403087
:108E2000A1E7FF22228500934FF080733946204648
:108E3000FFF712FD00954346002204212046FFF76C
:108E4000CCFD00288FD123685A6A636A1A70636A5E
:108E5000228D01336362638D013B9BB26385638D19
:108E6000013A92B29BB22285B3B1AAB900954346AA
:108E700080212046FFF7B1FD00287FF474AF638D99
:108E80009BB2FF2B28D9FF2222854FF080730090E0
:108E900039462046FFF7E0FC638D9BB2002BC9D119
:108EA0002A4641462046FFF7D3FD00287FF45BAFFA
:108EB00023682021D9615A6822F0FF7222F48B3294
:108EC00022F4FF7222F001025A6084F8411084F803
:108ED000400084F8420047E7628D92B222854FF04D
:108EE00000730090D2B2D3E702203DE7002000805B
:108EF0000024008090F841007047406C704710B526
:108F000090F84120202A0346D4B21CD190F840208A
:108F1000012A18D0242280F841200268106820F02D
:108F200001001060106820F4805010601068014348
:108F300011601168002041F00101116083F8414087
:108F400083F8400010BD0220FCE710B590F84120E6
:108F5000202A0346D4B21BD190F84020012A17D012
:108F6000242280F841200268106820F0010010607F
:108F7000106820F4706040EA01211160116800203F
:108F800041F00101116083F8414083F8400010BDB9
:108F90000220FCE7024A536803435360704700BF56
:108FA00000000140024A136843F480731360704765
:108FB000000400580D4B10B55B690C4628B99A05A2
:108FC00007D500F027F820B110BD9B0501D400F0B3
:108FD00019F8074A1369012C23F00403136101D126
:108FE00030BFF1E740BF20BF20BFEDE700040058CD
:108FF00000ED00E0024B186800F4C060704700BF4D
:1090000000040058024A136843F480431360704719
:10901000000400580C4A136823F4804313600B4B80
:109020001B6832214B430A49B3FBF1F351698905AF
:1090300000D533B9536913F4007F14BF0320002017
:109040007047013BF2E700BF00040058A4B10020C4
:1090500040420F000B4A136823F0070343F002035A
:109060001360094B1A69012842F004021A6105D104
:1090700030BF1A6922F004021A61704740BF20BF56
:1090800020BFF6E70004005800ED00E04FF0B043C9
:109090001868C0F3404070474FF0B0431868C0F301
:1090A000400070474FF0B042536823F47F4343EAD7
:1090B0000023536070474FF0B0431868C0F340601E
:1090C000704700007FB54FF0B0432C4AD3F8083109
:1090D000C0F3031003F00F0352F82040284A52F85F
:1090E0002330B4FBF3F4FFF785FF264B054693E8E6
:1090F0000700B5F5007F04AB03E9070010D0224B51
:109100009C4218D303F5B70303F67F539C4229D939
:1091100003F5741303F510639C4225D802230BE07A
:109120001A4B9C4207D91A4B9C421BD903F53703B3
:1091300003F5D853F0E7002304AA02EB830353F8A6
:109140000C4C144D2B6823F0070323432B60FBF7D3
:1091500037FF06462B6803F007039C4206D1002028
:1091600004B070BD0123E7E70024EAE7FBF728FF1E
:10917000801B0228EED90320F2E700BF608E0108B1
:10918000C08E010880850108C0CF6A00BFEA2101B6
:109190003F933402004000584FF0B04310B59A6836
:1091A000D96812F00C0205D00C2A4AD101F0030351
:1091B000012B51D14FF0B0412B480B6813F008033D
:1091C00006D00B6813F0080337D1D1F8941007E0EC
:1091D0000C68240756BFD1F894300968C3F3032301
:1091E00050F82330002A0CBF184600204FF0B04141
:1091F0008A6802F00C020C2A1ED1CA6802F003022F
:10920000022A2ED0032A06D10B68184A13F4801FB5
:10921000174B18BF13464FF0B042D068D168D268E0
:10922000C0F306205843C1F302130133B0FBF3F03F
:10923000530F0133B0FBF3F010BD0B68C3F30313FE
:10924000CEE7042A05D0082A06D11B6813F4801340
:1092500005D006480023C9E700231846C6E704489E
:10926000C4E7024BD7E700BF608E01080024F4007A
:109270000048E80108B5FFF78FFF4FF0B043044AFC
:109280009B68C3F3031352F82330B0FBF3F008BD1F
:10929000C08E01082DE9F0410446002853D04FF05C
:1092A000B0439D68DE6803689B0605F00C0506F078
:1092B000030668D5026A1DB10C2D46D1012E44D19A
:1092C000002A40D04FF0B043A16A1A68170756BF72
:1092D000D3F894301B681B0903F0F00399421FD99F
:1092E0000846FFF7EFFE00282DD14FF0B04213687B
:1092F00043F0080313601368A16A23F0F0030B43E3
:109300001360606AFFF7CEFEFFF7B4FFAB4B186047
:10931000AB4B1868FEF7BEF8002834D0BDE8F081EA
:109320004FF0B042136843F008031360136823F052
:10933000F0030B431360606AFFF7B4FE0846FFF7C3
:10934000C1FE0028E0D00120E8E74FF0B043002A3A
:1093500054D01A6842F001021A60FBF731FE07464A
:10936000FFF79AFE002842D04FF0B042136843F056
:10937000080313601368A16A23F0F0030B43136022
:10938000606AFFF78FFE2368D80748D423689907DF
:1093900000F18C8023681E0740F1FA80A3694FF02A
:1093A000B046002B00F0E180D6F89430E16903F07C
:1093B0001002914200F0C48003F00302022AC2D0DE
:1093C000D80740F1B380D6F8943023F00103C6F8F3
:1093D0009430FBF7F5FD0746D6F89430990740F135
:1093E000A580FBF7EDFDC31B112BF5D904E0FBF7BE
:1093F000E7FDC01B0228B3D903208FE71A6822F0CB
:1094000001021A60FBF7DCFD0746FFF745FE002866
:10941000B9D0FBF7D5FDC01B0228F6D9ECE7082D23
:1094200003D00C2D05D1032E03D16368002BADD1E1
:1094300089E74FF0B043A1681A6822F480120A430A
:109440001A606268B2F5803F10D11A6842F4803227
:109450001A60FBF7B5FD0746FFF718FE002895D107
:10946000FBF7AEFDC01B6428F6D9C5E7B2F5041FB3
:1094700004D11A6842F400121A60E6E7196821F470
:1094800080311960196821F400111960002AE0D1B7
:10949000FBF796FD0746FFF7F9FD00283FF476AF8E
:1094A000FBF78EFDC01B6428F5D9A5E7042D2369C1
:1094B00003D00C2D0ED1022E0CD1002B3FF443AF64
:1094C0004FF0B0426169536823F0FE4343EA016301
:1094D00053605FE74FF0B046BBB1336843F480732D
:1094E0003360FBF76DFD074633685A0505D4FBF77B
:1094F00067FDC31B022BF7D97EE77368626923F00F
:10950000FE4343EA0263736044E7336823F48073E5
:109510003360FBF755FD074633685B057FF53AAFCF
:10952000FBF74EFDC31B022BF6D965E74FF0B042A7
:10953000E169D2F8943023F010030B43C2F8943061
:109540004FF0B047D7F8943043F00103C7F8943098
:10955000FBF736FD0646D7F894309A0718D4FBF788
:109560002FFD831B112BF6D946E7D6F8943023F054
:109570000103C6F89430FBF723FD0746D6F8943074
:109580009B0705D5FBF71CFDC31B112BF6D933E751
:109590002368580754D50B4F3B68D90514D4FFF7FF
:1095A00001FDFBF70DFD06463B68DA050CD4FBF721
:1095B00007FD831B022BF7D91EE700BFA4B10020D3
:1095C000ACB1002000040058E3684FF0B046002B17
:1095D00058D023F08003052B02BFD6F8903043F01B
:1095E0000403C6F890304FF0B046FBF7E9FCD6F81C
:1095F000903043F001030746C6F8903041F28838B6
:10960000D6F890309B0705D4FBF7DAFCC31B434523
:10961000F6D9F1E6E36823F00403812B1BD1FBF7B5
:10962000CFFCD6F8903043F08003C6F89030074660
:109630004FF0B04641F28838D6F89030180504D57E
:10964000E36A002B4AD1002068E6FBF7B9FCC01B97
:109650004045F1D9D0E6FBF7B3FCD6F8903023F0C3
:109660008003C6F8903007464FF0B04641F2883884
:10967000D6F890301905E3D5FBF7A2FCC01B404596
:10968000F6D9B9E6FBF79CFCD6F8903023F08003BE
:109690000746C6F8903041F28838D6F890301A055F
:1096A00016D4FBF78DFCD6F8903023F00103C6F8F2
:1096B000903007464FF0B04841F28836D8F89030E5
:1096C0009B07BDD5FBF77CFCC31BB342F6D993E6E1
:1096D000FBF776FCC01B4045DFD98DE60C2D4ED044
:1096E000022B4FF0B0431A6822F080721A6033D117
:1096F000FBF766FC0546FFF7DEFC38BBD4E90C310E
:109700004FF0B0420B43D0682D4901400B43E16B51
:109710000B43216C0B43616C0B43A16B43EA0123A8
:10972000D360136843F080731360D36843F08053B1
:10973000D360FBF745FC0446FFF7BDFC002882D14F
:10974000FBF73EFC001B0A28F6D955E6FBF738FC70
:10975000401B0A28CFD94FE6FBF732FC0446FFF73F
:10976000AAFC30B94FF0B042164BD1680B40D36021
:1097700069E7FBF725FC001B0A28F0D93CE6012B22
:109780003FF4E1AD4FF0B043D868236B00F0030223
:109790009A427FF4D8AD626B00F0700393427FF47D
:1097A000D2ADA26B00F4FE43B3EB022F7FF4CBAD3E
:1097B000636C00F06040C01A18BF0120AEE500BF26
:1097C0008C80C111FCFFFEEE2DE9F0410D460446F0
:1097D00010B90120BDE8F081754E336803F007032E
:1097E0008B4216D32368980727D54FF0B047A2685D
:1097F000BB6823F0F0031343BB60FBF7E1FB0646B5
:10980000BB68D90319D4FBF7DBFB831B022BF7D909
:1098100011E0336823F007030B433360FBF7D0FB01
:109820000746336803F00703AB42DBD0FBF7C8FB06
:10983000C01B0228F5D90320CCE723689A0616D569
:109840004FF0B0476269D7F8083123F0F0031343B3
:10985000C7F80831FBF7B4FB0646D7F808319B037D
:1098600005D4FBF7ADFB831B022BF6D9E3E7236896
:10987000580617D54FF0B047A269D7F8083123F042
:109880000F0343EA1213C7F80831FBF799FB0646AA
:10989000D7F80831D90305D4FBF792FB831B022BC1
:1098A000F6D9C8E723685A0713D54FF0B047E268E6
:1098B000BB6823F4E0631343BB60FBF781FB064600
:1098C000BB689B0305D4FBF77BFB831B022BF7D9FB
:1098D000B1E72368180714D54FF0B0472269BB6879
:1098E00023F4605343EAC203BB60FBF769FB0646FF
:1098F000BB68590305D4FBF763FB831B022BF7D925
:1099000099E72368DA070FD4294C236803F007038B
:10991000AB4239D8FFF7AEFC264B1860264BBDE8AA
:10992000F0411868FDF7B6BD6268022A1DD1FFF745
:10993000ADFB00283FF44DAF4FF0B04641F2883800
:10994000B36823F003031343B360FBF739FB074607
:10995000B368626803F00C03B3EB820FD4D0FBF75B
:109960002FFBC01B4045F3D965E7032A02D1FFF75F
:10997000A2FBDEE712B9FFF78FFBDAE74FF0B04347
:109980001B685B05D8D424E7236823F007032B4327
:109990002360FBF715FB0646236803F00703AB4281
:1099A000B8D0FBF70DFB801B0228F5D943E700BFB9
:1099B00000400058A4B10020ACB1002008B5FFF76A
:1099C00059FC4FF0B043044A9B68C3F3022352F89A
:1099D0002330D84008BD00BFA08E010808B5FFF7AE
:1099E00049FC4FF0B043044A9B68C3F3C22352F8CA
:1099F0002330D84008BD00BFA08E01084FF0B0430F
:109A0000D3F89000C0F3400070474FF0B041020916
:109A1000D1F8883002F47F22000123EA020300F427
:109A20007F200343C1F8883070474FF0B041020CEB
:109A3000D1F88830120423EA020343EA0040C1F857
:109A4000880070470368DA0370B5044639D5FFF71C
:109A5000A9FAFBF7B5FA614E05463368DB0532D546
:109A60004FF0B043616BD3F8902002F44072914202
:109A70001DD0D3F89010D3F8902042F48032C3F870
:109A80009020D3F8902021F4407022F480328D078A
:109A9000C3F89020C3F8900009D5FBF791FA41F282
:109AA00088360546FFF7AAFF012840F090804FF066
:109AB000B042616BD2F8903023F440730B43C2F88C
:109AC0009030002605E0FBF77BFA401B0228C4D942
:109AD00003262568E8070AD54FF0B0416268D1F83F
:109AE000883023EA124392B21343C1F88830A907A1
:109AF0000AD54FF0B041A268D1F8883023EA12436A
:109B000092B21343C1F88830AA0609D54FF0B0428B
:109B10002169D2F8883023F440630B43C2F88830BF
:109B2000AB0502D5206AFFF780FF680502D5606AA1
:109B3000FFF77BFF290502D5A06AFFF776FF6A06CB
:109B400002D56069FFF761FF2B0602D5A069FFF718
:109B50005CFFE80502D5E069FFF757FFE90610D57D
:109B60004FF0B042E168D2F8883023F440730B43E1
:109B7000C2F88830B1F5807F02BFD36843F08073AC
:109B8000D3602A040ED54FF0B042216BD2F8883052
:109B900023F040430B43C2F8883019B9D36843F02F
:109BA0008073D3606B0410D54FF0B042E16AD2F8F5
:109BB000883023F040530B43B1F1005FC2F8883086
:109BC00003D1D36843F48033D360304670BDFBF7D4
:109BD000F7F9401BB0427FF665AF79E70004005803
:109BE00030B590F82C30012B02464FF0020022D005
:109BF000174B82F82D00CA24012582F82C505C6294
:109C000053245C62B1F5807F146B996914D121F4FF
:109C100088519961596C24F0010421F00041596484
:109C20001463DD650A4BFF2159620020012382F88D
:109C30002D3082F82C0030BD21F408519961D96C87
:109C400024F0020421F00041D9641463D865E9E7E7
:109C50000028004070B50B4E036B756D1D40EA0780
:109C6000044603D50123F365FBF79FFBAB0704D53F
:109C70000223F365204600F0C9F9012384F82D3052
:109C800070BD00BF0028004038B50A4CE36823F0DF
:109C90002003E360FBF794F90546E3689B0601D5D2
:109CA000002038BDFBF78CF9401BB0F57A7FF4D962
:109CB0000320F6E700280040F8B5114DEC6814F0D9
:109CC000400406461AD1EB6843F08003EB60FBF7D3
:109CD00077F923460746EC6814F0400401D1032BC2
:109CE00001D11846F8BDFBF76BF9C01BB0F57A7FC0
:109CF000234684BF032386F82D30ECE70023F0E7EA
:109D00000028004038B50F4CE36823F08003E3607F
:109D1000A3699B06054606D4FFF7B6FF10B10320E2
:109D200085F82D0038BDA36923F02003A361FFF758
:109D3000ABFF10B1032085F82D00A36943F0200389
:109D4000A361EFE70028004038B5044600284BD057
:109D500090F82D3003F0FF021BB980F82C20FAF7A1
:109D600093FF0223214D84F82D30EB68DB0636D4B7
:109D7000CA236B6253236B622046FFF79DFF10B12D
:109D8000FF236B6238BDAB6923F08E6323F0400381
:109D9000AB6121696368AA690B431343A26913434A
:109DA000AB61D4E9022343EA02432B61D4E90931D0
:109DB000EA680B4322F4F8521343EB602046FFF7A6
:109DC000A1FF0028DCD1D4E90713AA690B4322F0D4
:109DD0006042134362691343AB61FF236B6201234B
:109DE00084F82D300020CDE70120CBE7002800408B
:109DF0000023092803D840EA0310C0B270470A388C
:109E00000133C0B2F5E700002DE9F04790F82C309F
:109E1000012B05464FF0020069D0012385F82C3054
:109E20004E4B85F82D00DE6806F44076B6F5807F4F
:109E300078D04C69087891F8019091F802A091F8D7
:109E40002470002A55D19B6913F0400308BFCB70E2
:109E5000FFF7CEFF80464846FFF7CAFF024650464E
:109E6000FFF7C6FF81463846FFF7C2FF0B6ACF787F
:109E7000234343EA875343EA090343EA084343EA97
:109E8000022343EA0063354ACA20506253205062DD
:109E90008C6A8869B4F5807F946945D124F488542C
:109EA00094610124D465B6F5807F09BFCB69136442
:109EB0000343536418BF5064284B4A681A672A6BDF
:109EC00042F001022A639A6942F488529A61244A54
:109ED000D2F8803043F40033C2F880301F4BFF22A9
:109EE0005A620020012385F82D3085F82C00BDE84A
:109EF000F087B4F1803F07D0B4F5000F04D09B6920
:109F000013F0400308BFCB700B6ACA781C4344EAC5
:109F10000A0444EA004343EA092343EA825343EA3A
:109F20000763B0E70023AEE724F4085494610224E9
:109F3000D465B6F5807F09BFCB6993640343D364CE
:109F400018BFD064054B4A685A672A6B42F0020278
:109F50002A639A6942F40852B8E700BF002800401B
:109F60000008005890F82C20012A03464FF0020008
:109F700012D00A4A83F82D00CA215162532151623E
:109F8000916941F020019161FF215162002001227D
:109F900083F82D2083F82C00704700BF0028004074
:109FA00090F82C20012A03464FF0020019D00D4AE8
:109FB00083F82D00CA2151625321516291690A48E8
:109FC00041F080019161D0F8801041F48021C0F807
:109FD0008010FF2151620020012283F82D2083F898
:109FE0002C0070470028004000080058064B5A6DAE
:109FF000520610B5044603D54022DA65FBF7D8F9BE
:10A00000012384F82D3010BD0028004070478900DE
:10A0100001F1804101F531410A607047890001F189
:10A02000804101F53141086870470000034AD2F8C9
:10A03000903043F40043C2F8903070470004005859
:10A04000034AD2F8903023F40043C2F890307047AE
:10A0500000040058074B1A6822F040021A6040F4CE
:10A0600041704FF4B85218605A601A6842F04002CA
:10A070001A6070470000015837B5054600284ED0D9
:10A08000837903F0FF046BB1032C0BD0254B4FF405
:10A0900000629A612868FFF7DDFF002401232B711D
:10A0A000AC602FE000236B712846FAF7A3FE1E4A2E
:10A0B000D2F8903043F48053C2F89030002CE5D1B0
:10A0C00002234FF0B042AB71D2F8943023F4004336
:10A0D000C2F89430154B1B681C214B43DB0C6421E8
:10A0E0004B430193019B93B90124AC60FFF79EFFA2
:10A0F0000C4B9A6842F400629A604FF400629A61D5
:10A10000002CC7D00123AB71204603B030BD019BAA
:10A11000013B0193D2F894305B04E3D4E6E70124D9
:10A12000F2E700BF0004005800080058A4B1002066
:10A1300037B5174D2B6802461C204343DB0C6420C7
:10A14000434314480193019B93B901209060114C43
:10A1500021732B681C214B43DB0C64214B4301937F
:10A16000019B6BB9012090600A4BDB6803B030BDE6
:10A17000019B013B019383689C07E4D50020E6E73F
:10A18000019B013B0193A368DB07E9D5ECE700BF26
:10A19000A4B100200000015837B5184D2B680246C5
:10A1A0001C204343DB0C6420434315480193019B6F
:10A1B000A3B901209060124CFF2323732B681C2548
:10A1C0006B43DB0C64256B430193019B73B9012046
:10A1D00090600B4BDB680B7003B030BD019B013B03
:10A1E000019383689C07E2D50020E4E7019B013BD3
:10A1F0000193A368DB07E8D5EBE700BFA4B100201B
:10A20000000001580E4B0F491B681822534382B0BF
:10A210001B0D6422534301934B69019AC3F38003DE
:10A2200022B902238360012002B07047019A013AEB
:10A2300001924A69920701D5002BEDD10020F3E786
:10A24000A4B100200004005807B50379012B0FD1F9
:10A250000A4B1B68182253431B0C0193FFF7F0FEB7
:10A26000019B013B0193019B002BF9D1FFF7DEFE1F
:10A2700003B05DF804EBFFF7C5BF00BFA4B1002039
:10A28000F8B51E468379012B154604460F46DAB20F
:10A290002DD14379012B2AD0022342718371FFF71C
:10A2A000D3FF0D212046FFF7CBFEFFF741FF390A10
:10A2B0002046FFF73DFFF9B22046FFF739FF2E4455
:10A2C000B5420ED12046FFF7B1FEFFF79BFFA06815
:10A2D00001230038A3714FF0000318BF0120637100
:10A2E000F8BD15F8011B2046FFF722FFE8E7022022
:10A2F000F6E7F8B51E468379012B154604460F464E
:10A30000DAB22FD14379012B2CD04271FFF79CFF99
:10A310001D212046FFF794FEFFF70AFF390A204669
:10A32000FFF706FFF9B22046FFF702FF00212046A3
:10A33000FFF7FEFE2E44B5420ED12046FFF776FE13
:10A34000FFF760FFA06801230038A3714FF00003FE
:10A3500018BF01206371F8BD29462046FFF71CFF96
:10A360000135E8E70220F6E7F8B51F468379012BAF
:10A37000154604460E46DAB22CD14379012B29D07A
:10A380004271FFF761FF06F0EF03A3F1840253422D
:10A390005341237131462046FFF752FEFFF7C8FEB6
:10A3A0002F44AF4210D1FFF741FE842E02D0204649
:10A3B000FFF728FFA06801230038A3714FF00003C6
:10A3C00018BF01206371F8BD15F8011B2046FFF787
:10A3D000AFFEE6E70220F6E7F8B51E468379012BCB
:10A3E000154604460F46DAB227D14379012B24D013
:10A3F0004271FFF729FF39462046FFF721FEFFF79C
:10A4000097FE00212046FFF793FE2E44B5420ED161
:10A410002046FFF70BFEFFF7F5FEA068012300388A
:10A42000A3714FF0000318BF01206371F8BD2946E6
:10A430002046FFF7B1FE0135E8E70220F6E737B521
:10A440000023ADF8043001AA022312210546FFF7CC
:10A45000C3FFBDF80440022364BA1946A4B201AA9E
:10A460002846FFF781FFE30702D5284609F0FAFBEB
:10A4700004F04203022B02D1284609F0F9FB6007E1
:10A4800002D5284609F01EFC210702D5284609F00E
:10A490001FFCE20602D5284609F020FCA30602D5DF
:10A4A000284609F009FC600602D5284609F0E6FBBB
:10A4B000210606D514F4807118BF0121284609F041
:10A4C000E3FBA20502D5284609F0EEFB630402D5A2
:10A4D000284609F009FC03B030BDF8B51E46837963
:10A4E000012B154604460F46DAB227D14379012BDA
:10A4F00024D04271FFF7A8FE0E212046FFF7A0FDF1
:10A50000FFF716FE39462046FFF712FE2E44B542ED
:10A510000ED12046FFF78AFDFFF774FEA0680123E5
:10A520000038A3714FF0000318BF01206371F8BD1C
:10A5300015F8011B2046FFF7FBFDE8E70220F6E7D0
:10A54000F8B51E468379012B154604460F46DAB24C
:10A550002BD14379012B28D04271FFF775FE1E21C4
:10A560002046FFF76DFDFFF7E3FD39462046FFF774
:10A57000DFFD00212046FFF7DBFD2E44B5420ED162
:10A580002046FFF753FDFFF73DFEA068012300388A
:10A59000A3714FF0000318BF01206371F8BD294675
:10A5A0002046FFF7F9FD0135E8E70220F6E7000055
:10A5B00090F83D30012B1BD1022380F83D30036819
:10A5C000DA6842F00102DA600A4A934202D0B3F13B
:10A5D000804F07D19968084A0A40062A06D0B2F58A
:10A5E000803F03D01A6842F001021A6000207047D1
:10A5F00001207047002C0140070001000368DA6861
:10A6000022F00102DA60196A41F21112114208D1F6
:10A61000196A40F24442114202BF1A6822F0010254
:10A620001A60012380F83D30002070477047704762
:10A6300070477047036870B5DD681E69B20704464D
:10A640000DD5A9070BD56FF002021A61012202771E
:10A650009B699A0774D0FFF7EAFF002323777307FB
:10A6600010D568070ED523686FF004021A61022224
:10A6700022779B6913F4407F204667D0FFF7D7FF0E
:10A680000023237731070FD52A070DD523686FF0F4
:10A6900008021A6104222277DB699B0720465BD0FF
:10A6A000FFF7C5FF00232377F00610D5E9060ED586
:10A6B00023686FF010021A6108222277DB6913F415
:10A6C000407F20464ED0FFF7B2FF00232377F207EA
:10A6D00008D5EB0706D523686FF001021A61204602
:10A6E000F6F7E6FF300608D5290606D523686FF091
:10A6F00080021A61204600F0B0F8F20508D52B065A
:10A7000006D523686FF480721A61204600F0A6F81F
:10A71000700608D5690606D523686FF040021A61F5
:10A720002046FFF786FFB20622D5AB0620D5236868
:10A730006FF0200220461A61BDE8704000F08CB82E
:10A74000FFF774FF2046FFF773FF86E7FFF76EFF02
:10A750002046FFF76DFF93E7FFF768FF2046FFF7FE
:10A7600067FF9FE7FFF762FF2046FFF761FFACE757
:10A7700070BD00001E4A0368904210B502D0B0F1CF
:10A78000804F09D14C6823F07003904243EA0403E0
:10A7900009D0B0F1804F06D0164A904203D002F59E
:10A7A0008062904203D1CA6823F4407313434A691C
:10A7B00023F08003134303608B68C3620B688362DA
:10A7C0000B4B984207D003F5C053984203D003F5D2
:10A7D0008063984201D10B690363012343610369DC
:10A7E000DB0742BF036923F00103036110BD00BF13
:10A7F000002C01400044014010B5044650B390F8CD
:10A800003D3003F0FF021BB980F83C20FAF7AEFCA4
:10A810000223206884F83D30211DFFF7ABFF0123A0
:10A8200084F84830002084F83E3084F83F3084F8C3
:10A83000403084F8413084F8423084F8433084F862
:10A84000443084F8453084F8463084F8473084F842
:10A850003D3010BD0120FCE770477047704702682B
:10A8600052E8003F23F0C00342E8003102680029AB
:10A87000F5D102F1080353E8003F23F4000302F18D
:10A88000080C4CE800310029F3D12023C0F88830AF
:10A890007047000010B5026852E8003F23F490733F
:10A8A00042E8003102680029F5D10F4C02F108039B
:10A8B00053E8003F234002F1080C4CE80031002926
:10A8C000F4D1C36E012B07D152E8003F23F01003EF
:10A8D00042E800310029F7D12023C0F88C30002352
:10A8E000C366436710BD00BFFEFFFFEFF8B5044627
:10A8F0001346D4F88850202D32D1F1B1EAB1E06F7F
:10A90000A4F85620A4F8542000262122C4F8906010
:10A910002165C4F88820226888B1124FC762124F9F
:10A920000763124F2832C0E90D76FDF71DFC30B1E8
:10A930001023C4F89030C4F888500120F8BD236873
:10A9400040221A62226802F1080353E8003F43F0F4
:10A95000800302F1080141E800300028F3D1EDE75F
:10A960000220EBE771A90008B9A90008C5A90008F1
:10A9700008B50346806A1B681B6813F0200317D1D3
:10A98000A0F85630026802F1080353E8003F23F0B4
:10A990008003083242E8003102680029F2D152E80F
:10A9A000003F43F0400342E800310029F7D108BDE1
:10A9B000FAF73EFEFBE7704708B5806AFFF7FBFF3A
:10A9C00008BD7047806A38B50468D0F88830D0F880
:10A9D0008C50A268120606D5212B04D10023A0F8C2
:10A9E0005630FFF73CFFA3685B0606D5222D04D145
:10A9F0000023A0F85E30FFF74DFFD0F8903043F011
:10AA00001003C0F89030FFF7DCFF38BD08B5806A4E
:10AA10000023A0F85E30A0F85630FFF7D2FF08BD43
:10AA2000704700000368D9691A682DE9F04140F6C3
:10AA30000F0631429D68044610D18E0640F1978082
:10AA400002F0200605F080573E4300F09080436FEF
:10AA5000002B00F08580BDE8F0411847AB4EAC48B4
:10AA60002E401040304300F08280CF0709D5D0053A
:10AA700007D501201862D4F8900040F00100C4F816
:10AA800090008F0709D5E80707D502201862D4F88F
:10AA9000900040F00400C4F890004F0709D5E80783
:10AAA00007D504201862D4F8900040F00200C4F8E2
:10AAB00090000F070BD502F02000304307D008208C
:10AAC0001862D4F8900040F00800C4F890000E0519
:10AAD0000AD5500108D54FF400601862D4F89030C0
:10AAE00043F02003C4F89030D4F89030002B37D0D6
:10AAF0008B0609D502F0200205F080552A4303D0C9
:10AB0000636F0BB1204698472668D4F89020B3684D
:10AB100002F0280203F0400353EA0205204621D048
:10AB2000FFF7B8FEB3685F0617D5226802F1080385
:10AB300053E8003F23F04003083242E80031002987
:10AB4000F3D1D4F8800040B1724B8363FDF785FBED
:10AB500030B1D4F88000836B7DE72046FFF731FFEA
:10AB6000BDE8F081FFF72DFFC4F89050F8E7E06EE4
:10AB7000012840F08980CE0640F18680D00640F161
:10AB8000838010221A629A6851064BD5D4F880202F
:10AB900011684A6892B2002AE2D0B4F85C00904290
:10ABA000DED9A4F85E200A6892062FD453E8002F5D
:10ABB00022F4807243E800210029F7D103F1080252
:10ABC00052E8002F22F0010203F1080040E80021C2
:10ABD0000029F3D103F1080252E8002F22F04002CD
:10ABE00003F1080040E800210029F3D12022C4F835
:10ABF0008C20E16653E8002F22F0100243E8002188
:10AC00000029F7D1D4F88000FDF7F2FA0223236778
:10AC1000B4F85E30B4F85C10C91A89B22046FFF768
:10AC2000FFFE9DE7B4F85E20B4F85E00B4F85C1057
:10AC300080B292B2002893D0891A89B200298FD0AD
:10AC400053E8002F22F4907243E800200028F7D147
:10AC5000314D03F1080252E8002F2A4003F10806A3
:10AC600046E800200028F4D12022C4F88C20606738
:10AC7000E06653E8002F22F0100243E8002000288D
:10AC8000F7D102232367C9E7CF0209D56E0207D5A2
:10AC90004FF4801220461A62BDE8F04100F0A4BDD6
:10ACA00008060BD502F0800005F40005284305D006
:10ACB000A36F002B3FF454AF2046CCE64F0611D5CE
:10ACC00056060FD553E8002F22F0400243E800213A
:10ACD0000029F7D12023C4F88830A1672046FAF76D
:10ACE000A7FC3DE70D0206D5500004D52046BDE87F
:10ACF000F04100F07BBDCB017FF532AF002ABFF6FB
:10AD00002FAF2046BDE8F04100F06FBD01000010FC
:10AD1000200100040DAA0008FEFFFFEFD0F88C20F0
:10AD2000B0F86010222A08B5036855D15B6A826DBD
:10AD30000B401370836D01338365B0F85E30013BC7
:10AD40009BB2A0F85E30B0F85E309BB2002B42D1CF
:10AD5000026852E8003F23F4907342E80031036830
:10AD60000029F5D103F1080252E8002F22F0010278
:10AD700003F1080C4CE800210029F3D12022C0F88F
:10AD80008C20184A41679342016705D1C26E012A9F
:10AD90000ED0FAF75BFC1EE05A681102F6D553E8B4
:10ADA000002F22F0806243E800210029F7D1EDE76F
:10ADB0000022C26653E8002F22F0100243E800216F
:10ADC0000029F7D1DA69B0F85C10D20644BF10222E
:10ADD0001A62FFF725FE08BD9A6942F008029A61DF
:10ADE000F9E700BF00800040D0F88C20B0F8601078
:10ADF000222A08B5036852D15A6A1140826D22F89E
:10AE0000021B8265B0F85E20013A92B2A0F85E2083
:10AE1000B0F85E2092B2002A40D153E8002F22F40D
:10AE2000907243E800210029F7D103F1080252E8AB
:10AE3000002F22F0010203F1080C4CE80021002948
:10AE4000F3D12022C0F88C20174A41679342016752
:10AE500005D1C26E012A0ED0FAF7F8FB1EE05A683F
:10AE60001102F6D553E8002F22F0806243E800215A
:10AE70000029F7D1EDE70022C26653E8002F22F047
:10AE8000100243E800210029F7D1DA69B0F85C101C
:10AE9000D20644BF10221A62FFF7C2FD08BD9A69AC
:10AEA00042F008029A61F9E7008000402DE9F84F6E
:10AEB0000368B0F86060D3F81CB01F689D68D0F8D4
:10AEC0008C20222A044640F0B980B0F8683043B1A3
:10AED000DFF87491DFF874A14FF000081BF0200F29
:10AEE00020D1B4F85E309BB2D3B1B4F868209A4256
:10AEF00016D9226802F1080353E8003F23F080537B
:10AF0000083242E8003122680029F2D1504B6367D1
:10AF100052E8003F43F0200342E800310029F7D116
:10AF2000BDE8F88F2368A26D5B6A33401370A36D90
:10AF30000133A365B4F85E30013B9BB2A4F85E30E8
:10AF40002368D3F81CB01BF0070F2ED01BF0010FA5
:10AF500009D0F90507D501221A62D4F8902042F0F1
:10AF60000102C4F890201BF0020F09D0EA0707D5B0
:10AF700002221A62D4F8902042F00402C4F8902011
:10AF80001BF0040F09D0E80707D504221A62D4F891
:10AF9000903043F00203C4F89030D4F8903023B1DD
:10AFA0002046FFF70EFDC4F89080B4F85E309BB2E7
:10AFB000002B93D1226852E8003F23F4807342E8CB
:10AFC000003123680029F5D103F1080252E8002F6F
:10AFD00002EA090203F1080040E800210029F3D148
:10AFE00020225345C4F88C20616721670AD05A6833
:10AFF000110207D553E8002F22F0806243E80021B8
:10B000000029F7D1E26E012A14D10022E26653E84A
:10B01000002F22F0100243E800210029F7D1DA695D
:10B02000B4F85C10D20644BF10221A622046FFF723
:10B03000F7FC53E72046FAF709FB4FE79A6942F01D
:10B0400008029A616CE700BFFEFFFFEF008000403E
:10B050001DAD00082DE9F84F0368B0F86060D3F823
:10B060001CB01F689D68D0F88C20222A044640F04E
:10B07000B780B0F8683043B1DFF87091DFF870A1A5
:10B080004FF000081BF0200F20D1B4F85E309BB2C7
:10B09000D3B1B4F868209A4216D9226802F10803A5
:10B0A00053E8003F23F08053083242E80031226821
:10B0B0000029F2D14F4B636752E8003F43F0200371
:10B0C00042E800310029F7D1BDE8F88F2368A26D6E
:10B0D000596A314022F8021BA265B4F85E20013A99
:10B0E00092B2A4F85E20D3F81CB01BF0070F2ED04C
:10B0F0001BF0010F09D0F90507D501221A62D4F817
:10B10000902042F00102C4F890201BF0020F09D0F9
:10B11000EA0707D502221A62D4F8902042F004020E
:10B12000C4F890201BF0040F09D0E80707D50422CB
:10B130001A62D4F8903043F00203C4F89030D4F887
:10B14000903023B12046FFF73CFCC4F89080B4F85F
:10B150005E309BB2002B95D1226852E8003F23F469
:10B16000807342E8003123680029F5D103F1080219
:10B1700052E8002F02EA090203F1080040E800212A
:10B180000029F3D120225345C4F88C206167216740
:10B190000AD05A68110207D553E8002F22F08062C6
:10B1A00043E800210029F7D1E26E012A14D10022E0
:10B1B000E26653E8002F22F0100243E80021002944
:10B1C000F7D1DA69B4F85C10D20644BF10221A62D3
:10B1D0002046FFF725FC55E72046FAF737FA51E7F6
:10B1E0009A6942F008029A616EE700BFFEFFFFEF26
:10B1F00000800040E9AD000838B5044603682169C5
:10B20000A2681D68C0690A4361690A43774902431D
:10B2100029400A431A605A68E16822F440520A43FE
:10B220005A60734AA16993421CBF226A11439A680B
:10B2300022F06E4222F430620A439A60DA6A616A4E
:10B2400022F00F020A43DA626A4A934219D14FF0A0
:10B25000B043694AD3F8883003F0030343F4403322
:10B26000934200F0B480B3F1031F24D0013A93421B
:10B2700040F0B580B0F5004F40F08F80FDF78CFFB7
:10B280006EE05E4A93421CD14FF0B0435C49D3F864
:10B29000883003F00C0343F440228A4200F0978088
:10B2A00006D8002B7CD0574B9A42E3D0012026E0F1
:10B2B000B2F10C1FFAD1B0F5004F53D04FF400405B
:10B2C00075E04B4A9342F1D14FF0B043D3F8883048
:10B2D00003F44063B3F5006F18D006D85BB1B3F543
:10B2E000806FE3D1FDF758FF07E0B3F5406FDDD184
:10B2F0004FF400400BE0FEF761FB40B900204FF037
:10B300000113A3660023C4E91D3338BD3E486568B8
:10B310003E4B626A05EB450133F81220B0FBF2F3B5
:10B320009942C3D8B3EB053FC0D800231946F5F7BF
:10B3300093FF090241EA10616B080002C0182A4617
:10B340004FF0000341F10001F5F786FF304BA0F507
:10B3500040729A42AAD82368D860CFE7FEF72EFB46
:10B360000028CBD06168294B626A33F81220B0FB09
:10B37000F2F24B0803EB42034FF6EF72B3FBF1F32B
:10B38000A3F11001914291D823F00F02216892B2EB
:10B39000C3F342031343CB60B0E7FDF7FDFE04E0C7
:10B3A000B0F5004FDAD0FEF709FB0028A6D063689D
:10B3B000616A164A32F81120B0FBF2F000EB53003C
:10B3C000B0FBF3F04FF6EF73A0F11002C1E7B0F558
:10B3D000004F0D48EBD1C5E7FEF700FBC0E7B0F525
:10B3E000004FF9D0FEF7FAFADFE700BFF369FFCFAD
:10B3F000008000400038014002000300004400408B
:10B4000008000C0004000C000024F400008F010868
:10B41000FFFC0F00836A1A0710B506D50168846B1C
:10B420004A6822F4004222434A60DC0706D50168DC
:10B43000C46A4A6822F4003222434A60990706D55A
:10B440000168046B4A6822F4803222434A605A073A
:10B4500006D50168446B4A6822F4802222434A6080
:10B46000DC0606D50168C46B8A6822F48052224348
:10B470008A60990606D50168046C8A6822F4005235
:10B4800022438A605A060FD50168446C4A6822F448
:10B4900080122243B4F5801F4A6005D14A68846C4B
:10B4A00022F4C00222434A601B0606D50268C16C22
:10B4B000536823F400230B43536010BD2DE9F84378
:10B4C000DDF8209005460E46174698462A68D3694F
:10B4D00036EA03030CBF01230023BB4201D0002046
:10B4E00029E0B9F1FF3FF2D0F9F76AFDA0EB0800BF
:10B4F00048452C6802D8B9F1000F1ED154E8003F2E
:10B5000023F4D07344E80032002AF7D104F1080391
:10B5100053E8003F23F0010304F1080141E8003241
:10B52000002AF3D12023C5F88830C5F88C300023D9
:10B5300085F884300320BDE8F88323685A07C5D511
:10B54000802EC3D0402EC1D0E3691B05BED54FF479
:10B550000063236254E8003F23F4D07344E80032D0
:10B56000002AF7D104F1080353E8003F23F0010358
:10B5700004F1080141E80032002AF3D12023C5F884
:10B580008830C5F88C30C5F89030D0E773B50446E4
:10B590000026C0F89060F9F713FD23681B681A07AE
:10B5A000054619D423681B685B070AD56FF07E43F4
:10B5B000009300222B464FF480012046FFF77EFFC8
:10B5C000B0B900202023C4F8883084F88400C4F87F
:10B5D0008C30E06620670CE06FF07E4300933246CB
:10B5E00003464FF400112046FFF768FF0028D9D02A
:10B5F000032002B070BD10B5044650B3D0F88830B7
:10B600001BB980F88430F9F715FF22682423C4F8A9
:10B610008830136823F001031360A36A13B1204636
:10B62000FFF7F8FE2046FFF7E7FD012811D0236859
:10B630005A6822F490425A609A6822F02A029A606C
:10B640001A6842F0010220461A60BDE81040FFF778
:10B650009DBF012010BD000030B581658168A0F854
:10B660005C200023B1F5805FA0F85E20436735D1F0
:10B670000369002B40F2FF1318BFFF23A0F86030CE
:10B680000023C0F890302223C0F88C30016801F10B
:10B69000080353E8003F43F00103083141E8003458
:10B6A0000368002CF2D1456E84680169B5F1005F32
:10B6B00032D1B0F8685095422ED8B4F5805F244A54
:10B6C00003D1244C002908BF22464267B1B153E898
:10B6D000002F42F4807243E80021F7E729B903699B
:10B6E000002B14BF7F23FF23C8E7B1F1805FC5D1D2
:10B6F0000369002B14BF3F237F23BFE703F1080238
:10B7000052E8002F42F0805203F1080040E8002187
:10B710000029F3D1002030BDB4F5805F0E4A03D17B
:10B720000E4C002908BF2246426741B153E8002F62
:10B7300042F4907243E800210029F7D1EAE753E888
:10B74000002F42F0200243E800210029F7D1E1E771
:10B75000ADAE000855B000081DAD0008E9AD000809
:10B76000D0F88C30202B30B415D1B9B1B2B1002350
:10B770000468C3660A4B9C420AD063681B0207D563
:10B7800054E8003F43F0806344E80035002DF7D1D2
:10B7900030BCFFF761BF022030BC70470120FBE7DF
:10B7A00000800040436E30B52BB90123A0F86A3009
:10B7B000A0F8683030BD0368094D9A689968094C53
:10B7C000490FC2F342626B5C615CDB00B3FBF1F3D7
:10B7D000A0F86A30AB5CA25CDB00B3FBF2F3E7E7F6
:10B7E000208F0108188F01087047704770471FB5F8
:10B7F00004AB03E9060090F88430012B04463AD0EC
:10B80000012380F884302423C0F8883003681A6844
:10B8100022F001021A609A6822F440120A439A60E8
:10B8200071B95A68BDF80C009DF80E1022F0100294
:10B8300002435A605A6822F07F4242EA01625A602B
:10B840001A6842F001021A60F9F7BAFB6FF07E4203
:10B85000034600924FF4800100222046FFF72EFE9F
:10B8600038B92023C4F88830002384F8843004B029
:10B8700010BD0320F8E70220F9E790F88430012B8F
:10B880000FD0012380F88430016851E8002F42F086
:10B89000020241E80023002BF6D180F884301846DC
:10B8A00070470220704710B590F88430012B044691
:10B8B00017D02423C0F8883003681A68196821F06B
:10B8C0000101196042F000524FF0005141661A60C8
:10B8D000FFF768FF2023C0F88830002084F8840038
:10B8E00010BD0220FCE770B590F88430012B0446AF
:10B8F00017D005682423C0F888302E682B6823F001
:10B9000001032B60AB6823F060431943A960FFF784
:10B9100049FF20232E60C0F88830002084F884007E
:10B9200070BD0220FCE770B590F88430012B04460E
:10B9300017D005682423C0F888302E682B6823F0C0
:10B9400001032B60AB6823F060631943A960FFF724
:10B9500029FF20232E60C0F88830002084F884005E
:10B9600070BD0220FCE7000038B5084D052455F8ED
:10B97000043B2BB9013C14F0FF04F8D1204638BD3C
:10B98000DB6898470028F5D0F9E700BF2CD80020E5
:10B99000034BD870034B1B681B6C03B118477047EF
:10B9A00014D8002010D80020034B1874034B1B68D8
:10B9B0005B6C03B11847704714D8002010D80020E2
:10B9C000F0B5314D314B95F90420314E91B00C4614
:10B9D000012795F905108DF8047002288DF80920CB
:10B9E0008DF80A1010D18DF80800D8711C7202F081
:10B9F00091FD337803B114B101A803F0F3F9254B9D
:10BA0000059A1A6011B0F0BD59714FF480711A7126
:10BA1000D9801C7233788DF8087053BB1F2306A899
:10BA20008DF81C208DF8183002F052FF20238DF87D
:10BA3000183006A82B798DF81C3002F049FF22231C
:10BA40008DF8183006A86B798DF81C3002F040FF95
:10BA500021238DF8183006A86B798DF81C3002F080
:10BA600037FF29238DF8183006A80B4B079302F0F7
:10BA70002FFF02F04FFD012306A88DF818308DF836
:10BA80001C3002F025FFB4E714D80020E0B10020FC
:10BA9000F0D60020E4D70020000400017FB5092380
:10BAA00001A88DF8043003F09DF90038044B059A85
:10BAB0001A6018BF0120404207B05DF804FB00BFC8
:10BAC000E4D7002070B504460B46144962784A70EA
:10BAD0000020A2780A7208701A884A729A788A72CC
:10BAE000DB780B746368CB600D4B1B68DA6A2AB194
:10BAF000237803F0FB030A2B00D09047094E002562
:10BB000056F8043B1BB15B6A0BB1204698470135E0
:10BB1000EBB2052B6DB2F3D170BD00BFB0B1002008
:10BB200010D800202CD8002070B5044611480123FD
:10BB3000037063784370A3788372E368C360E3782B
:10BB4000037623694376237943720B4B1B689B6A08
:10BB500003B19847094E002556F8043B1BB19B6979
:10BB60000BB1204698470135EBB2052B6DB2F3D1EE
:10BB700070BD00BFC4B1002010D800202CD8002018
:10BB8000014B1868704700BFE4D7002000B58BB0A8
:10BB9000012368468DF8003002F074FD38B99DF835
:10BBA0000400003818BF01200BB05DF804FB002032
:10BBB000FAE7000008B501F05BFE40B9FFF7E6FFC9
:10BBC000012806D0054B197AD879FFF7F9FE012034
:10BBD00008BDBDE80840FFF7C7BE00BFE0B10020C8
:10BBE0002DE9F04186B005460E46174601F040FEAD
:10BBF000002873D101F054FE044640B9FFF7C6FF98
:10BC000001280AD03D4B197AD879FFF7D9FE6FF099
:10BC10000204204606B0BDE8F081DFF8E48088F831
:10BC20000860003E18BF01268DF80460354E687824
:10BC300033798DF81230694602F0C2FC00283FD0FB
:10BC40008DF804400394ADF810406FF0060495E8B9
:10BC500003002D4B83E80300337988F80A30394616
:10BC600001A803F0EBF9294B059A1A6011283FD877
:10BC700001A353F820F000BFE3BC0008DDBC0008BE
:10BC8000F1BC0008F1BC0008F1BC0008F1BC0008E0
:10BC9000F1BC00080FBC0008F1BC0008F1BC0008B2
:10BCA000F1BC0008D7BC0008F1BC0008F1BC0008DA
:10BCB000DDBC0008DDBC0008DDBC0008F7BC0008E6
:10BCC0002B788DF808306B78ADF810306B680393E3
:10BCD0004FF0FF34BBE76FF005049AE76FF0010403
:10BCE00097E70B4B00221A70E31D18BF144690E72C
:10BCF0004FF0FF348DE76FF004048AE7E0B10020D5
:10BD0000C4B1002014D80020D4B10020E4D7002012
:10BD1000E3D7002037B501F0CDFD134D052455F8CC
:10BD2000043B4BB11A693AB19B682BB1984718B1E3
:10BD300055F8043C1B699847013C14F0FF04EED110
:10BD4000FFF712FE68B9094D2B7853B1084BADF8D7
:10BD50000040D978019422466846FFF741FF00B9B8
:10BD60002C7003B030BD00BF2CD80020E3D70020DA
:10BD700014D8002030B58BB0044601F079FD05469B
:10BD8000002835D1FFF702FF012834D168468DF82D
:10BD9000005002F077FC40BB9DF80430A34204D071
:10BDA000012C22D0022C12D014B100200BB030BDD7
:10BDB000002BFAD068468DF8044002F089FDA0B946
:10BDC0000E4B1B681B6B002BEFD09847EDE763B958
:10BDD00068468DF8044002F07BFD30B9074B1B68C4
:10BDE0001B6B002BE1D02046EFE74FF0FF30DDE783
:10BDF0006FF00100DAE76FF00200D7E710D80020FB
:10BE000010B504468AB018B94FF0FF300AB010BD23
:10BE1000002368468DF8003002F034FC0028F3D18E
:10BE20009DF804302370F1E77FB500220B462049CE
:10BE30008DF8072001220A7042784A700446002AD1
:10BE400033D102790A721A884A729A788A72DB7838
:10BE50000B740369CB60C378164D8DF80830037BF3
:10BE60008DF80930836803932B68DB6A0BB102A855
:10BE700098472B689B6B13B1227E02B198470E4EF8
:10BE8000052556F8043B1BB1DB690BB120469847EA
:10BE9000013D15F0FF05F4D10DF10700FFF7B0FFEC
:10BEA000637913B1054B01221A7004B070BD00BF55
:10BEB000B0B1002010D800202CD80020E3D70020FB
:10BEC00010B504468AB018B94FF0FF300AB010BD63
:10BED000202368468DF8003002F0D4FB0028F3D10F
:10BEE000024A9DF9043023701371EFE714D8002043
:10BEF00000B58BB02323019068468DF8003002F026
:10BF0000E7FC003818BF012040420BB05DF804FB8D
:10BF100070B5694C01468EB01822204606F046F8EE
:10BF2000664B00221A70F9F745FF2378406801221A
:10BF300002FA03F1014004D1614B084607F0FAFF11
:10BF4000FEE7604960481A4602F026F918B14FF042
:10BF5000FF300EB070BD272304A88DF8103002F01A
:10BF6000B7FC5A4E5A4D002879D1012333702B6803
:10BF7000DB690BB100209847FFF708FE012804D1C8
:10BF800001F08EFC08B102F0C5FA272304A88DF851
:10BF9000103002F077FB059B93F84820227093F84D
:10BFA000182193F81A316270A370464BD3E902014D
:10BFB00005F0ECFE05460028C9D1464E062304A82C
:10BFC0008DF8103002F05EFB059B736104A802F04F
:10BFD0007FFC022304A88DF81030059602F052FB76
:10BFE0000836032304A88DF81030059602F04AFBAA
:10BFF0000F2605F091FF012304A88DF814308DF869
:10C00000106002F065FC10230DEB03008DF810307A
:10C010008DF8145002F05CFC04238DF8103004A855
:10C02000A3788DF8143002F053FC3A238DF81030C9
:10C0300004A86369059302F04BFC02A920788DF8EF
:10C04000086004F0E9F8003818BF0120E0711420FE
:10C05000FFF74EFFE07903F0B3F9284679E728238C
:10C060008DF810302B681B6943B104A802F00AFB5D
:10C070002B6805981B6940F2C4519847272304A8F0
:10C080008DF8103002F024FC50B9012304A88DF87B
:10C09000103002F0F7FA9DF81430002B7FF465AFF2
:10C0A0003378002B7FF463AF052204A88DF81020AD
:10C0B000059302F00DFC78E714D80020E3D70020A8
:10C0C000288F0108E8D7002000D80020F0D60020F3
:10C0D00010D8002050D8002037B500230D4601931A
:10C0E0000446D0B900F0A8FB0190019BD3B10F4AE0
:10C0F00042F824300E4A9A620E4A1268916B196314
:10C10000916C596392690C49D9625A6128465B68FF
:10C110000A49F2229847002006E001A900F092FBAC
:10C120000028E2D04FF0FF3003B030BD2CD8002003
:10C13000C1B9000810D800209DBA0008F1D600202F
:10C14000194B07B51860194B194A1A60194A5A60F9
:10C15000194A9A60194ADA60194B02681A604268F3
:10C160005A6082689A60C268DA60164A1A61826907
:10C170005A61154BC26B5A60144A019119609A605A
:10C180001946134ADA600020FFF7A6FF48B901A854
:10C1900000F056FB003818BF0120404203B05DF8A4
:10C1A00004FB4FF0FF30F9E710D8002000D8002042
:10C1B00029BB000829BE00084DC20008C5BA000806
:10C1C000E8D70020C901010840D8002091B9000833
:10C1D000A9B9000849B118B1012804D0002070475E
:10C1E000034B0B60FAE7034BFBE74FF0FF30704760
:10C1F000000400010300010208B503F0FDF8002867
:10C2000014BF6FF00100002008BD08B502F0AAF9C4
:10C21000002814BF6FF00100002008BD10B50446CF
:10C220008AB018B94FF0FF300AB010BD212368461C
:10C230008DF8003002F026FA0028F3D1024A9DF969
:10C24000043023705371EFE714D800202DE9F0413A
:10C250002F4D304F00232B7043786B703B689B6AE7
:10C260008AB004460BB128469847DFF8AC80002618
:10C2700058F8043B1BB11B6A0BB1204698470136A6
:10C28000F3B2052B76B2F3D12378052B2FD00B2BED
:10C2900035D0012B25D1214C062368468DF800307E
:10C2A00002F0F0F90199E07905F0B6FD10B91C4BE8
:10C2B000019A5A611B48FFF703FE1B48FFF7AEFFC8
:10C2C0006B788BB9A371194B5878FFF753FD3B6816
:10C2D0005B6A0BB1114898476B7813B9E07905F0A8
:10C2E0002DFE0AB0BDE8F081FF23A371EFE7104BEC
:10C2F00001225A74227A9A74627ADA74F1E76378C6
:10C30000002BEED00AB0BDE8F041FFF7C7BB00BF7D
:10C31000C4B1002010D800202CD80020E0B10020AB
:10C3200050D80020E4B10020E5B1002014D800204E
:10C33000B0B1002030B58BB0FFF767FF0446F0B90D
:10C3400003F04AFF831C1DD0F8B9134D2B685B69BD
:10C35000DBB1272368468DF8003002F093F92B6893
:10C3600001985B694FF4B961984703F047FF78B9CA
:10C370002CB9094B1B68DB690BB10120984720469B
:10C380000BB030BD6FF00704EFE74FF0FF34ECE780
:10C390004FF0FF34F3E700BF10D80020014B1878AE
:10C3A000704700BF84D80020014B5878704700BF09
:10C3B00084D8002070470000044B9A7A0AB1012209
:10C3C0005A70034B5B6903B11847704784D800204B
:10C3D000ECB1002073B5224C6378002B33D008F009
:10C3E00053F866680546FFF7CBFB0644AE4214D20D
:10C3F000A37A93B1E0228DF800208DF80130217AE4
:10C40000E368019301226846FFF7EAFB08B10730B1
:10C4100010D100236370A372656094F83430EBB1DF
:10C42000002384F834300F4B5B6BBBB102B0BDE826
:10C430007040184740F2DC510B4808F0F1F80A4808
:10C4400008F0B4F8E8E794F83520002AE5D094F82D
:10C45000360084F83530FFF78DFCDEE702B070BDA2
:10C4600084D80020ECB1002068D8002037B5104DEA
:10C47000104CC8B1C1B16272012300222860E16092
:10C4800023700D480D4B00924FF0FF3107F0E2FF93
:10C4900000250B4825822022294605F09BFD65706A
:10C4A000A574A58603B030BD00232B602370EFE791
:10C4B00080D8002084D8002068D80020B9C30008A4
:10C4C00098D800202DE9F0478E4C23788CB0002BB3
:10C4D00056D0C2780AB9837B13B1238A01332382F1
:10C4E000437B002B4CD0E02A4AD10023A3728768FB
:10C4F00097F80080B8F1220F27D8B8F1220F30D872
:10C50000DFE818F04100FB0052005A0061006E00A5
:10C5100075008E009D00B400C7002F002F002F0073
:10C520002F002F002F002F002F002F002F002F0093
:10C530002F002F002F002F002F002F002F002F0083
:10C540002F002F00C900D000D400B8F17E0F00F0FA
:10C55000CC80B8F17F0F00F0DF80B8F17D0F00F0E4
:10C56000AB80A57A002D00F05B81674C637A3BB904
:10C570004FF47A71204608F053F8204608F016F878
:10C580000CB0BDE8F087E36801220021A2721970A7
:10C59000A37AE1689818A0720620C854A37AE168CB
:10C5A0009818A072CA54DCE7584B9B6A002BD8D06D
:10C5B000012102209847D4E77B7884F836300123A4
:10C5C00084F83530CDE704238DF804307B78003BC8
:10C5D00018BF012301A88DF8083002F079F9C0E7EF
:10C5E0007878003818BF012002F0EAFEB9E7484E1B
:10C5F0000FCE01AD0FC50FCE0FC596E8070085E839
:10C6000007007B780A2BACD8424A12685268002A8D
:10C61000A7D00CA901EB830353F82C0C9047A0E79B
:10C620007878431E012B9CD83A4B01381B6818BF01
:10C63000012020729B68002B93D0984791E7E26815
:10C6400001230821A3721170627A057BA17AAA42A4
:10C6500028BF2A46934284D285685A1CEB5CE56861
:10C6600001334E1CA6726B54D3B2EDE7E36801228E
:10C67000A27209221A70A37AE268218A581CA07259
:10C68000D154A27A238AE1681B0A501CA0728B54F1
:10C6900067E7238265E705238DF8043001A802F0DF
:10C6A000A1FB5EE7194BDB6A98475AE7194B78788C
:10C6B0001B686075DB68BEE7037B072B7FF451AF17
:10C6C00006238DF80430B7F80130ADF808307B79D7
:10C6D0003A791B0443EA0223FA7813436422534352
:10C6E0000393BB798DF81030D8E73B2201A88DF871
:10C6F00004208DF8083002F0EBF8012384F8343080
:10C700002FE700BF84D8002068D80020ECB10020BB
:10C710008C85010880D800202A2301A88DF80430D8
:10C7200001F0B0FF94F80A90E6689DF808009DF8C3
:10C7300009509DF80A709DF80BC09DF80D309DF8CA
:10C740000E209DF80F109DF80CE009F1010A84F805
:10C750000AA006F80980354E94F80A903668D4F895
:10C760000C8009F1010A84F80AA096F803A008F8E1
:10C7700009A094F80A90D4F80C8009F1010A84F811
:10C780000AA096F802A008F809A094F80A90D4F834
:10C790000C8009F1010A84F80AA096F801A008F8B3
:10C7A00009A094F80A9009F1010A84F80AA096F801
:10C7B0000080E66806F8098094F80A80E66808F1C7
:10C7C000010984F80A9006F808C094F80AC0E668DF
:10C7D0000CF1010884F80A8006F80C70A77AE66864
:10C7E00007F1010C84F80AC0F555A57AE6686F1CBC
:10C7F000A7727055A07AE568461CA6722954A17AE2
:10C80000E0684D1CA5724254A27AE168501CA072E7
:10C810008B54A37AE268591CA17202F803E0A0E6E7
:10C82000034807F075FE6570AAE600BF80D80020B7
:10C8300068D800207047000000487047ECB1002025
:10C84000002070474FF0FF3070470000044B054A4E
:10C8500093F81831022B18BF062382F890347047E2
:10C860002CDF0020F0E40020034BD3F8483313B151
:10C870005B6903B118477047F0E40020034A13785E
:10C8800043F004031370FFF7EFBF00BFD4D80020BC
:10C89000074BD3F8402322F48072C3F8402393F867
:10C8A000912442F0100283F89124FFF7DDBF00BF0E
:10C8B000F0E400201FB50A4B8DF8090093F87C20A6
:10C8C0008DF80A2093F88C2093F848000D3202A9C5
:10C8D0008DF8082003F0A0FCC0B205B05DF804FBA1
:10C8E0002CDF002008B5074807F012FE064B93F82E
:10C8F0001A2412B1012283F81924BDE80840FFF779
:10C90000B3BF00BFF0E80020F0E4002010B50C4CED
:10C91000D4F8403343F08003C4F8403394F81A3419
:10C9200013B10020FFF7DEFF94F8913423F01203D7
:10C9300043F0120384F89134BDE81040FFF786BF3E
:10C94000F0E400202DE9F041DFF8AC8098F81831D0
:10C95000022B06460D4602D0284BDB6A984702F0B0
:10C96000E6FD044628B1022002F0D7FD002002F0C7
:10C97000D9FD98F81831012B17D102F0DAFD0746DE
:10C9800030B1002002F0CAFD002002F0CCFD3C4690
:10C9900002F0D1FD48B1002002F0C1FD002002F0FC
:10C9A000C3FDBDE8F041FFF751BF002CF9D1144C95
:10C9B00094F8902494F81A34BAB90BB184F841640D
:10C9C000304602F057FFD8F82C0007F067FDD4F886
:10C9D000B4339842E5D30B4807F09AFD94F89134AC
:10C9E00043F0100384F89134DBE70BB184F8415431
:10C9F000284602F03FFFF1E72CDF0020A096010857
:10CA0000F0E4002088E80020074A10B5137843F0CE
:10CA100002031370FFF728FFBDE81040034B01220B
:10CA20000021022007F086BAD4D80020718F0108B7
:10CA3000074A10B5137843F008031370FFF714FF8B
:10CA4000BDE81040034B01220021022007F072BA1A
:10CA5000D4D80020818F01082DE9F0410F461646F9
:10CA60001D46804607F010FD0B4A0C4C13782781B9
:10CA700023F0110343F01103C4E900081370668129
:10CA80002573FFF7F1FEBDE8F041054B01220021BF
:10CA9000022007F04FBA00BFD4D80020C0D8002031
:10CAA000918F010813B507F0EFFC0D4B6C46186031
:10CAB000204607F089FC94E803000A4A0A4B83E801
:10CAC0000300137843F020031370FFF7CDFE074BEC
:10CAD00001220021022002B0BDE8104007F02ABA6E
:10CAE000D0D80020D4D8002028E800209E8F01084C
:10CAF0002DE9F04192B0064602F019FD002840F001
:10CB00005881AD4D95F81831012B09D02B6BAB4CEA
:10CB100093B194F80431BBB1042B6FD0032003E030
:10CB200002F007FD18B10F2012B0BDE8F08102F04D
:10CB300002FD0028EAD0F6E7B5F82031D4F81C242D
:10CB4000013B53432B63E4E79D4803F09CFA002824
:10CB500040F0128194F80C3123802B6B0C930DF173
:10CB6000180895F839308DF83830404695F81C3162
:10CB70008DF83A3007F04EFCD5F82831009302AF1B
:10CB800098E80600D5F82431384607F0DAFB97E834
:10CB900003000FAB83E80300EB6A0D9300238DF8CD
:10CBA00044302388ADF8463095F8303101228DF8B5
:10CBB00039201BB98DF844208DF83930814B009312
:10CBC000814B95F84800A3F179020CA903F099FB79
:10CBD000C0B10B28A8D1D4F8941499B1002EA3D0D9
:10CBE000D4F84033794843F02003C4F8403307F0C9
:10CBF00017FD764807F0DAFC002095E7704803F04F
:10CC000076FAA4E795F8487095F9693095F93920D6
:10CC100095F87D106E4E384603F080FB009641B2C9
:10CC2000EB6C95F850203846183603F01BFB009645
:10CC3000EB6C95F8502095F9701095F8480003F0CA
:10CC400011FBD4F8C413AB6DD4F8DC230B44C4F847
:10CC5000B033EB6D1344C4F8B43394F80431042BAF
:10CC600007D02B6E0B44C4F8B0336B6E1344C4F87A
:10CC7000B4330023089395F83031002B40D10023C2
:10CC80008DF8133095F839308DF8213095F838301B
:10CC90008DF82230D5F880300993D5F884300A9386
:10CCA0002388ADF82C3095F8303194F81B648DF85A
:10CCB0002E3095F84800474B8DF820600DF1130297
:10CCC00008A903F0E3FA012384F8413495F83930D8
:10CCD00084F842349DF8133084F84334D4F81C347B
:10CCE000C4F85064C4F84834C4F8583402F025FC41
:10CCF000C8B1D4F81C0402F032FCA0B1102013E734
:10CD000008A802F0E7FC60B995F9390094F8376299
:10CD10009DF82070FFF7CEFD3E44B042AFD2082010
:10CD200002E7132000E795F81831012B01D102F03A
:10CD300018FC02F005FC0023059394F8043195F9E2
:10CD4000395094F81B649BB1042B7FF4E7AE05A81F
:10CD500002F0F4FE58BB94F8183413B1059B013B64
:10CD60000593174B05983246E9B202F049FF02E0FD
:10CD7000134802F01DFF08B11120D5E6D4F8403366
:10CD800094F80C11218043F00203C4F8403394F866
:10CD9000183411480133DBB284F8183484F8453470
:10CDA0000E4B00259B6AC4F89854984724E712203C
:10CDB000BAE60E20B8E600BF2CDF0020F0E4002029
:10CDC000F8E500205CDF002084E9002058E800201E
:10CDD000A8E800200CE90020F2E40020A096010859
:10CDE00073B5134D134E0096EB6C95F8502095F9E2
:10CDF000781095F8480003F035FA95F8303133751E
:10CE000095F8480040F2012306F13C023146738256
:10CE100003F034FA50B196F83C3086F88230064B75
:10CE200000205B6B9847F37C86F8A83002B070BD99
:10CE30002CDF0020D8E80020A0960108F8B5324C7D
:10CE400094F81831012B05460ED0022B4ED0002B42
:10CE500057D138B9D4E91B0104F1740383E8030006
:10CE60000020F8BD012806D102F06CFB0028F8D1A3
:10CE700084F81851F5E7022843D1244E84F81801AC
:10CE800006F5747CBCE80F0006F57A770FC79CE8BE
:10CE9000030094F8E92094F8003187E8030086F84D
:10CEA000FB53D2B1022B18D1D4F804316367C6F812
:10CEB000EC3394F87D3094F8082186F8F83394F830
:10CEC0008C3084F8782086F8F93396F81B2486F89D
:10CED000E82340F20133A6F8FA33002386F81A3427
:10CEE0000B4BDB6A9847FFF77BFFB9E748B9074B65
:10CEF00084F81801062283F89024054BDB6A9847D2
:10CF0000AEE70320ADE700BF2CDF0020F0E40020F7
:10CF1000A0960108F0B5504C504EB4F8DC202287A2
:10CF2000D4E92D0194F8B12084F8692004F16C0251
:10CF300082E80300D4E92F0104F1740282E80300BF
:10CF4000B4F8C420A4F87C2091B0D4F8CC20D4F854
:10CF5000C810C4F884200025D4F8D020C4F8882054
:10CF60000123A4F82031C4F8801084F83051A56260
:10CF700084F81B5184F83A5084F81D5184F81E51EE
:10CF8000C4F83451C6F89854A6F8185486F81A54C0
:10CF9000A4F838518DF8183004F50973039304F59B
:10CFA0000A7394F84800049303A92D4B84F8455163
:10CFB000C4E94F55A4F84651059303F03BF9E36EDD
:10CFC000C6F8D43394F87D3086F8E03394F88C308A
:10CFD00086F8E1334FF48073A6F8E23386F8D05335
:10CFE00094F8303186F8E43306F574770FCF06F500
:10CFF0007A740FC497E8030040F2012384E8030029
:10D00000A6F8FA33D6F8483386F81B54CDE9015513
:10D010001BB15A685B6901920293124B0793A3F10B
:10D0200048020892A3F1140209920F4A0B92293385
:10D030000A93A2F19C030C93A2F198030D93131D84
:10D040000E9301A902F14C0307A802F599620F9310
:10D0500002F062FA11B0F0BD2CDF0020F0E40020F5
:10D06000D8D8002058E9002010E00020F8B50D4F76
:10D070000D4E0C4607F04CFA3B6B98470B4A96F85E
:10D080004800214603F0FAF850B1094D706D95F84B
:10D09000243485F86A347B6B9847E37C85F89034B8
:10D0A000F8BD00BFA09601082CDF002014E9002085
:10D0B000F0E400200F4890F81B3480F8B8330E4B92
:10D0C00093F8692080F8BB2393F87D2080F8C8236B
:10D0D00093F88C2080F8C92393F8303180F8CC3352
:10D0E0000022A0F8CA2300F56E7100F56070FFF70A
:10D0F000BDBF00BFF0E400202CDF0020114890F8F5
:10D100009034EBB190F81B3480F8D0330E4BDA6ECC
:10D11000C0F8D42393F87D2080F8E02393F88C2086
:10D1200080F8E12393F8303180F8E4334FF48072D3
:10D13000A0F8E22300F5747100F56670FFF796BF62
:10D14000704700BFF0E400202CDF002070B5344CA5
:10D150002421204604F040FF636A984218BF6062B1
:10D160004FF01C012F4814BF0125002504F034FFA7
:10D17000636C984218BF60644FF480712A4818BFEE
:10D1800045F0020504F028FFD4F84831984218BF52
:10D19000C4F848014FF0D401244818BF45F00405F5
:10D1A00004F01AFFD4F82032984218BFC4F82002C5
:10D1B0004FF000011E4818BF45F0080504F00CFFB1
:10D1C000D4F82432984218BFC4F824024FF4607196
:10D1D000184818BF45F0100504F0FEFED4F8A83535
:10D1E000984218BFC4F8A8054FF01401124818BFA0
:10D1F00045F0200504F0F0FED4F8C03598420F4BFE
:10D2000018BFC4F8C005D3F8483318BF45F040052F
:10D210002BB11B691BB12846BDE87040184770BD93
:10D220002CDF002054DF002074DF002078E0002095
:10D2300050E1002054E10020D8E40020F0E4002078
:10D240002DE9F04F8FB04FF00009012B06460F4635
:10D2500090468DF80D90ADF8109002D84C46BC4227
:10D2600002D30FB0BDE8F08F305D02F073FA2044B6
:10D27000B842F6DC335D651C023BEDB2112BF0D8F1
:10D2800001A252F823F000BFD1D20008FBD200085F
:10D29000F9D3000821D40008B1D40008D7D400087D
:10D2A0003DD5000865D50008EDD5000863D200081B
:10D2B00063D2000841D6000863D2000863D2000898
:10D2C000E9D6000811D7000849D700087DD7000823
:10D2D000052002F0E7FA70B10521002002F0A8FA5B
:10D2E000725DBF4BE51C0234E4B283F85C24325D0E
:10D2F00083F85D24EDB22C46B1E700238DF80E30A3
:10D300008DF80F308DF814308DF81830B9F1000F0A
:10D310006DD1B44C4FF0050994F87C208DF8312084
:10D320006B1E94F839208DF83320334494F838205C
:10D330000B938DF8342094F81A3194F868208DF806
:10D340003520D4F82C218DF832300A9273B37B1C2F
:10D350005B1BDBB28DF8303006AB019305AB00935D
:10D3600094F848000DF10F030DF10E020AA902F026
:10D3700099FF8DF80D0000F00700072813D194F9EC
:10D3800039209DF90E3084F839309A429DF80F30DB
:10D3900084F83830B8BF01229DF81430B8BF84F843
:10D3A0001D2184F868304FF0000A09E00523D1E719
:10D3B00001220DF10D01032002F0E4F80AF1010A47
:10D3C0005FFA8AF29DF81830B3FBF9F19142EFD879
:10D3D0002B44DDB26B1EDBB29F420BD9F25C032AF9
:10D3E0009AD0AF4288BF1D464FF0010983E705344C
:10D3F000E5B2F9E71D46F7E7735D7A4903F00F03DD
:10D40000012281F81B31023402FA03F3A1F8203122
:10D41000E4B2002204A9042002F0B4F825466AE729
:10D4200007238DF80D30735DDFF8B8A1C3F3021246
:10D4300003F00F030F2B8DF8283004BF9AF87030DB
:10D440008DF828308DF82920651DA21CE31C0434BA
:10D45000DBB2E4B2F15C335D9AF84800D2B21B044F
:10D46000B25C43EA01231343642253430AA90B939A
:10D4700002F027FF00F00703072BEDB28DF80D0037
:10D480000ED19DF828308AF870308AF878300B9BDE
:10D49000CAF86C30CAF874309DF829308AF86930BF
:10D4A0008DF81000012204A9052002F06BF822E794
:10D4B0004B4BD3F8483363B11B6853B1984708F01E
:10D4C0003F038DF810008DF81130022204A90620C8
:10D4D000EBE7FF20F3E703238DF80D30735D8DF844
:10D4E0001C300AAB0693E31CDBB2A51DF25C231DC6
:10D4F000DBB206A9F35C1B0443EA0223A21CD2B2EE
:10D500000534B25C134364225343E4B20A9300230C
:10D510000B93335D8DF83030324B93F8480002F0B6
:10D52000D6FEC3B20028EDB28DF80D30FFF6E3AEA3
:10D530008DF81030012204A90720B6E7735D03F0CF
:10D540000F03012B4FF47A7238BF01235343254A4E
:10D550000234936503F57A73D365E4B2002204A91B
:10D56000082059E7735D1F4DC3F340128DF8152055
:10D5700095F84800C3F3001205A903F00F038DF8D6
:10D5800014208DF8163002F0A8FE02340130E4B207
:10D590003FF444AFBDF81430134AA5F87C309DF831
:10D5A00016309DF814A0D05CF3F7DCFB0223C5F81D
:10D5B00080000AA995F848008DF828308DF82AA037
:10D5C00002F02AFE95F93930069040B29842B8BF71
:10D5D000184685F83900002204A909201CE700BF7D
:10D5E000F0E400202CDF0020AB8F010803238DF82E
:10D5F0000D30735D8DF82830E31CDBB2651DF25CE5
:10D60000231DDBB20234F35CE4B21B0443EA0223C1
:10D61000325D1343642253430B93644B0AA993F87E
:10D62000480002F060FEC3B20028EDB28DF80D3064
:10D63000FFF661AE8DF81030012204A90A2034E70C
:10D64000092002F02FF9DFF868B1002849D009213C
:10D65000002002F0EDF80023ADF81E30A31CDBB271
:10D66000F25CE31CDBB216F803A0735D4FEA0A4AD2
:10D670004AEA022A4AEA030A231DDBB2A51D053441
:10D68000F35CE4B24AEA036A335D4FF47A725343BF
:10D690000AAC1B122046ADF81C3006F095FE454B37
:10D6A00053440693DBF83C3300930DF1180A9AE8D3
:10D6B0000600DBF8383308A806F043FE099B009308
:10D6C00094E80600089B504606F020FE9AE8030006
:10D6D00006F052FE01F040FF0123EDB28BF8383422
:10D6E00009E68BF8380406E60C2002F0DBF8002887
:10D6F0003FF401AE0C21002002F09AF82C4B93F875
:10D700009034043B012B7FF6F6AD01F021FFF2E5EA
:10D71000A31CDBB2725DF15CE31CDBB2651DF35C44
:10D720000434E4B21B04305D43EA01231343642153
:10D73000594300F00F0001F00CFFEDB28DF810001E
:10D74000012204A91120B0E60D2002F0ABF8002858
:10D750003FF4D1AD0D21002002F06AF8A31CDBB22A
:10D76000154AF05C735D1268251D0334E4B243EA88
:10D770000020315DEDB201F0EEFEBCE5725DA31C50
:10D78000251D0334DBB2E4B2F15C335D1B0443EAD4
:10D79000012313436420584301F0DFFEEDB28DF8FE
:10D7A0001000012204A913207FE600BF2CDF002017
:10D7B000F0E40020803DD512C0D800200E4B93F835
:10D7C0009124920703D593F88F24012A08D90B4995
:10D7D00091F81A2122B18A6A501C18BF01328A625C
:10D7E0000022A3F8182483F81A24D3F8402322F047
:10D7F0000202C3F840237047F0E400202CDF002031
:10D8000070B5184C1848194D06F082FED4F8403314
:10D81000D4F89804D5F8906023F02003C4F840337E
:10D8200038B106F03BFE864203D2002385F83A3039
:10D8300070BD0120FFF75CF90028F9D00B28F7D064
:10D8400095F8393084F84234092094F8183484F873
:10D85000453484F8410402F00DF8BDE87040FFF74C
:10D86000ADBF00BFF0E4002058E800202CDF00200E
:10D87000094BD3F84023012A0AD008490978C9077F
:10D8800008D43AB993F89204013818BF01207047C0
:10D890000020704701207047F0E40020D4D8002019
:10D8A000034BD3F84003431E58425841704700BF12
:10D8B000F0E400202DE9F04FA9B0EFF3108272B62A
:10D8C000DFF8F0B20021DBF80030CBF8001082F373
:10D8D0001088B94C002B00F0E180DAB29B0603926D
:10D8E00064D5B64D95F81831022B02D0B44BDB6AE3
:10D8F0009847EFF3108872B6B24F06F0C5FD3E6848
:10D90000D4F8B013361A3144AF4806F089FEAE4859
:10D9100006F04CFED4F8B413AC48314406F080FE57
:10D92000AA4806F043FE88F3108894F81A34002BB6
:10D9300000F06B81152312A995F848008DF8483046
:10D9400002F06AFCD4F8B4130F900144A04806F02A
:10D9500067FE9F4806F02AFE3B6894F81B24EB62A2
:10D960000DAF38468DF870201D9306F053FDD5F8A5
:10D970002831009306AE97E80600D5F824313046EA
:10D9800006F0DFFC96E803001FAB83E80300D4F841
:10D990001C341E9395F8303195F84800003B18BFB1
:10D9A00001231CA98DF8713002F03FFC039BDF06B8
:10D9B00048D5824DDFF81CA2D5F8E42004929BF8EC
:10D9C0000020BAF90A809AF90C90A4F88C840023FC
:10D9D00063F300020A9384F84434A4F8223484F8F0
:10D9E0002534C4F82834A4F82C3484F82E34C4F830
:10D9F000303484F82034C4F8343484F83834C4F82B
:10DA00003C346F4B8BF8002094F89024DB6A84F848
:10DA10008E9484F88F24DAF80470BAF80860984776
:10DA200094F88F3413B9694806F072FD31463846D0
:10DA300001F07BFD8346002800F0EA80A4F87E8494
:10DA400084F88094039B19071AD55C4B93F818311E
:10DA5000022B02D05A4BDB6A98470220FEF7F6FEF3
:10DA600084F8410401F006FF94F81A3413B101233D
:10DA700084F8193494F8913443F0100384F8913405
:10DA8000039B5A0703D506210520FEF75BFF039B86
:10DA90009B0703D504210320FEF754FF01F063FD2B
:10DAA00094F89124D7065FD5002384F89234D4F8F3
:10DAB00040331E0644BF23F08203C4F8403312F003
:10DAC000050F00F005830B2001F0ECFE002800F0AC
:10DAD000FF8294F89134DD0700F1FA82580740F193
:10DAE0001183D4F8403323F00203C4F84033D4F850
:10DAF000402382BB94F8915415F001011EBF2B46C0
:10DB000062F3000384F8913494F891345E0744BFC3
:10DB10006FF3820384F89134012384F8923421B1A5
:10DB2000D4F844332C481B6898476D070BD52B4815
:10DB300001F0C4FE01F0F2FE28B194F8913443F0F4
:10DB4000040384F8913401F0FCFC94F891346FF3F1
:10DB5000041384F89134012384F8923494F89134B6
:10DB600043F0200384F8913494F8913418070AD5CF
:10DB70006FF3C3031A4984F89134D4F84433A1F104
:10DB80002400DB68984794F8913499070AD56FF31D
:10DB90004103134984F89134D4F84433A1F16C0063
:10DBA0005B68984794F89034022B1BD1FFF718F963
:10DBB00018E000BFD4D80020F0E400202CDF0020C3
:10DBC000A0960108D0D8002070E8002088E8002046
:10DBD000F0E80020C0D8002030E9002044E900200F
:10DBE0007CE9002094F891349A0640F1CE826FF3DC
:10DBF000451384F89134D4F84033002B40F0C582AB
:10DC000029B0BDE8F04FFFF7A1BA84F84134A3E68C
:10DC100095F81831012B0CD101F08BFC804668B1CE
:10DC2000584601F07BFC584601F07DFC042384F843
:10DC30008F347EB9012384F8213455E101F07BFC57
:10DC40000028F6D0404601F06AFC404601F06CFC2A
:10DC50000523ECE73B7805935B09013B062B00F2BB
:10DC60002082DFE813F007001E029B001E029800CE
:10DC70001E020F02102EDDD995F830311297F6B240
:10DC80008DF84C60002BD5D11CA804F0B7F812AA6F
:10DC90001CA9FF2002F0D0F8A0B99DF8583003F07D
:10DCA0000F020F2A16D0C3F303038DF82C3095F81A
:10DCB000480095F87D308DF82D3007220BA902F031
:10DCC000BEFA38B9012001F0EDFD002850D0012145
:10DCD00007204BE09DF853309DF852201599C5F868
:10DCE000E4101B0443EA02239DF851200220134351
:10DCF000C5F8E03004F090F89DF8583095F84800E9
:10DD0000C3F3021285F8692003F00F020F2A1EBF29
:10DD1000C3F3030385F8703085F878309DF85930E7
:10DD2000012B38BF01234FF47A725343AB65134480
:10DD3000EB650DF15A03012710934FF0000894F89A
:10DD40001B348DF83C30113E0FA985F8687085F8BA
:10DD50002E818DF8446002F07AFA0223384685F865
:10DD6000303101F09FFD18B13946404601F060FDA9
:10DD700094F88F34012B00F2A28194F81A34002B0E
:10DD800040F0958194F8913443F0100384F8913475
:10DD9000FEF75CFD56E6012384F8203495F87D30CB
:10DDA0008DF82E3094F824348DF82D3095F88C3081
:10DDB00095F848000D330BA98DF82C3002F02CFAA1
:10DDC000A6F10D031BB2099023EAE37300B283426C
:10DDD0003FF730AF0B2E7FF62DAFBC4B25931CA821
:10DDE000FF231C978DF874608DF8983002F0F0F8DE
:10DDF000074600287FF41EAF95F81831012B13D188
:10DE000001F097FB002872D0384601F087FB3846B6
:10DE100001F089FB04239DF87C101E9884F88F3450
:10DE2000C1F3001101F09EFB9DF87C301E99C4F8EF
:10DE3000341413F00F0203D09DF89000002862D133
:10DE40009DF89800002861D0002A7FF4F3AE9DF879
:10DE50009020002A14BF4FF003084FF00208002260
:10DE60000A92D5F8EC2095F8E900914251D10028AA
:10DE70004FD0D5F80C1195F8EAB009680A9195F8D9
:10DE80001811022902D1032184F88F14B8F1030F6D
:10DE90007FF4D0AE13F0600F7FF4CCAE0492012774
:10DEA00095F82E31BBF1000F36D0BBF1010F13D125
:10DEB000012B33D16FF0090646FA08F606F0010689
:10DEC000C6F10206F6B2BDF87E100AAA304601F08D
:10DED00041FE38B3072823D0012384F821340A9B5C
:10DEE000C4F83034C4F86C34FEF710FDAAE501F034
:10DEF00022FB002898D0384601F011FB384601F08B
:10DF000013FB052387E74FF00008A8E74FF001084F
:10DF1000A5E74FF0010BC3E70426D4E70326D2E7B9
:10DF20000823DAE71CAB009304990A9B3246584653
:10DF300001F0CEFE20B1022814BF0B230A237AE69B
:10DF40000A9BC4F83034C4F86C349DF87C3084F8F3
:10DF50002104C3F3401384F82E3484F8443494F835
:10DF60008F3484F82274012B9EBF0122A86285F8A9
:10DF70001E21012FC4F8280484F82C0484F84104DD
:10DF80003ED1022284F8202495F83A20002A50D16C
:10DF90009DF87C20D6064CD4D4F83C2412B1012242
:10DFA00084F82524012B94F840149DF87C2005D892
:10DFB000012901D1900601D501F076FBB8F1020FDD
:10DFC00094F88F3440D0B8F1030F0AD09DF87C103C
:10DFD000B8F1010F4A4601F00F0120A838D0FFF731
:10DFE0002FF99DF8903084F82334259BC4F8283409
:10DFF0009DF8983084F82C34012384F82D342DE0DA
:10E00000059A02F0E002A02A18D195F82E110122FB
:10E0100085F83A2009B927996963012B84F82024EF
:10E0200007D9D5F89020C4F83C24DAF80020C4F8C9
:10E03000982495F81821002AB1D0ADE7002285F880
:10E040003A2084F82024A3E79DF8981025984A46A2
:10E05000FFF7F6F89DF8903084F823349DF890206F
:10E06000E02A08D195F81F312BB984F82324C4F88D
:10E070002834A4F82C3494F8913443F0020384F843
:10E08000913475E6114D013EB2B2791C284603F079
:10E090008DFF0323A4F82034C4F8285484F82C649A
:10E0A000E9E7012384F82134FEF730FC60E694F8B8
:10E0B0004434002B3FF466AE0020FEF713FC94F8C6
:10E0C0008F34022B3FF464AE5CE600BF28E70020EB
:10E0D00094F89134590715D5012001F0E3FB60B1A4
:10E0E000012001F0B7FB08B984F81804D4F84033D4
:10E0F00023F00203C4F8403304E0062001F0D2FB11
:10E100000028F3D194F89134DA077FF5F0AC94F855
:10E1100040240AB1032A18D11D4A94F8181492F821
:10E120006820914205D29B0723D594F88F34012BA8
:10E130001FD8184806F0ECF9D4F8403323F0200338
:10E14000C4F84033FFF73AFBD1E4012A11D194F827
:10E150001924002A3FF4CBAC0D4A94F8181492F815
:10E1600068209142E5D29F0703D594F84434002BF0
:10E17000DFD194F8913400206FF3041384F89134C4
:10E1800084F81904FFF73CFBB1E429B0BDE8F08F37
:10E190002CDF002058E800202DE9F04F89468DB093
:10E1A00090460746002800F08F81002900F08C81FE
:10E1B0000368002B00F088814368002B00F0848105
:10E1C0008368002B00F08081C368002B00F07C8105
:10E1D000104602F01DF8002800F07881BD4CBE4DBD
:10E1E000384601F0DBFA40F2C4520021204603F029
:10E1F000F1FE40F234520021284603F0EBFEB74B0B
:10E20000C4F82C3104F50973089304F50A73002649
:10E210004046099308A9B24B84F848800A9384F8D1
:10E22000186184F88C608DF82C6002F003F80F23DD
:10E2300006A994F848008DF8183001F0EDFF801B16
:10E2400018BF01204FF00A0B84F81C0106A994F8AE
:10E2500048008DF818B001F0DFFF4FF0060A84F88F
:10E26000DC0006A994F848008DF818A001F0D4FF4E
:10E27000102384F8DD0006A994F848008DF81830C2
:10E2800001F0CAFF1123C4F89C0006A994F84800C5
:10E290008DF8183001F0C0FF1223C4F8A00006A9C1
:10E2A00094F848008DF8183001F0B6FF1323C4F835
:10E2B000A40006A994F848008DF8183001F0ACFFCE
:10E2C0001423C4F8A80006A994F848008DF8183063
:10E2D00001F0A2FF1623C4F8AC0006A994F8480088
:10E2E0008DF8183001F098FF172384F8B10006A9C3
:10E2F00094F848008DF8183001F08EFF18230DEBCC
:10E300000301C4F8B400C4F8BC0094F848008DF8C8
:10E31000183001F081FFC0B21D2384F8B80084F8E2
:10E32000C00006A994F848008DF8183001F074FF79
:10E330001E2384F8C40006A994F848008DF818300C
:10E3400001F06AFF1F2384F8C50006A994F848006D
:10E350008DF8183001F060FF2023C4F8C80006A92A
:10E3600094F848008DF8183001F056FF0B23C4F8DC
:10E37000CC0006A994F848008DF8183001F04CFF45
:10E380000C2306A9A4F8D00094F848008DF81830A2
:10E3900001F042FFD4F89C306365D4F8A030A36547
:10E3A000D4F8A430E365D4F8A83023664FF0010810
:10E3B000D4F8AC300590A4F8D200636684F8B0803D
:10E3C000C4F894B084F898A0C4F84CB084F850A075
:10E3D00084F8688084F81F81C5F84893FEF79AFD99
:10E3E000C5F84473C4E90B663E4B84F8198185F87F
:10E3F0009164C5F8408332464FF0FF31009605F531
:10E400005A7006F027F8384B009632464FF0FF312D
:10E4100005F5607006F01EF8344B009632464FF05A
:10E42000FF3105F5667006F015F802AF304B009627
:10E4300032464FF0FF3105F5806006F00BF83846A4
:10E4400005F0E8FF97E8030004F5927383E8030002
:10E45000284B294F1E60294BC5F84C33284BC5F873
:10E460005433284BC5F85C33274BC5F85033274B42
:10E47000C5F8583305F553703B68984704F5A67006
:10E4800003F0E6FA20B1112630460DB0BDE8F08F5A
:10E49000204601F02FFB0028F5D101F065F8B8B94E
:10E4A0001B4801F079FB06460028ECD17B699847B0
:10E4B00003F05AFDBB6D94F819019847FB6A984721
:10E4C000012385F89234DFE70326DDE70926DBE741
:10E4D0001326D9E72CDF0020F0E40020000400011F
:10E4E000D8D8002001D80008B5D00008FDD0000819
:10E4F000E5C80008D4D80020A0960108A5CA0008E5
:10E5000059CA00087DC8000831CA000809CA0008B5
:10E5100014E0002008B5034B0020C3F84003FEF7C9
:10E5200095F908BDF0E4002010B5FFF7A1F90A4CF9
:10E5300060B90A4B93F81831022B02D1084BDB6A01
:10E5400098470123C4F84033002010BDD4F840039D
:10E55000013818BF0120F8E7F0E400202CDF00208C
:10E56000A096010838B5124C204605F0D1FF04F101
:10E57000180005F0CDFF04F1300005F0C9FF04F1EB
:10E58000980005F0C5FF00F0DBFF0A4B0025DB6AB1
:10E59000984744F8285CFEF7D9FD0749074840F240
:10E5A000C45203F003FD012344F8283C284638BD3B
:10E5B00058E80020A09601082CDF002068D9002030
:10E5C00070B52E4B8AB0054693F8DD008DF8090032
:10E5D00093F8DC008DF80A0029489A6A90F818042C
:10E5E000039200268DF80B0004960C46002940D0BB
:10E5F0000692D3F8882007921A8F93F81A118DF893
:10E60000151052BAADF8202093F87C2093F84830CA
:10E610008DF8243003AB8DF822008DF82320009371
:10E620000DF10A020DF10B030DF1090105A88DF89A
:10E63000146000F003FF9DF90900FEF73BF96070DC
:10E6400004A801F047F8B0B9049A0F2A0DD86378EE
:10E650009A420AD81544AB42A3EB02012CBF00201A
:10E6600001202170C0000AB070BD00232370082073
:10E67000F9E70320F7E71320F5E700BF2CDF0020C0
:10E68000F0E400201FB50446002800F01081037854
:10E69000412B00F20781DFE813F0420049004D00F2
:10E6A0005100550059005E000501050105010501F5
:10E6B0000501050105010501650069006D0078008F
:10E6C0007F00820085008A0088008C009000930003
:10E6D000960099009C009F00AE00B200BA00B60000
:10E6E000BE00C100C500CE00CA00CC000501D200AA
:10E6F00005010501050105010501050105010501EA
:10E700000501050105010501050105010501DA0005
:10E71000DE00E200E700EB00EF00F300FC00664BD8
:10E7200093F818312371002004B010BD624B93F8A8
:10E730003031F7E7406803F01BFBF4E7406803F073
:10E740005DFBF0E75C4B93F81A31EBE75A4BD3F8DB
:10E75000E0306360E7E7584B011D93F8300103F0A8
:10E7600065FBE0E7544B93F81931DBE7524B93F824
:10E770008C30D7E71C238DF808304F4B02A993F853
:10E78000480001F049FD6060CDE74C4B043493E84C
:10E79000030084E80300C6E7494B0434F7E7494B1C
:10E7A0000434F4E7484B0434F1E71A23E3E7192370
:10E7B000E1E7414B93F86830B4E73F4B5B6DC8E746
:10E7C0003D4B9B6DC5E73C4BDB6DC2E73A4B1B6E87
:10E7D000BFE7394B5B6EBCE702238DF80830364B40
:10E7E00002A993F87C2093F848008DF80A2001F0E4
:10E7F00013FD207197E7304B93F8DD3092E72E4BF5
:10E8000093F839308EE72C4B93F8DC308AE72A4BAB
:10E8100093F8383086E7284BDB6C9AE7264B93F861
:10E8200050307FE7244BD3F8843063607BE7224B82
:10E830008FE7264B8DE7204BD3F8CC30F5E71E4B06
:10E84000D3F82C31436001F075FDA0606BE71A4BE3
:10E85000D3F890307DE7184B93F81F3162E7164BE1
:10E86000B3F88830A3805EE7134BB3F88A30F9E73A
:10E87000114BB3F8D030F5E70F4BB3F8D230F1E7D6
:10E880000D4B93F848200AB1062A12D1B3F8A035EF
:10E89000E8E7094B93F848200AB1062A09D1D3F8D2
:10E8A000A43556E704B0BDE8104000F04DBE03208B
:10E8B0003AE7182038E700BF2CDF002098DF00205F
:10E8C000E0DF0020A0DF0020E8DF002068D9002082
:10E8D0007FB5044610B9032004B070BDA34DD5F830
:10E8E00040339A0700F173820278412A00F26C8269
:10E8F000DFE812F04200470055005B005F00640053
:10E9000069007600810087008D00930099009F00C8
:10E91000A500AB00B5006A02BA00DC00EF001601EA
:10E920003801290142014B014F01530157015B019D
:10E930006A025F01710199018701AB01B501BC0158
:10E94000C101C6016A022C026A026A026A026A02F4
:10E950006A026A026A026A026A026A026A026A0257
:10E960006A026A026A026A0238023D0242024702F1
:10E970004C025102560260020079FEF75FFA30B194
:10E98000AAE70379022BA6D0794A82F8303195F8AC
:10E99000913443F0200385F8913400209CE74068CF
:10E9A00003F0D8F90028F2D095E7406803F016FA92
:10E9B000F8E76F4B027983F81A21E8E76C4B42685D
:10E9C000C3F8E020E3E76A4E416896F8300103F0AF
:10E9D00023FA00287FF47FAF6368C6F8E430D6E7F7
:10E9E000416800293FF477AF002001F005FA0028C4
:10E9F000CDD0112070E7416800293FF46CAF0120B1
:10EA0000F3E7416800293FF466AF0820EDE741686D
:10EA100000293FF460AF0920E7E7416800293FF48F
:10EA20005AAF0C20E1E7416800293FF454AF0D20B4
:10EA3000DBE7416800293FF44EAF0E20D5E741687F
:10EA400000293FF448AF0F20CFE74A4C484B0079EC
:10EA500083F81901A36D9847E36A984797E7444BF9
:10EA6000027983F88C2092E7414E037A8DF80430C6
:10EA700096F8480096F87D308DF80530072201A9F8
:10EA800001F0DDFB00283FF426AF636896F84800EC
:10EA90000193002201A901F0D2FB00283FF41BAF33
:10EAA0006C36D4E9010186E8030070E7304E037A42
:10EAB0008DF8043096F8480096F87D308DF80530D2
:10EAC000072201A901F0BBFB00283FF404AFB436D4
:10EAD000E7E7274E037A8DF8043096F8480096F859
:10EAE0007D308DF80530072201A901F0A8FB002830
:10EAF0003FF4F1AED4E9010106F1740383E80300A9
:10EB000096F81831022B7FF442AF96F83031002B83
:10EB10003FF43DAF174BDB6A9847FEF761F936E7E4
:10EB2000134E037A8DF8043096F8480096F87D303D
:10EB30008DF80530072201A901F081FB00283FF480
:10EB4000CAAEBC36ADE74368029301238DF80C30A2
:10EB5000074B02A993F8480001F07EFB00287FF4E0
:10EB600016AFB8E6436802930023EFE7F0E4002015
:10EB70002CDF0020A096010803795A1E0E2A3FF6CA
:10EB8000AAAE954A82F8683001E7934B42685A650D
:10EB9000FDE6914B42689A65F9E68F4B4268DA656B
:10EBA000F5E68D4B42681A66F1E68B4B42685A6671
:10EBB000EDE6894C037994F848008DF8043006227C
:10EBC00001A901F03CFB00283FF485AE9DF804301C
:10EBD00084F8DD30DBE6804C03798DF8043094F85E
:10EBE000480094F87C308DF80630052201A901F028
:10EBF00026FB00283FF46FAE9DF8043084F83930CE
:10EC0000C5E6754C037994F848008DF804300A2263
:10EC100001A901F014FB00283FF45DAE9DF804301B
:10EC200084F8DC30B3E66C4C037994F848008DF836
:10EC30000430092201A901F002FB00283FF44BAE89
:10EC40009DF8043084F83830A1E64368B3F5FA7FC4
:10EC50003FF641AE604AC2F89430D36497E65E4B0B
:10EC6000027983F8982083F8502090E65A4B426846
:10EC7000C3F884208BE6584B4268C3F8CC2086E664
:10EC8000012B40F0A480554C2421204603F0A4F928
:10EC9000636A984201D017201EE61C2104F1280067
:10ECA00003F09AF9636C9842F5D14FF4807104F146
:10ECB000480003F091F9D4F848319842EBD1D421BF
:10ECC00004F5A67003F088F9D4F820329842E2D116
:10ECD000002104F5097003F07FF9D4F8243298423A
:10ECE000D9D14FF4607104F50A7003F075F9D4F8C6
:10ECF000A8359842CFD1142104F2AC5003F06CF93E
:10ED0000D4F8C0359842C6D1334E2146304640F241
:10ED1000C45203F04BF9204640F2C452002103F0E4
:10ED200059F995F81B3485F8E833736FC5F8EC335F
:10ED300096F87D3085F8F83340F20123A5F8FA33D0
:10ED4000274B96F819019B6D984720E68379012B94
:10ED50003FF6C1AD204B42684068C3F82C2100F05B
:10ED6000E5FE44E61C4B4268C3F890200FE61A4BC0
:10ED7000027983F81F210AE6174B8288A3F88820BE
:10ED800005E6154B8288A3F88A2000E6124B82889C
:10ED9000A3F8D020FBE5104B8288A3F8D220F6E53B
:10EDA0000D4B93F848200AB1062A12D1A288A3F885
:10EDB000A025ECE5084B93F848200AB1062A08D1B3
:10EDC0006268C3F8A425E2E500F0C0FBD7E50120A6
:10EDD00082E5182080E500BF2CDF002068D90020E4
:10EDE000A09601082DE9F04389B00023ADF8083062
:10EDF0000646002800F00F810361FEF739FD20B1BF
:10EE00000127384609B0BDE8F08300F08DFD80464B
:10EE10000028F5D100F082FD20B980481422414637
:10EE200003F0D8F87E4D95F89134012243F00403A5
:10EE300085F8552485F8913433788DF80C3000210D
:10EE4000013B8DF80D20ADF80E100C2B00F2BA80AE
:10EE5000DFE803F007B8B8B87880B8B88FB8AC99D5
:10EE6000A800D5F8407317F02007C9D196F8049090
:10EE7000B9F1020F46D1DFF8AC916B4CFEF74AF8BE
:10EE80003A4696F9051099F8480001F032FA89F8E7
:10EE90003900B37989F83830384607238DF80D30BA
:10EEA000FDF7CCFFFF2304F58670A5F80C3185F83B
:10EEB0000471C5F8084102F0A1FF04F58A7002F060
:10EEC00057FF3846FDF714FE074600284FD096F945
:10EED000051099F84800012201F00BFA89F8390071
:10EEE000D5F894343361002F70D000F017FD00285E
:10EEF00087D195F8913485F81A0460F3820385F878
:10EF000091347EE7B9F1010F4FF002035AD1454C1D
:10EF10008DF81C3094F8480084F81D7104A901F0A4
:10EF200089F9337984F830318DF80D708DF80E90B1
:10EF3000FDF79AFC95F8913443F0100385F891346D
:10EF4000C846CDE7002202A9022000F01BFB70B1E9
:10EF50001327C5E7354BB288DB6B96F90C10B06808
:10EF60009847D5F8403343F00203C5F840330027F3
:10EF7000B6E704A90D2000F07BFB0028F7D00022A3
:10EF800002A90D20E1E7274B93F81831D3B9347962
:10EF900004F0070000F0D3FA8DF80840012202A91E
:10EFA0001020D2E7002202A91220CEE78DF80F2010
:10EFB00000F0B6FA044638B900F0AFFA204600F087
:10EFC000B1FAD4E702278BE7012789E703A800F00D
:10EFD000F9FBB8F1000F3FF414AF154B1A784AB99A
:10EFE00001221A701348144B00973A464FF0FF3134
:10EFF00005F030FAD5F840330E4843F48073C5F875
:10F00000403305F085FA0A210A4805F009FB094852
:10F0100005F0CCFAF5E60327F3E600BF44E900204B
:10F02000F0E400202CDF0020F2E40020A09601088C
:10F03000BCD800208CE9002091C800082DE9F04FD1
:10F0400099B08046059118B9032019B0BDE8F08F3A
:10F0500000230361FEF70CFC0446002840F0A58065
:10F0600046460FCE0EAD0FC51422524898F800A0A8
:10F07000B8F80C7098F90EB04F4E214602F0AAFF76
:10F080004E4B012283F8412496F83021022A25466E
:10F090000BD196F81821022A07D196F81E2122B921
:10F0A000BAF1010F38BF4FF0010ABAF1010F2BD0AE
:10F0B000BAF1030F2AD0BAF1000F33D102229DF822
:10F0C0003C30DDF84090029362F34715012496F836
:10F0D0007C108DF8321002220CA996F848008DF8A9
:10F0E000302001F099F896F81A3196F830C196F868
:10F0F0001D1140B2002B63D0BCF1010F57D1002984
:10F1000055D1002C61D153E00422D8E70023DDF86B
:10F110003C90BDF840709DF942B0029365F01F0528
:10F120000124D4E74FF0000BD946CDF808B0CEE764
:10F130004FF0010084F81A04D2E005F2B2420BA9A4
:10F1400000F0D4FA002800F015811320049B3387C7
:10F150001A4B002283F81A2423E105F2B2452A460D
:10F160000BA900F0C3FA0028EFD10B9B84F828010B
:10F17000C4F82C5184F83031FCE0B9F1000F00F0F4
:10F18000F980002A00F0F6804946E01C02F00EFFEC
:10F1900094F8373201332380ECE01220D6E70220C6
:10F1A000D4E70720D4E71320D2E701204DE7FCB9CC
:10F1B0000220F6E030E900202CDF0020F0E40020FF
:10F1C000002CF5D05845B8BF584696F87C308DF8DD
:10F1D0002000052296F848008DF8223008A901F099
:10F1E0002EF800283FF430AF9DF8203086F83930F3
:10F1F0006F4A704BD2F89804D3F8904038B105F0BC
:10F200004DF96C4B84423CBF002283F83A20198FA1
:10F210001A8F93F830010491996A099152BA002823
:10F22000BFD093F81B0100B9186393F81801ADF82B
:10F230005820013893F87C2093F81A411491D0F1AA
:10F24000000BD3F888108DF85B204BEB000B93F884
:10F25000482093F83A0093F868308DF85A3009AB9B
:10F260000093554B03904FF001008DF84C00159121
:10F270008DF85C20A3F12F01A3F1300213A88DF8C3
:10F280004D4000F0DBF8039B4FEA0B1B4BEA431B9E
:10F2900000264BEA801B4BEAC413B145444C039350
:10F2A00008BF37463A46494604F59C70CDE90A66E0
:10F2B0009B46268084F81A6402F078FEE9B2A570B5
:10F2C000C5F34215FAB2042D3A4E039B84F8372257
:10F2D0003FF42EAF072D3FF450AF022D7FF45FAF08
:10F2E000364D84F80D110420029984F80401FF20A2
:10F2F00084F80C0184F8281184F81431D6F8E4104D
:10F30000C4F8085105F59B730AA8C4F8101184F8D5
:10F310003021C4F82C3100F011FC00287FF43DAFFF
:10F320000A9BA4F844040BA8A4F81631C4F84C3482
:10F3300000F0D0F900287FF408AF0B9BD3B196F909
:10F340003900FDF7B7FA94F83732002B3FF405AFD8
:10F350000B9B0F2B3FF6F1AE05F58B720BA90F201F
:10F3600000F0C4F900287FF4F0AE0B9B63F3030BAD
:10F3700084F814B10598FDF7BBFB00287FF4E6AED6
:10F38000099B86F83A00B36200F080F900287FF408
:10F390000AAF94F8913484F840A443F0010384F850
:10F3A0009134034BD3F89434C8F810304DE600BFC5
:10F3B000F0E400202CDF002094DF0020F2E40020A5
:10F3C00037B50B4D8DF8040004460F2295F8480020
:10F3D00001A900F034FF40B1064A85F81C4192F8BB
:10F3E000913443F0200382F8913403B030BD00BF64
:10F3F0002CDF0020F0E4002010B5FFF795F804465C
:10F4000088B90A4805F084F8094805F081F80948E8
:10F4100005F07EF800F094F8FDF77CFD064BDB6A02
:10F420009847204610BD0124FBE700BF58E80020A4
:10F4300070E8002088E80020A09601082DE9F04F30
:10F440008BB047780093149B90F90C8090F90D6075
:10F4500090F80EB08A464168196004469146002F24
:10F4600058D002238DF8103004A9C37B007C8DF89E
:10F47000123000F0D1FEB4F808C0618943B2606870
:10F48000984545466144B8BF1D46604534BF0027D6
:10F490000127884209D30A218DF81010207C01939E
:10F4A00004A900F0B9FE019B46B2B4F808C0608917
:10F4B00061680CEB400E714519D3A1EB0C01B1FB57
:10F4C000F0FC00FB1C1191B9984503DC2378CBB903
:10F4D0004FF0010B21238DF81030207CE37B8DF859
:10F4E000115004A98DF8123000F096FE45B2009B31
:10F4F0008AF80050384689F8006083F800B00BB0F5
:10F50000BDE8F08F0223207C8DF8243006A900F09E
:10F5100091FEDDE74546EAE7704770477047704760
:10F5200000207047704770477047002070470020E8
:10F5300070470020704700207047002070477047D8
:10F5400070477047022070470220704702207047C2
:10F5500070470020704770477047002070470020B8
:10F56000704770477047704710B5054C4FF40372F1
:10F570002046002102F02EFD0020C4E9000010BD4D
:10F5800024EA00202DE9F8438146904600293CD02A
:10F590001F4C2023224604F1100012F8017F6FBB9C
:10F5A0008242FAD11B4E3368013403B93460736868
:10F5B00003B11C6000252560C4F8088074601FFA40
:10F5C00088F284F80490601D02F0F0FCB9F1110F8C
:10F5D0004FF0000398BF104D6373D6F8083298BF00
:10F5E00025FA09F503F1010398BF05F0010543442D
:10F5F0002573C6F808323846BDE8F883013B13F09E
:10F60000FF030446C6D10227F5E70127F3E700BF51
:10F610002BEA002024EA00202007020010B518B3CE
:10F62000124A1368984204D103681360002305E06E
:10F630000B46002BFAD019688842F9D151688842EC
:10F6400008BF53600BB101681960D2F808328168B5
:10F65000013B00245B1A04602146C2F808321022E4
:10F6600002F0B8FC204610BD0120FCE724EA00208F
:10F67000054B1B6813B11A798242FAD1002B0B603B
:10F680000CBF03200020704724EA002010B5054B72
:10F69000186800B910BD037B04680BB9FFF7BEFF03
:10F6A0002046F6E724EA002038B5084B084C1868D5
:10F6B00000B938BD03790568112B05D824FA03F386
:10F6C000DB0701D5FFF7AAFF2846F1E724EA00206F
:10F6D0002007020028B1044BD3F808320360002051
:10F6E00070470120704700BF24EA00202DE9F04157
:10F6F00007460E46154642B339B3154B1C68002326
:10F700002CB93046FFF7E6FF0020BDE8F081A26883
:10F71000F91A0132914215D32279EA54581C2289F0
:10F720005FFA80F8611D55FA80F002F03FFCA36893
:10F73000246898445FFA88F3E2E720462568FFF7DB
:10F740006DFF2C46002CF8D1DBE70120DDE700BF80
:10F7500024EA00200238C0B211289ABF014B185C7D
:10F7600000207047BB8F010830B50B4B93F8202069
:10F770000446084672B100211C330578A54208D022
:10F7800001319842CDB214BF04301038AA42F4D8E7
:10F79000002030BD1046FCE730EC002010B5084CCE
:10F7A00000232060142204F10C00FF2184F8203093
:10F7B000C4E9010002F00EFC012384F8213010BDE1
:10F7C00030EC002010B50E4A92F82010042915D80C
:10F7D000936804781C7044785C70C4788078987062
:10F7E0000131DC7082F8201002F11C018B4214BF41
:10F7F000043302F10C039360012010BD0020FCE7EC
:10F8000030EC0020094B93F8200068B15A6803F1EE
:10F810001C018A4200F1FF3014BF043203F10C02D4
:10F8200083F820005A600120704700BF30EC0020B0
:10F8300010B5074B93F820200446084632B15968AA
:10F84000FFF792FF10B101234470837010BD00BF19
:10F8500030EC002008B5064B93F820202AB15968F7
:10F86000FFF782FF08B1407808BD0120FCE700BF28
:10F8700030EC002030B50A4A92F82010536882F824
:10F88000210061B1916801241C32DD78587005B9FE
:10F890009C70934214BF0433103B9942F5D130BDA4
:10F8A00030EC002008B5044B5968FFF75DFF0038C5
:10F8B00018BF012008BD00BF30EC0020F7B50422BE
:10F8C000154E044600210DEB020096F8207002F060
:10F8D00081FB0025EBB29F4201D803B0F0BD7368F5
:10F8E000197821705A786270987838B13368204658
:10F8F0009B689847FFF786FF0135EBE7DB788DF8CB
:10F9000004108DF805208DF80730FFF77BFF01A864
:10F91000FFF758FFF0E700BF30EC0020014B93F8F1
:10F920002000704730EC0020034B93F8200004289F
:10F9300094BF00200120704730EC00201FB5002448
:10F94000CDE90244C41F8DF800408DF801100C0A67
:10F95000ADF80420090C120C8DF803108DF8062068
:10F960008DF8073002461B0A012168468DF80240D7
:10F970008DF8083002F097F9002818BF0E2004B067
:10F9800010BD2DE9F04188B090460D460F9A07460C
:10F99000002847D000240121CDE904448DF810103F
:10F9A0009DF838108DF81510ADF81630190CCDE90A
:10F9B00000441B0ECDE902448DF81930ADF81A2031
:10F9C000130C120E07948DF818108DF81C308DF85A
:10F9D0001D20E3B21E01002DF6B203DC002008B0AA
:10F9E000BDE8F081013310218DF81F3042466B468F
:10F9F0000DEB010002F0EDF80346A8B9102D2846E2
:10FA00003E44A8BF10206946327811F801CB01337B
:10FA100082EA0C02984206F8012BF5DC103D2DB26B
:10FA20000134D6E70920DAE70E20D8E701380328A9
:10FA300015D8DFE800F002080C100A4B1B681B69A0
:10FA40000B6000207047074B1B685B69F8E7054BAC
:10FA50001B689B69F4E7034B1B68DB69F0E7052033
:10FA6000704700BF54EC00202DE9F041C4B00C46B3
:10FA70004A9E17461D468046B8B3B1F5807F36D8FA
:10FA80004FF488720021684602F0A4FA49230093DB
:10FA90004FF48073ADF804302B0C8DF80830330C24
:10FAA000ADF80650ADF80A608DF80C302246002300
:10FAB000414604A82D0E360E8DF80E308DF80950F3
:10FAC0008DF80D608DF80F4002F070FA04F110010E
:10FAD0004B9A3B4689B2684602F065F810B101289E
:10FAE00018BF0E2044B0BDE8F0810920FAE70D20D0
:10FAF000F8E7000010B590B10A4C282200212060E0
:10FB000002F068FA2368084A1A6000204FF0FF32BA
:10FB1000C3E90302C3E90522C3E9072210BD082097
:10FB2000FCE700BF54EC002000010101024B1B6800
:10FB300018600020704700BF54EC002030B1044B27
:10FB40001B68DB68013303600020704709207047A1
:10FB500054EC002013B500230C460193CAB101A94F
:10FB6000FFF764FF18B9019B591C02D1146002B061
:10FB700010BD99B2611A002901DD5C18F6E702D1C7
:10FB800013600720F3E71B0C1B0403F580331C44B0
:10FB9000ECE70920EBE7000028B1044B1B681C339D
:10FBA0004362002070470920704700BF54EC0020DA
:10FBB00013B50446D8B1114B1A68938801339BB230
:10FBC0009380C38200F05FFA98B904F118030093A0
:10FBD00021680123132201F0DBFF60B9204600F009
:10FBE00052FA003818BF0120000102B010BD0920F0
:10FBF000FBE71020F9E70E20F7E700BF54EC0020E8
:10FC0000F0B5054687B01C4613B9092007B0F0BD12
:10FC10002E4E3368DB68834255D894F82020002AA2
:10FC20000CBF08220922834205D3204600F05FFA68
:10FC300068B11020EAE7002301900093A36894F8CC
:10FC40002810606AFFF79DFE0028EED0DEE72379DA
:10FC50002168B4F808C0A768043B9AB20029D4D040
:10FC6000B2F5807F2DD8ADF80EC08DF817304FEA71
:10FC7000174C04F12C033F0E8DF8117000932F0CDC
:10FC800008234FF0490EADF80C008DF814708DF874
:10FC900016002F0E0DEB0300CDF808E08DF810C014
:10FCA000ADF812508DF8157001F072FF08B10E20FA
:10FCB000ACE7204600F01BFA0028BAD13368DD60BB
:10FCC000A4E70D20A2E70620A0E700BF54EC002027
:10FCD0002DE9FF410A9D80460F4616461C46002D21
:10FCE0005AD0002303A910460393FFF79FFE18B1D3
:10FCF000062004B0BDE8F081039B9C4201D801338B
:10FD0000F6D1284600F064F9002847D1264B1A782E
:10FD1000424503D01A79424542D10120AA68BA422D
:10FD200040D103EB8002EB6A92F801802979CDE99A
:10FD300000430439927828683B4689B2FFF794FE65
:10FD40000028D6D195F820300194002B4FF0010304
:10FD5000009314BF4246082295F82810686A3B4673
:10FD6000FFF70FFE0028C4D1013E032EC1D8DFE803
:10FD700006F002070B0F0D4B1B681C611C62B8E7F5
:10FD80000A4B1B685C61F9E7084B1B689C61F5E74F
:10FD9000064B1B68DC61ACE70920AAE70F20A8E747
:10FDA0000B20A6E70220A4E724B2002054EC002098
:10FDB0001FB50B294FF00003CDE90033CDE9023325
:10FDC0000A4607D00C2914D00A2910D00A2005B001
:10FDD0005DF804FB012802D120238DF800300021BA
:10FDE000684601F060FF002818BF0E20EFE73023BF
:10FDF000F3E70B21F4E7000038B5054601F04EFFAC
:10FE0000044610B10E24204638BD002DFBD1094B0D
:10FE10001B680B219878FFF7CBFF0028F2D10C214B
:10FE2000FFF7C6FF0028EDD10A21FFF7C1FF002828
:10FE3000E9D0E7E754EC00202DE9F04380468FB08D
:10FE40000C461746002A6BD0002969D000252946A8
:10FE50001D2206A8059506F030FB8DF81350344D91
:10FE60002B680DF114099E88CDF804900DF1130351
:10FE700002933B7900933B6832462146404601F0AD
:10FE80002EFF00284ED138683A79494602F08EF8A4
:10FE9000384600F04FF8002846D13C7AFA79BB7911
:10FEA000240444EA02241C432B689A6894423DD9F6
:10FEB0009C609DF813000B21FFF77AFF034658BBA7
:10FEC0000C21FFF775FF034630BB0A21FFF770FFD7
:10FED000034608BB7B7ABA7AFF7A3F0447EA0227D7
:10FEE0001F433A46334621460920FFF727FD0346C4
:10FEF00090B933463A4621460820FFF71FFD0346D6
:10FF000050B92A689DF8131091700021D1604FF00C
:10FF1000FF31C2E90411916118460FB0BDE8F083CA
:10FF20000923F9E70E23F7E70F23F5E70323F3E7A8
:10FF300054EC002010B50446002845D00168002983
:10FF400042D011F8013B43710322063002F02EF833
:10FF50002046032250F8091B043102F027F82168DB
:10FF6000CB79E3600A7A43EA0223E3604A7A43EA00
:10FF70000243E3608A7A43EA0263E360CB7A237444
:10FF80000B7B63742379212B1AD110220D3104F1DC
:10FF9000120002F00BF81D222168501C8B5C63627A
:10FFA000085C43EA0023901C6362085C033243EA66
:10FFB000004363628A5C43EA02636362002010BD0F
:10FFC000112B03DC0D22E7E70220F8E70120F6E71A
:10FFD00010B50446002854D00168002951D00B7890
:10FFE00043714B7883608A7843EA02238360CA783E
:10FFF00043EA024383600A7943EA026383604B79F0
:020000040801F1
:1000000003738B79C381CA7943EA0223027BC381DC
:1000100002F00F020831103001F0C8FF237B0022EC
:1000200003F00F0384F8202084F82820227903F1BC
:100030000800111A04290DDD21680933043AD21A87
:10004000085C84F82000D2B2606A84F82820194441
:1000500001F0ACFF237922681A44002012F8043C16
:10006000E36212F8031C43EA0123E36212F8021C64
:1000700043EA0143E36212F8012C43EA0263E362BC
:1000800010BD0220FCE710B5044660B3036853B30B
:100090000279162A29D942791A700146082251F8A4
:1000A000060B013001F08CFF2146082251F80E0B9F
:1000B000093001F085FF2368E28A5A74E38A2268D6
:1000C0001B0A93742368A269DA74A36922681B0A65
:1000D00013752368628B5A752368E27E9A7517231D
:1000E0002371002010BD0120FCE70220FAE738B59B
:1000F0000446002863D00168002960D0037B90F893
:10010000282003F00F03002A57D108332079043246
:100110001344984255D363790B702368A2685A70D0
:10012000A36822681B0A937023686289DA702368C7
:10013000E27A1A712368227B5A712368E2899A71E4
:10014000E38922681B0A2146D371227B51F8100BE8
:1001500002F00F02083001F029FF237B94F82820D9
:1001600003F00F0303F108052AB1226894F8201068
:10017000515503F10905206894F82820616A284444
:1001800001F014FF94F828302268E16A2B44D1541E
:100190005A1CE16A206892B2090A81549A1C2168AB
:1001A000E08D92B28854DA1C216894F82F0092B244
:1001B000043388542371002038BD0933A6E7012099
:1001C000FAE70220F8E70000024B1A881043188073
:1001D000704700BF58EC002008B5074B1B883BB1A7
:1001E000FEF7A2F9002814BF6FF00200002008BD3E
:1001F0006FF00100FBE700BF58EC002010B5034B87
:1002000000241C80FEF786F9204610BD58EC002023
:10021000B0FA80F04009704782B018B9084602B0C1
:1002200000F0CAB8002002B0704710B9084600F0CC
:1002300079B9704710B9084600F090B97047034685
:10024000084611460BB900F0DDB90020704710B91F
:10025000084600F039BD704710B9084600F0FEB9F5
:100260000020704710B40446084611461A46019B08
:1002700014B910BC00F00CBA10BC70470346084615
:1002800011460BB900F036BA0020704710B404468E
:10029000084611461A4614B910BC00F0A3BA002053
:1002A00010BC704730B40546084611461A46DDE9D1
:1002B00002341DB9029430BC00F022BB002030BCD7
:1002C000704710B9084600F0D3BB0020704710B942
:1002D000084600F037BD0020704710B9084600F00E
:1002E000E2BB0020704710B9084600F0DFBB0020D9
:1002F00070470346084611460BB900F0F9BB0020D1
:10030000704710B40446084611461A46019B14B9BA
:1003100010BC00F0EFBB092010BC704710B40446BD
:10032000084611461A4614B910BC00F02DBDC8B2DB
:1003300010BC70470048704703000102064B10B51F
:100340001B6A0446984730B10448054B2044984244
:100350008CBF0020012010BDA0960108403576C951
:10036000405DC600F0B5114B85B00C4610491F56D4
:10037000054600F089FF0F4BE4B25E6A072D4FF08F
:100380000103CDE9024301460AD105220023CDE94C
:1003900000234FF47A727A431846B04705B0F0BD97
:1003A00008220020CDE900203A46F5E788900108B0
:1003B00068900108A09601081FB5002300930378F8
:1003C000013B372B21D8DFE803F01C242020201E1E
:1003D000202020204143454E2055585B5E6164201B
:1003E0006C1E6E73787A7D207F832620202020204B
:1003F000202020202020202085878C2020858C20F4
:100400008E92C3780BB102230093009805B05DF87B
:1004100004FB8378F6E743788DF8043007238DF8E2
:1004200005308378003B18BF01235B008DF8063050
:1004300010238DF80730314B1B6801A803F5587263
:10044000CDE9022300F000FF0090DEE74023DBE768
:100450002023D9E7827890F9013012B9284AD35C79
:10046000D2E7284AFBE7827890F90130002AF8D1D8
:10047000254AF4E740F6B833C6E74FF47A73C3E78A
:100480004FF4FA63C0E741F28833BDE741F270737D
:10049000BAE71E484FF47A7101F06CFD00F5FA607E
:1004A000D2E71B4BB0E7154B1B6803F55873ABE75E
:1004B000124B1B6803F55B73A6E71023A4E70F4BF1
:1004C0001B68A1E701239FE74FF0834300939CE75C
:1004D000104BFBE7104B97E740F21113ADF80030DB
:1004E00093E7032390E790F901300C4AB7E70C49F2
:1004F00090F9010000F0C8FEA6E700BF60EC002004
:100500005D9001084D9001085590010818FCFFFF0F
:1005100000EA06379A99094040F7093788900108A0
:100520006890010837B50B4B02781B680C2101FB62
:1005300002335B7A03EB4304074B1D6803690093A6
:10054000C3684278816805EBC40000F0A7FC03B0E3
:1005500030BD00BF60EC00205CEC002030B587B0FF
:10056000027B6423ADF80030012A4FF00003CDE98F
:100570000133CDE903338DF802308DF8143028D0E3
:10058000022A2FD01ABB03680BB34368FBB11A4C85
:1005900080682360194B18226946186001F006FD37
:1005A000174B246893E807000C3384E8070093E8AE
:1005B000070004F10C05032385E80700A4F86C3359
:1005C000012204F55B7104F5587000F058FC07B087
:1005D00030BD094908684360036100F55B7100F5AF
:1005E0005870F2E7044B1B68B3F86023B3F86C1340
:1005F0000A43A3F86023EAE760EC00205CEC0020EB
:10060000B885010808B503460A2924D8DFE801F0B7
:1006100006232323230B161B23212100BDE80840BA
:100620000068FFF78BBE90F900009978072271B936
:1006300000F0E5FB003818BF012008BD052293F942
:1006400000000021F4E790F900005978EEE702215C
:10065000EEE70722F3E70020EFE7000008B5027994
:100660001AB1012A0BD0002008BD084B01681B6895
:10067000012203F5587000F002FC0120F4E7034B5F
:1006800001681B6803F55B70F5E700BF60EC0020B4
:10069000F7B50728144D1C46A8BF072058700E4612
:1006A0002946174600F0F0FD94F90130A070072BA1
:1006B00013D1322000F0E8FC0C4BDB6D0546984767
:1006C00004F10C0208340346019200943A46314684
:1006D000284600F0DEFC03B0F0BD054A55F82310B3
:1006E000D05C00F0C9FCE7E768900108A09601081B
:1006F000889001082DE9F04F344F90F901607B6834
:10070000D0F804908BB004468846984705460028E8
:1007100059D1E37C73B92E4A2378126803EB430363
:10072000990002EB8303D3F80490B9F1000F01D1D3
:1007300052F80190274B484613F906B0FB689847DA
:10074000A37C2289D7F818A00993072E28D100236B
:100750000121CDE90223204A0693CDE90431CDE9F8
:1007600007330521CDE900214FF47A7202FB0BF229
:100770004CF250311846D047637C13B3174B995D48
:100780007B6D0D31C9B228469847E07C3246494618
:1007900000F08CFD88F8006001200BB0BDE8F08F00
:1007A000002101250823CDE90013CDE90715CDE986
:1007B0000511CDE903110292A1782B465A4628462D
:1007C000D9E7074BDBE70020E7E700BFA096010869
:1007D00060EC0020889001088545010055900108D3
:1007E0005D9001082DE9F04F8DB090F90130DFF8F0
:1007F000FCA0DFF8FC90CDE90A123E4A12F903B0E2
:100800000278DAF800300C2505FB02333A4A5B7AAD
:10081000126803EB430302EBC303044693F902108F
:1008200090F9020000F02BFD3449064694F90100CE
:1008300000F02AFDA26861688046304600F051FC55
:100840002178DAF80020D9F80C306943074650586F
:100850009847D9F81C309C4694F901300025072BA5
:100860004FF47A63CDE90753CDE905552DD1012326
:10087000CDE903530523CDE901534FF47A7303FB0C
:100880000BF300933946434646F2A81228466746C2
:10089000B8472378DAF800200C214B4394F9011073
:1008A000D05800F025FDA18994F90100FFF75AFD09
:1008B0000B9B217B1860D9F85430284698470A9B37
:1008C00001201E700DB0BDE8F08F01200823CDE996
:1008D0000350CDE901032A46CDF800B065464346F2
:1008E0003946A84701200546D3E700BF60EC002049
:1008F000A0960108889001085CEC0020689001082F
:100900002DE9F04F8FB0002405468A46914698465F
:100910000494ADF81440ADF8024007264FF0010BE7
:100920002B7AA34206D9686804A9204400F03CFB56
:1009300000285DD102238DF8083002A86B7A8DF86B
:100940000A30FFF739FDAB7A8DF81D309DF8113074
:100950008DF81E309DF812308DF81F309DF8103044
:100960008DF82030EB7A8DF821302B7B8DF82230FA
:100970006B7B8DF8233010238DF81C608DF82430AC
:100980003A4E8DF82C000DF102030A9307233268CA
:100990008DF82D30ADF834302B680C9206930DF1A4
:1009A000120204AB0DF1110106A800F017FB072895
:1009B00005460BD130680C22002100F5587001F07B
:1009C00009FB3368BDF80220A3F860239DF81130BD
:1009D0008AF800309DF8123089F800309DF8103008
:1009E00088F80030189B28461C700FB0BDE8F08FC7
:1009F0009DF81330BDF81470ADF802702044C4B2F5
:100A0000F3B917B3194A00201168072602464FF0C0
:100A10000C0C062B1BD10CFB00FE51F80EE0BEF1B6
:100A2000000F04D00BFA00F23A4397B201220130D2
:100A30001028EED1002A3FF473AFADF802706FE7D3
:100A40005A1E042A01D9062BDCD0062668E747FA8D
:100A500000FE1EF0010FEAD00CFB00FE51F80EE084
:100A6000BEF1000F08BF0626E1E700BF60EC0020E2
:100A700038B505464068FFF761FC0722841D002158
:100A800095F90000E4B200F0BAF908B904F0FD04E9
:100A900095F901000722002100F0B1F908B904F02E
:100AA000FB04204638BD00207047000010B50378D5
:100AB0000F2B044618D84068FFF740FC22780B49FA
:100AC00002EB42020968831C01EB820051F82220EC
:100AD000DBB21AB903F0FD0358B210BD032B06BFF9
:100AE000626842600223F7E70020F6E760EC00202E
:100AF000022070472DE9F0413A4D0446286896B02F
:100B00000E46904600211F460122032300F558702F
:100B1000CDE90411CDE906118DF80C108DF80D10FA
:100B2000ADF80E3000F08DF930B92A68B2F86033B4
:100B300043F00303A2F860332A68637A8DF820300B
:100B400002F55871CDE90912274A94F90830126864
:100B50000B921022ADF830200DF10E020D9222689A
:100B60000E9262680F92D4E90301A27A8DF84020B8
:100B700001228DF8412011AA82E80300227DE18A3A
:100B80008DF8213018468DF84C20FFF7EBFB08ABB1
:100B900015930DF10D0314900093CDF8048003AB71
:100BA00004AA39460EA800F00BFB044678B99DF85C
:100BB0000C10013901F0DEF900F158030DEB0300D0
:100BC00010F8483C3370204616B0BDE8F0810C2880
:100BD00001BF2A68B2F8603343F00303A2F8603320
:100BE000F1E700BF60EC00205CEC0020F8B506796E
:100BF000012E054648D90F2E48D80368187A40F3CD
:100C000003000722002140B200F0F9F82B680446E7
:100C1000187A40F303100722002140B200F0EFF8E9
:100C2000B8B1B4FA84F4640929680B7A086843F30C
:100C3000030243F303135BB252B29A42C8BF0124CA
:100C4000FFF77CFB80F00103DBB224B10533D8B29F
:100C5000F8BD0124E8E7DBB90E4F29683B6806EBD5
:100C6000460003EB80000C2201F0A0F93A680C2347
:100C700003FB062320465C72B2F860130123B340E5
:100C80000B43A2F86033E3E70620E1E70320DFE748
:100C90000420DDE760EC002010B4017801290ED9B2
:100CA000084B18680C234B43C4180022C250C4E9F7
:100CB000012200F5587010BC102200F0A9B80020E5
:100CC00010BC704760EC00202DE9F04186B0502345
:100CD0008DF81430037A102B074630D14368DD7B42
:100CE0006DBB0224A8466426062C14D87A68535D8E
:100CF00003932A44517843EA01230393927843EA09
:100D000002437343CDE9033863B968468DF8004068
:100D1000FFF7C2FF0DE0CDF80C808DF81480CDF800
:100D20001080F2E703AB01A801938DF80840FFF7AC
:100D30005DFF0134E4B2102C05F10305D4D106B0F7
:100D4000BDE8F0811FB502680379116849B901A8AF
:100D50008DF80430FFF7A0FF78B1032005B05DF8EF
:100D600004FB02A802928DF80C30FFF73FFF042825
:100D700005D0052805D00028EFD00020EEE702209E
:100D8000ECE70120EAE70000C90020B9034B0B445F
:100D90009856C0B27047024BF9E700BF0D900108AA
:100DA000CD8F0108F0B59A42069D03DB9DF9143002
:100DB0009A4220DD0020F0BD03EB430331F814C05C
:100DC00005EB830300264CFA06F7FF0707D51F7AC9
:100DD00007F00F0E964502DCB2EB171F0DDD013652
:100DE000102E03F10C03EED10134E4B22301DBB287
:100DF0009842E1D8DEE70024F8E70120DBE78842EB
:100E000004DB9042CCBF00200120704700207047D7
:100E100010B51409B4EB111F03464FEA11100ED39D
:100E200091420CD202B201F00F0133F812400120BE
:100E300000FA01F124EA010123F8121010BD00208C
:100E4000FCE7F0B528B100EB4105012700209142F5
:100E500000D3F0BD002435F802CB234607FA04F690
:100E600036EA0C0608BF013304F1010408BFDBB207
:100E7000102CF3D118440131C0B2C9B2E7E710B564
:100E800000B149B910BD31F8134020F813400133C7
:100E9000DCB2A242F7D8F5E70023F9E782B001936C
:100EA00003885AB9642B38BF6423C26859438A4205
:100EB0008CBF521A0022C26002B07047012B38BFAB
:100EC0000123F2E72DE9F74F0C4692469846064675
:100ED00003F0DAFA304FDFF8C4B00190182313FBA7
:100EE0000A4A00254FF0FF39544507D1002D14BFA1
:100EF00048464FF0FF3003B0BDE8F08F606803F064
:100F0000CDFA0D9B228876BB2549642A49F6AF2C81
:100F100038BF6422634598BF394621616EBBB3F583
:100F2000616F2AD3DFF87CC049F6AF2E734588BFC6
:100F3000DC46604504D2A3689C4501D163681BB9B7
:100F4000019BE160C4E9013C0F9B5A43E368934273
:100F500003D8B8F1000F12D18EB1012323751D44BF
:100F6000EDB21834C0E7B8F1000F04D0012A38BF41
:100F700001223946D1E7E760F8E7BC46D9E700230C
:100F80008A422375EDD2A268824228BF131A99457E
:100F900028BF99460135E3E780EE3600809B820743
:100FA00070460D00803F5C020378032B14D1437818
:100FB00003F00F021B098A704B7083788B80C27814
:100FC00043EA02238B800379C3F3021203F00F0379
:100FD000CA700B7005207047002070472DE9F34759
:100FE0009A464379057990F907609146044690F94D
:100FF00006208846D3B190F90870002D37D00F2A0B
:101000001BD194F909200F2E27D194F90A00072D3E
:1010100002D1002F08BF012788F8002089F80000BE
:1010200028468AF8007002B0BDE8F08790F90B708E
:1010300090F9092090F90A60DFE7A369019394F918
:101040001530009394F914302169207BFFF7AAFE34
:101050000028D8D105F0FD05D5E794F91D00B04270
:10106000D5DC94F91C30B34203DA05F0FB053046B9
:10107000D2E73046CBE70000024B03FA00F0B0FBAA
:10108000F1F0704740420F004FF4FA53B3FBF0F019
:10109000704730B54FF47A750C1F6A4300FB042289
:1010A00052001EBF00F1FF341219B2FBF0F2914260
:1010B00038BF1146039A1160820048431CBF0130BB
:1010C00040084FF47A71121A01FB1323002BCABF98
:1010D00003F2E73393FBF1F1B3FBF1F1049B1960E9
:1010E00030BD38B5400014460D46EFF73BFE0146D3
:1010F0002846EFF785FD2146EFF782FDEFF7FCF973
:1011000007F0B2F9EFF700FD40B238BD2DE9F74F17
:10111000019300239C469E46048A1E01F6B2B44207
:1011200046D906EB46054FEA4309AD00002447685F
:1011300037F809702741FF0729D5876807EB050AAB
:101140007F5927B3077837B9476927B137F809704E
:101150002741FF071BD59AF8087090F901B047F3B3
:1011600003084FFA88F8D84511DC47F303177FB21C
:101170005F450CDB9AF8097007EB4708C76807EB77
:10118000C8073F7D5FB90CF1010C5FFA8CFC01349C
:10119000102C05F10C05CAD10133DBB2BCE70EF10E
:1011A000010706EB040801F80E805FFA87FEEEE700
:1011B000019B82F800E083F800C003B0BDE8F08F27
:1011C0002DE9FF4704464068DDE90C671D468A4665
:1011D000914603F063F923681B1A3B604FF0000847
:1011E0000123337085F80080636813B1236883425C
:1011F00024D8D4F81CC0CAF80080A3699CF800E089
:101200000393D4E9030101AB83E80300237D00933A
:10121000DCF80C10237A627A7046FFF753FE3346EF
:1012200038602A46E0694946FFF770FF2B782BB1FA
:10123000C7F80080002004B0BDE8F0873378002BA9
:101240000CBF0C200B20F6E737B590F9002090F981
:101250000250954204460FD0013A52B295420BD04B
:10126000A368019394F9013000936168E0782B46FC
:10127000FFF798FD0028EFD0104603B030BD88423C
:10128000B8BF08467047000051F82000054B98424F
:1012900005D0054BC31A5842584140007047012001
:1012A000704700BF90D0030020A1070005281FB59C
:1012B0000ED80C4B53F820300093CDE901120A4BA5
:1012C00001220021022002F035FE05B05DF804FB8A
:1012D000CDE90012054B01220021022002F02AFE76
:1012E000F3E700BFF890010890900108AF90010863
:1012F00007B5054BCDE9000101220021022002F0D3
:1013000019FE03B05DF804FBCB90010810B5102264
:1013100004460021F13000F05DFE0021C4F81411F4
:101320002046F022BDE8104000F054BE02460846B8
:10133000102100F0A5B92DE9F0430446D0F81401BE
:1013400085B00E46154604F2011988B3C0F11008A5
:101350009045474628BF1746BAB2484400F026FEDB
:10136000D4F814313B440F2BC4F814312DD9A845BF
:101370002BD204F1F00304F5807113F8012F187CCF
:101380008B4282EA00021A70F7D104F1F1081022B0
:101390004146684600F00AFE22466946684600F06B
:1013A000F1F910226946404600F000FE3E44ED1B74
:1013B00004F5807804F1F107102D09D8AAB231465E
:1013C000484600F0F3FDC4F8145105B0BDE8F083C1
:1013D00004F1F003711E13F8012F11F8010F4345BA
:1013E00082EA00021A70F6D110223946684600F0EF
:1013F000DDFD22466946684600F0C4F910226946C0
:10140000384600F0D3FD1036103DD5E7F0B589B071
:101410000C46102200210546684600F0DBFD2246FE
:101420006946684600F0AEF99DF90030002B6A4627
:101430004FF0000143DA137812F8010F01315B001D
:1014400043EAD0130F2902F8013CF4D19DF80F3084
:101450005B0083F08703D4F81401DBB210288DF809
:101460000F303BD104F58073694604F5887013F89A
:10147000016F11F8012B984282EA06021A70F6D128
:1014800004F1F00304F5807113F8012F187C8B42EE
:1014900082EA00021A70F7D110220DEB020004F16B
:1014A000F10100F083FD2246294604A800F06AF904
:1014B00010220021684600F08DFD09B0F0BD1378C0
:1014C00012F8010F01315B0043EAD0130F2902F833
:1014D000013CF4D19DF80F305B00BCE79DF9003072
:1014E000002B6A464FF0000137DA137812F8016FCB
:1014F00001315B0043EAD6130F2902F8013CF4D115
:101500009DF80F305B0083F08703471CDBB28DF83A
:101510000F30102F04EB0003C0F10F064FF08002D4
:1015200088BF002600F5817083F801210021324632
:1015300020443E4404F0C1FFC4F8146104F58073F4
:10154000694604F5887013F8016F11F8012B984271
:1015500082EA06021A70F6D192E7137812F8016F48
:1015600001315B0043EAD6130F2902F8013CF4D1A4
:101570009DF80F305B00C8E70A780378534003708A
:101580004A784378534043708A7883785340837015
:10159000CA78C3785340C3700A7903795340037102
:1015A0004A794379534043718A79837953408371EF
:1015B000CA79C3795340C3710A7A037A53400372DC
:1015C0004A7A437A534043728A7A837A53408372C9
:1015D000CA7AC37A5340C3720A7B037B53400373B6
:1015E0004A7B437B534043738A7B837B53408373A3
:1015F000CA7BC37B5340C373704710B50B78147814
:101600006340037054784B786340437094788B78D0
:1016100063408370D478CB786340C37014790B79BE
:101620006340037154794B796340437194798B79AA
:1016300063408371D479CB796340C371147A0B7A98
:1016400063400372547A4B7A634043728B7A947A84
:1016500063408372D47ACB7A6340C372147B0B7B72
:1016600063400373547B4B7B63404373947B8B7B5E
:1016700063408373CB7BD27B5340C37310BD0000A8
:10168000A1F11003DBB2102B2DE9F047044604D87A
:101690003A4820FA03F3DB0705D4002382F8F03040
:1016A000FF20BDE8F087561E254615F8013B06F8D9
:1016B000013F631B0B4413F0FF00F6D101F11C0343
:1016C0009B005FFA83FCC3F30313013BDFF8B09088
:1016D00082F8F030884653184FF0010EB8FBF1FA4B
:1016E00001FB1A8A1AF0FF0A13F8047C13F8036C42
:1016F00013F8025C13F8014C30D119F806A019F860
:10170000056019F8045019F807404FEADE1707EB97
:1017100047078EEA0A0A07EBC7074FEA4E0EFFB2E9
:101720005FFA8EFE87EA0E0E574692F800A087EA0F
:101730000A071F7057787E405E70967875409D70DE
:10174000D57808F104085FFA88F86C40C445DC706D
:1017500002F1040203F10403C0D8A2E71829E4D976
:10176000BAF1100FE1D1DFF818A01AF807701AF8D3
:1017700006601AF805501AF80440D6E70101010086
:10178000109301082DE9F04FA3B092F8F0301D91AD
:101790001B920193002B00F0538101461EA8FFF716
:1017A0002CFF1B9BA74CA84DA84E1033029300237F
:1017B00003939DF87C0004909DF886000590205CC2
:1017C00006909DF87B000790205C089004989DF897
:1017D00081C0205C099014F80C000A909DF88000EC
:1017E0000B909DF885009DF878809DF87DE09DF830
:1017F00082A09DF887900C909DF87A00029B1C9324
:1018000014F80A2014F8093014F8081014F80E70AF
:101810000D90205C0E909DF87F000F90205C109042
:101820000B98205C11900C98205C12909DF884001D
:1018300013909DF8790014909DF87E001590205C1F
:1018400016909DF883001790205C18901398205CE8
:1018500019901498205C1A90039801300390029814
:10186000DDF804B0103002909DF80C00834536D8A6
:101870008DF878108DF87A2009990E9A8DF87C10E1
:101880008DF882201199069A8DF880108DF87E20AF
:101890001999169A8DF884108DF886200A99189A4D
:1018A0008DF87D108DF887201299109A8DF87B3075
:1018B0001B9B8DF881108DF883201A99089A1D982A
:1018C0008DF885108DF87F201EA903EB0B128DF883
:1018D0007970FFF792FE002023B0BDE8F08F15F875
:1018E00008B082EA03008BEA000016F80EB080EA26
:1018F0000B008DF8780015F80E004B40434016F8A9
:101900000A0043408DF8793081EA070315F80A1080
:10191000594016F80930594016F808308DF87A10F9
:101920007A40534015F8092053408DF87B30089ACF
:10193000069B5340049AAA5C534016F80C2053406F
:101940008DF87C30DDE908325A4015F80C305340F0
:10195000059AB25C53408DF87D30DDE909325A407A
:10196000059BEB5C5340079AB25C53408DF87E3088
:10197000069B0A9A5340049AB25C5A40079BEB5C60
:101980005A408DF87F200E9B109A53400B9AAA5C08
:1019900053400C9AB25C53408DF88030DDE9103230
:1019A0005A400C9BEB5C53400D9AB25C53408DF84F
:1019B0008130DDE911325A400D9BEB5C53400F9AA8
:1019C000B25C53408DF88230129A0E9B53400B9AB2
:1019D000B25C5A400F9BEB5C1C995A408DF88320F7
:1019E000169B189A5340139AAA5C5340149AB25CFF
:1019F00053408DF88430DDE918325A40149BEB5C7B
:101A00005340159AB25C53408DF88530DDE91932A8
:101A10005A40159BEB5C5340179AB25C53408DF8CB
:101A200086301A9A169B5340139AB25C5340179A09
:101A3000AA5C1EA853408DF88730FFF79DFDB8E6DD
:101A4000FF2049E710930108109201081091010846
:101A500008B538B1044A05491060D82200F0A6FA4A
:101A6000002008BD0220FCE764EC00200C2C0208DA
:101A70000A4B1A6870B5002302F1180503EB031432
:101A80002E5D864204D1183422440A60002070BDC5
:101A900001330B2BF2D10320F9E700BF64EC0020E7
:101AA0002DE9F041CCB00646DDF8488117461C46CA
:101AB0000D4631B3B8F1000F23D006A8FFF726FC7E
:101AC000204601A9FFF7D4FF0446B0B9019906A842
:101AD0000131FFF72BFC26B11022314606A8FFF793
:101AE0002AFC3A46294606A8FFF725FC06A902A8C3
:101AF000FFF78CFC029BC8F8003020464CB0BDE8D4
:101B0000F0810224F9E7000030B595B013A904462E
:101B1000FFF7AEFF002830D11B4B0C2101FB00F278
:101B2000D5189A5CA2422AD1139B1A7C1092DA7BB8
:101B30000F929A7B0E925A7B0D921A7B0C92DA7A54
:101B40000B929A7A0A925A7A09921A7A0892DA7958
:101B500007929A7906925A7905921A790492DA785C
:101B600003929A7802925B7801930022AB6800930B
:101B70001146064B022002F0DDF915B030BD0130F0
:101B80000B28CBD1F9E700BF889501081094010814
:101B900010B40B2B019C03D8019410BCFFF780BF3D
:101BA000032010BC704730B50D4685B01446014681
:101BB00068B103AA002000922A460390FFF770FF45
:101BC00018B90398001B18BF012005B030BD0220D2
:101BD000FBE72DE9F0430D46BFB014469946804619
:101BE00020B31BB311F00F0122D1F02201A800F0A5
:101BF000F1F920466946FFF73BFF044648B90098D3
:101C000001AA10210130FFF73BFD2E46AF1BFFB2AA
:101C10001EB920463FB0BDE8F08301AA09EB0701D9
:101C200008EB0700FFF7AEFD103EEFE70224F0E7F8
:101C30000524EEE7F0B5184E3468024685B0084634
:101C4000002304F1180103EB03154F5D97421ED1E9
:101C50000D2A05F1190513D10023CDE90033CDE993
:101C600002330C2210216B46FFF7B3FF04463068A5
:101C700010226946284400F099F9204605B0F0BDCD
:101C800001461022601900F091F90024F5E70133B4
:101C90000B2BD8D10324F0E764EC002009B1FFF747
:101CA000C9BF022070471FB51446A0B10C2A01D14C
:101CB0000B2912D10023CDE90033CDE902330A46C6
:101CC0006B461021FFF785FF18B969462046FFF7DC
:101CD000B1FF04B010BD0220FBE70320F9E7F8B51F
:101CE0001E46DDE907479DF818505BB354B34FB368
:101CF000212D29D819462A46204600F057F90122FD
:101D0000631C691EB018FFF764FFF8B9E37ADB09BA
:101D10003B70EBB96319204613F8012C13F8021C31
:101D2000120642EA014213F8041C0A4313F8031C8A
:101D3000012342EA0122291FFFF735FF003818BFAF
:101D40000120F8BD0220FCE70520FAE70720F8E7AC
:101D50000420F6E708B5014630B1044B08221868A4
:101D600000F024F9002008BD0220FCE764EC00200C
:101D700008B530B1044B0822196800F017F90020AB
:101D800008BD0220FCE700BF64EC00207FB5124EC6
:101D90000023044602A801930D46FFF7E9FF3368CC
:101DA0005B6901936CB102AA082312F8011B41B9C7
:101DB000013B13F0FF03F8D102A8A04702A8FFF7E8
:101DC000C9FF35B1019B23B901A8A8473368019A1F
:101DD0005A61002004B070BD64EC002008B50146D3
:101DE00038B1054B18680822104400F0DFF80020D5
:101DF00008BD0220FCE700BF64EC002008B538B144
:101E0000044B19680822114400F0D0F8002008BDE6
:101E10000220FCE764EC0020034B1B6802280CBF87
:101E2000196159610020704764EC002049B1064BEC
:101E30001B68D3E90423022808BF13460B60002067
:101E400070470220704700BF64EC002030B58FB0AF
:101E5000002405460CA80994FFF78AFF9DF8373047
:101E600007939DF8363006939DF8353005939DF81D
:101E7000343004939DF8333003939DF8323002934D
:101E80009DF8313001939DF8303000932246214671
:101E90001E4B022002F04EF80AA8FFF7AFFF9DF894
:101EA0002F3007939DF82E3006939DF82D30059323
:101EB0009DF82C3004939DF82B3003939DF82A3025
:101EC00002939DF8293001939DF828300093224613
:101ED0000F4B2146022002F02DF809A92846FFF7F2
:101EE000A5FF9DF8243003939DF8253002939DF8BB
:101EF000263001939DF8273000932246054B21465A
:101F0000022002F017F80FB030BD00BF6C9401083A
:101F1000AA940108E894010808B50020FFF7F4FD31
:101F20000120FFF7F1FD0920FFF7EEFD0820FFF784
:101F3000EBFD0020FFF78AFF002008BD10B5044626
:101F40000B20FFF7E1FD0C20FFF7DEFD0920FFF776
:101F5000DBFD0820FFF7D8FD0A20FFF7D5FD20465E
:101F6000FFF774FF002010BD014B1860704700BFE1
:101F70002CB200200B4A30B514680B4D43F23903E4
:101F800005FB04331360091A6FF00042B3FBF2F251
:101F9000C2EBC27201319B1A93FBF1F201FB1233C7
:101FA000184430BD2CB200206D4EC64101380A44A1
:101FB000914200D1704711F8013B00F8013FF7E76B
:101FC00010440A44914200D1704711F8013B00F8D7
:101FD000013DF7E704F071BA30B530B10A4D014464
:101FE0004FF0FF33814201D1D84330BD10F8012BAF
:101FF0005340082243F30004013A2C4092B284EA91
:102000005303002AF6D1EDE72083B8ED0120704795
:10201000034B1B6813B15B6803B11847704700BFDF
:10202000F4EC0020034B1B6813B1DB6803B11847C5
:10203000704700BFF4EC002001207047012070477A
:1020400001F01EB901F008B910B501F0F3FD0E2141
:10205000044640F61F1001F0FFF82046012101F070
:10206000D3FDBDE8104001F0B1BA000070B50C4ED0
:1020700001EB40030D46B3654FF6FF7100230446A4
:102080001A46084601F038FB96F85600002101F088
:10209000BBFD29462046BDE8704001F06FBA00BF85
:1020A00098EC002010B5044601F084FE012818D1F8
:1020B00001F088FE34B11048214602F0B1FA0E4812
:1020C00002F074FA0D4C002194F85600A16501F05D
:1020D0009BFD63786BB16FF07F40BDE8104001F06D
:1020E00031BA002340F262211A46084601F004FB8F
:1020F000E0E7A0688001F0E768EC002098EC0020A1
:10210000002001F09FB9000008B501F09FF80438E5
:10211000C0B2032896BF024B0020185C08BD00BF68
:102120006A96010808B501F09AFD033008BD01F078
:1021300029B901F0E9B808B501F0E0FC08BD0000DC
:1021400038B50D46144601F03DFB284601F072FDFE
:102150000E21054640F61F1001F07EF828460121A9
:10216000074D01F051FD01F031FA4FF47A716143EE
:10217000284602F055FA2846BDE8384002F016BA63
:1021800080EC002001F01EBB08B5084B002193F83D
:10219000560001F039FD00234FF4C0711A4608467D
:1021A00001F0AAFABDE8084001F004BA98EC00205A
:1021B00010B5044601F0FEFD012818D101F002FE21
:1021C00034B11048214602F02BFA0E4802F0EEF925
:1021D0000D4C002194F85600A16501F015FD6378BF
:1021E0006BB16FF07F40BDE8104001F061B9002392
:1021F00040F262211A46084601F07EFAE0E7A06844
:102200008001F0E768EC002098EC002008B54FF062
:10221000040001F0FDF8BDE808400220F2F7D8BE46
:1022200008B500231A461946184601F065FABDE8BC
:10223000084001F053B900001D4B73B51D4D1860E7
:1022400000241D486C70C5E90144AC6501F07EFABC
:10225000AC8101F0E9F92146204601F031FC21462C
:102260000422012001F0E2FA144E154D4FF6FF71E1
:1022700023462246084601F03FFAFFF7C7FF2246F1
:10228000104B00944FF0FF31304602F0E3F80E4B54
:10229000009422464FF0FF31284602F0DBF830462A
:1022A00002F036F9284602B0BDE8704002F030B9BD
:1022B000F4EC002098EC00203D32010880EC002076
:1022C00068EC002011200108252001080128084899
:1022D00005D1084BC17719700E3001F08DBB437DDD
:1022E000012B03D1034B81751970F5E7704700BFCF
:1022F00098EC002030B200200D4B10B50446187346
:102300005873012000F016F85CB134214FF4E860F6
:1023100000F0A2FF4421BDE8104040F2417000F0FF
:102320009BBF14214FF4E86000F096FF2421F2E7F0
:1023300098EC002038B5114C0546207001F047FD9F
:10234000052D04D8DFE805F0090B03171709032052
:1023500001F056FA0023637338BD0020F8E701202E
:1023600001F04EFA207B637B8342F5D06073BDE8B9
:102370003840FFF7C1BF0220EAE700BF98EC002019
:102380002DE9F0431E4687B000230546CDE9013311
:102390000C46174601F00DFD032D5BD8DFE815F064
:1023A0007A00C1000C010400A27C082A69D8A16847
:1023B00001A801F0C5FE2168002962D042F2107226
:1023C0009142E37C874D50D80322AA7385F83820C8
:1023D000E96385F844304FF002086368A17DDB00B3
:1023E0002B820423AB74A37CDB00EB7402294FF037
:1023F00000032B75637D02D0227D022A46D103F1B2
:102400000F02D2B2012A01D9012B3AD1764B774A79
:10241000196803944FF0010903A88DF8149001F096
:10242000C5FC70BB287685F817906875FFF768FEC5
:102430004046FFF77FFF6E4801F072FA6D4801F0E9
:10244000DBFA01A800F070FF208A00F041FFA089AC
:1024500000F086FF384601F0EDFB624C84F8560030
:1024600001F0ACFC666000200DE04FF00008E9636D
:10247000890885F80E8085F8388085F8443029640D
:10248000ABE74FF0FF3007B0BDE8F083EB7529767E
:102490006A75CBE72368002BF3D0A27C082AF0D81A
:1024A000504DA16801A801F04BFE002385F838309B
:1024B0002268EA63E27C85F84420A269AB732A644F
:1024C0006268D2002A820422AA74A27C2B75D200F0
:1024D000EA74A27D022A02D0237D022B1CD1627DE8
:1024E00002F10F03DBB2012B01D9012AC9D13E4B06
:1024F0003E4A196803944FF0010803A88DF8148030
:1025000001F054FC0028BCD1287685F81780687546
:10251000FFF7F6FD00208CE7617DE9752A766B7583
:10252000F6E7304D012185F83810227885F85020E3
:10253000637885F85130A37885F85230E3788B4280
:1025400002D0022B03D03BB985F8533004E00B3A9C
:10255000012A29D885F853104FF0010885F80E801C
:10256000A388AB83A379AB77E37985F82030237A0E
:1025700085F82130FFF7C4FD4046FFF7DBFE1C481D
:1025800001F0CEF91B4801F037FA95F85130062BCF
:1025900040F689000AD100F073FE00F0FB0140F61E
:1025A000890000F059FE55E70023CDE700F068FEF2
:1025B00040F00401C9B2F2E72368013BB3F57A7F2A
:1025C000BFF45FAF0320FFF7B5FE0648022380F893
:1025D000383023688364162380F84C30383001F09B
:1025E0009FF937E798EC0020F4EC002080EC002005
:1025F000D0EC0020A6EC0020F0B51E4687B00023EA
:10260000CDE90133144607460D4601F0D2FB002CFC
:10261000724C16BF012300230026637027B1012FDF
:102620007AD0002007B0F0BDAB68002B00F0D3805B
:10263000EB68002B00F0CF80AA7F082A00F2CB8045
:10264000296901A801F07CFD2868003818BF012025
:1026500000F0C6FF84F83870AB68E36395F820306B
:1026600084F84430686801F047FBA77384F845009C
:10267000EB68DB002382EB7FA374AB7FDB00E374AA
:1026800095F82130237595F82230002B3ED12A7D14
:1026900095F82410A275022995F8232001D0022B69
:1026A00036D102F10F03DBB2012B02D9012A40F02F
:1026B000928000238DF81430494B4A4A19680495DA
:1026C00003A801F073FB002840F0858001232076E9
:1026D000E3756075FFF714FD0020FFF72BFE4248FD
:1026E00001F01EF9414801F087F901A800F01CFE35
:1026F000A88B00F0EDFD288B00F032FE4FF4FA536A
:10270000AA687343B3FBF2F3A3608AE7FF22BFE733
:10271000E27521766375DDE72B8E002B5BD095F893
:102720003230A86A012B0CBF95F83370FF270038B0
:1027300018BF012000F054FFF0B200F05DFF01214E
:1027400084F8381095F82C2084F8502095F82D3016
:1027500084F8513095F82E3084F8523095F82F30A7
:102760008B4202D0022B03D03BB984F8533004E0F3
:102770000B3A012A27D884F853102B8EA38395F89F
:102780003230A3770126AB8E2384A673E777FFF759
:10279000B7FC3046FFF7CEFD134801F0C1F81348EF
:1027A00001F02AF994F82130B34240F236700CD18E
:1027B00000F066FD00F0FB0140F2367000F04CFDC9
:1027C0004FF6FF73A0E70023CFE700F059FD40F07C
:1027D0000401C9B2F0E74FF0FF3023E798EC002086
:1027E000F4EC002068EC0020D0EC0020A6EC0020E7
:1027F0002DE9F04F85B082460E9DBDF840809DF8D2
:1028000044709DF84890019193461E4601F0D1FA1C
:10281000BAF1010F524C54D0BAF1040F00F091807C
:10282000BAF1000F3AD10B22304684F8442084F8E4
:1028300038A0E56301F060FA4FEAC803B9F1000F70
:10284000238241F6040363820CBF0123F223E37564
:1028500087F001070123237684F84500C4F840B0CF
:1028600084F80EA084F814A06775FFF749FC504661
:10287000FFF760FD04F1380001F052F804F10E009A
:1028800001F0BAF8374A1068516802AB03C302A8D6
:1028900000F04AFD40F2FF1000F01AFD019801F02F
:1028A000C9F90E2184F8560040F61F1000F0D4FC40
:1028B00094F8560001F082FA169B636005B0BDE8FB
:1028C000F08F294984F838A0EAB2895D84F8502055
:1028D00076BB0B3D012D8CBF00250125053A012A51
:1028E00004D8B8F10C0F38BF4FF00C081F4B9DF8FF
:1028F0003C201B7884F85350E37701259DF8543031
:1029000084F8511084F8522084F82130A573A4F87B
:102910001C80A77784F82090FFF7F2FB2846FFF78A
:1029200009FD134800F0FCFF124801F065F8B5E717
:10293000012E04D1A5F10C035D425D41CEE70025D7
:10294000CCE75046FFF7F6FC022384F8383004F158
:1029500038001623A56484F84C3000F0E1FF9DE7B1
:1029600098EC0020D08501089C96010830B2002028
:10297000D0EC0020A6EC00202DE9F04F87B0DFF866
:10298000B4B29DF864A09DF84C90029314469DF853
:1029900054309DF85020BDF84880039205468BF8CE
:1029A00001A0BDF8446001930F4601F002FABAF1AC
:1029B000000F18BF4FF00008DFF87CA2039AB9F1AE
:1029C000000F08BFFF22012D8AF8002000F0C88008
:1029D000052D48D0002D40F0C080284600F000FEB4
:1029E0000B2238468BF844208BF83850CBF83C400B
:1029F00001F082F9019B8BF8450041F60402002B9F
:102A0000ABF812209AF800208BF816200CBF012298
:102A1000F2228BF81720F600012289F001098BF8C9
:102A200018208BF80E50ABF810608BF814508BF810
:102A30001590FFF765FB2846FFF77CFC0BF138008B
:102A400000F06EFF0BF10E0000F0D6FF7B49086826
:102A5000496804AA03C204A800F066FC40F2FF1013
:102A600000F036FC71E0012000F0BAFD09224FF0C1
:102A700000098BF8442038464FF44872CBF84020C8
:102A80008BF83890CBF83C4001F036F94FF4805287
:102A9000ABF812209AF800208BF845008BF816202E
:102AA00028460122F6008BF817208BF80E90ABF821
:102AB0001060ABF814908BF81890FFF73BFC0BF10B
:102AC000380000F02DFF0BF10E0000F095FF5B4980
:102AD0008868C96804AA03C204A800F025FC40F273
:102AE000FF1000F0F5FB40F6B80000F0C9FB00F065
:102AF000EF0140F6B80000F0AFFB042140F6B9004A
:102B000000F0AAFB40F69B0000F0BAFB00F0E301E6
:102B100041F0080140F69B0000F09EFB40F2D160BE
:102B200000F0AEFB40F01801C9B240F2D16000F0F5
:102B300093FB40F2AC6000F0A3FB00F08F0141F08A
:102B4000500140F2AC6000F087FB4FF4FA5202FBF8
:102B500008F2B2FBF4F2CBF8082007B0BDE8F08F22
:102B6000002000F03DFD36498BF83850E2B2C95DD7
:102B70008BF85020002F4DD10B3C012C8CBF002432
:102B80000124053A012A02D80C2E38BF0C26029BDC
:102B90009AF800208BF852308BF85340019B8BF849
:102BA0001F2001249DF860208BF821208BF8511004
:102BB0008BF820308BF80E40ABF81C608BF81E9021
:102BC000FFF79EFA2046FFF7B5FB1E4800F0A8FE6F
:102BD0001D4800F011FF5FFA88F000F00DFD40F68F
:102BE000A30000F04DFB00EA040140F6A30000F052
:102BF00033FB9BF82120A24240F2367013D100F043
:102C00003FFB00F0FB0140F2367000F025FB4FF671
:102C1000FF72A0E7012F04D1A4F10C035C425C41D8
:102C2000AFE70024ADE700F02BFB40F00401C9B290
:102C3000E9E700BF98EC002030B20020D085010801
:102C40009C960108D0EC0020A6EC0020F0B58BB0DB
:102C50000D46044617461E46FFF752FA0020FFF7BE
:102C600069FB204600F0AEFD00240123CDE90843B6
:102C700003234FF4167229462046CDE90644CDE9D8
:102C80000444CDE90244CDE900532346FFF774FE26
:102C90002046FFF78DFAFFF745FAF2F799F901F0B0
:102CA000F3FB0446204601F0F9FBB04205D30124B2
:102CB000FFF726FA20460BB0F0BD00F01FFF874259
:102CC000F0DA0024F4E70000F7B50023664D0C4667
:102CD00040F201211A460646084600F00DFD95F81F
:102CE0005600012100F090FF2B78012B40F689005F
:102CF00013D195F85130062B0FD100F0C1FA00F036
:102D0000FB0140F6890000F0A7FA2B78042B6CD861
:102D1000DFE803F0524B527F090000F0B1FA40F0B7
:102D20000401C9B2EDE7514A731E1046C6F101070E
:102D30004FF0000CF9188C426FDC0022E7001346BC
:102D4000BA4271D19A0142EAC3125B0183F02003B7
:102D50001343661C0355F6B202234548AB73AE76A7
:102D600000F04AFE0021F12000F076FA0021F02068
:102D700000F072FAAB6C642B70D17021F32000F07C
:102D80006BFA1D21F22000F067FAE1008C1CF420A0
:102D9000090A00F061FA04F0FE01F52000F05CFA87
:102DA00032486FF07F4231461DE0EC77304800F04A
:102DB00023FE0022214615E000F0FCFF0128074613
:102DC00025D121460DF10702304600F0F8FF0446F8
:102DD000A0B99DF807302648AB7500F00DFE9DF8B0
:102DE00007102246304600F059FB6968214801F07F
:102DF00017FC204801F0DAFB002006E01E4B3A46A3
:102E00000021022001F096F8032003B0F0BDAC755C
:102E1000CCE70223AB73AC76C8E713F8011FC943B4
:102E2000197002F801CB85E7D1106FEA020C715CD2
:102E30000CF0070C013241FA0CF101F001014FEAEC
:102E4000E20C4B40D14310F80CE001F0070103FA0B
:102E500001F141EA0E0100F80C1071E7E121F320C5
:102E600000F0FAF904218DE798EC0020F8EC00203E
:102E7000A6EC002080EC00200C960108F0B5BDF80F
:102E800014409DF818709DF81CE09DF8205040B14A
:102E9000012814D00122002398180138B0FBF2F069
:102EA000F0BD87F00107E30003EBC70318330EEB17
:102EB000450503EBC5034FF47A714B43ECE7501F14
:102EC000012803F1040302D80C2C38BF0C24D1B91B
:102ED000A2F10B0CBCF1010F8CBF4FF0000C4FF0B6
:102EE000010C2801002F00EBCE000CBF142500259B
:102EF000A0EB8200062A4FEA82062844A2F10207CC
:102F00000DD8354610E0012906D1A2F10C00D0F110
:102F1000000C4CEB000CE4E74FF0000CE1E708304C
:102F2000BCF1000FEDD0BD000028ACBF2E182E1C48
:102F3000701E90FBF5F003FB0044094B062A5A5C17
:102F40008CBF0C340E340A2A09D8A30001334FF485
:102F50007A71BB404B43034951F822209CE7FFDEC6
:102F60009C9601087096010808B5094B012193F859
:102F7000560000F049FE4FF4D7602D2100F06CF9A7
:102F800000F029FBBDE80840024800F071BA00BF1C
:102F900098EC0020FFFF0F0073B59C4CB4F8543040
:102FA0000025202B8DF80350019500F00A8114D8DC
:102FB000082B0DD87BB1013B072B0CD8DFE813F0B1
:102FC0003D0052000B00BC000B000B000B00EC009E
:102FD000102B00F0EF8002B070BDB3F5807F00F0E1
:102FE0008B8011D8402B00F0FF80802BF3D1284636
:102FF00000F028FA864B1B68002BECD09B69002B55
:10300000E9D028469847E6E7B3F5007FE3D1814B46
:1030100001222946022000F08DFF00F017F9042854
:1030200078D17D4801F074FA284600F00BFA784B0D
:103030001B68002BCFD05B6810E0774801F068FA7E
:10304000002000F0FFF900F0B7FE012801D100F0E8
:10305000BCFE6F4B1B68002BBDD01B68002BBAD089
:103060009847B8E76D4801F053FA657895B9284656
:1030700000F0E8F9294640F6021000F0EDF840F6BD
:10308000441000F0FDF840F00201C9B240F64410CF
:1030900000F0E2F8FF220DF1030161485C4D00F001
:1030A0005DFD604800F074FD2B68002B93D09E6896
:1030B000002E90D094F82430012B08D194F93130AF
:1030C00094F930209DF803105548B04783E7E06B32
:1030D00001A900F025FE019B9DF8031050484FF414
:1030E0007A7203F5FA7393FBF2F32A685BB2956880
:1030F00094F92920A8476EE7284600F0A3F9444B2D
:103100001B68002B3FF467AF9B69002B3FF463AF54
:10311000012077E700F09AF805287FF45CAF3F487C
:1031200001F0F6F9284600F08DF9394B1B68002BA9
:103130003FF451AFDB6891E700213B4B01220220B5
:1031400000F0F8FEA16D00293FF445AFC1F307413F
:1031500040F6031000F080F894F8591040F604107F
:1031600000F07AF894F8581040F6051000F074F862
:1031700040F6021000F084F840F00101C9B240F6B8
:10318000021000F069F8002340F262211A46084656
:10319000A36500F0B1FA1EE7244B012200210220B2
:1031A00000F0C8FE00F006FE01287FF414AF00F026
:1031B0000DFE10E71E4B01220021022000F0BAFE96
:1031C00009E7164801F0A4F9607808B900F03AF967
:1031D0000F4B1B68002B3FF4FEAEDB68002B3FF467
:1031E000FAAE9847134BE6E7134B0122294602201B
:1031F00000F0A0FE607808B900F024F9044B1B68C9
:10320000002B3FF4E8AE1B6928E700BF98EC0020D4
:10321000F4EC00202196010880EC002068EC0020EE
:10322000F8EC0020BCEC0020359601083E96010821
:1032300048960108519601085A960108024BA3F8D6
:103240005400FFF7A9BE00BF98EC0020014B18788E
:10325000704700BF06EE002013B58DF80710EFF39E
:10326000108472B6012301460DF107020348F7F7F7
:1032700007F884F3108802B010BD00BF5CD20020B4
:1032800013B50146EFF3108472B601230DF1070266
:103290000448F7F72EF884F310889DF8070002B071
:1032A00010BD00BF5CD2002010B50446F2F794FDBB
:1032B00001280CD140F62310FFF7E2FF00F0F901DE
:1032C000214340F62310BDE81040FFF7C5BF10BDF5
:1032D00010B50C4B1B7804469BB94FF4D760FFF731
:1032E000CFFFC4F3002100F0FE0001434FF4D7608C
:1032F000FFF7B2FFE1B240F2B960BDE81040FFF75E
:10330000ABBF10BD05EE002010B51346EFF31084DF
:1033100072B60A4601460348F6F7B2FF84F31088F6
:1033200010BD00BF5CD2002008B5014608224FF452
:10333000D860FFF7E9FF002008BD000007B5074B84
:103340001B7840BAADF804002BB9022201A940F263
:10335000BC60FFF7D9FF03B05DF804FB05EE002069
:1033600007B5074B1B7840BAADF804002BB9022211
:1033700001A940F2BE60FFF7C7FF03B05DF804FB90
:1033800005EE002010B51346EFF3108472B60A461E
:1033900001460348F6F7ADFF84F3108810BD00BF67
:1033A0005CD2002010B51346EFF3108472B60A46C3
:1033B00001460348F7F791F884F3108810BD00BF69
:1033C0005CD200200A4601460020FFF7EBBF000058
:1033D00010B51346EFF3108472B60A46014603484F
:1033E000F7F7AEF884F3108810BD00BF5CD2002060
:1033F00010B51346EFF3108472B60A46014603482F
:10340000F6F7B2FF84F3108810BD00BF5CD2002035
:1034100013B504460020F2F7D5FC0220FFF744FF65
:1034200004F0070401220DF1070184208DF8074004
:10343000FFF7DEFF024B00221A7002B010BD00BF82
:1034400006EE002007B501228DF807000DF10701F7
:103450008020FFF7CDFF9DF80730002B034B14BFF2
:10346000022201221A7003B05DF804FB06EE002070
:1034700007B5094B8DF8060004221A70030C8DF86D
:1034800004300322030A01A983208DF80530FFF7D9
:10349000AFFF03B05DF804FB06EE002010B5144644
:1034A000FFF790FF2046BDE81040FFF7E1BF0000A6
:1034B00007B5094B8DF8060005221A70030C8DF82C
:1034C00004300322030A01A982208DF80530FFF79A
:1034D0008FFF03B05DF804FB06EE002073B50026F5
:1034E00040F6E2000196FFF7CBFE00F0FE01054634
:1034F00040F6E200FFF7B0FE40F6E500FFF7C0FE41
:1035000000F07F01044640F6E500FFF7A5FE6FF0EE
:103510007F40FFF7CDFF04220DEB020140F61900BA
:10352000FFF730FF3046FFF78DFF294640F6E200F7
:10353000FFF792FE214640F6E500FFF78DFE019869
:1035400002B070BD13B50C4B04460522972140F61E
:10355000AC001A70FFF780FE230C8DF804300322B4
:10356000230A01A982208DF805308DF80640FFF767
:103570003FFF02B010BD00BF06EE002007B5030CF0
:103580008DF80030030A8DF801300B0C49BA8DF824
:103590000200ADF804100622694694208DF803302D
:1035A000FFF726FF024B06221A7003B05DF804FBFA
:1035B00006EE0020002208B51146C520FFF718FFCF
:1035C000014B07221A7008BD06EE002000221146AA
:1035D000D120FFF70DBF00221146D220FFF708BF10
:1035E00007B501228DF807000DF107019F20FFF7B5
:1035F000FFFE03B05DF804FB07B501228DF807005C
:103600000DF10701A020FFF7F3FE9DF807103F29F9
:1036100007D901F0F8010131C9B240F20670FFF795
:103620001BFE03B05DF804FB07B5F2F7D5FB431EA4
:10363000584258418DF8070001220DF107019620EC
:10364000FFF7D6FE03B05DF804FB07B500F07F007E
:103650008DF8070001220DF107018920FFF7C8FE50
:1036600003B05DF804FB0000154B984207B51BD86A
:10367000144B98421BD8144B98421BD8134B9842BA
:103680001BD8134B98428BBF6B2229226F232B230D
:103690008DF8042001A9022298208DF80530FFF74B
:1036A000A7FE03B05DF804FBE122E923F0E7D7228F
:1036B000DB23EDE7C122C523EAE775228123E7E793
:1036C00000E9A43580F8A9328044E52D000B6B1B7E
:1036D00040FC541907B58DF8062004228DF804002B
:1036E0008DF8051095200DEB02018DF80730FFF7DE
:1036F0007FFE03B05DF804FB07B552BAADF80420B5
:1037000040BA082249BAADF80000ADF802105BBA21
:1037100069461046ADF80630FFF76AFE03B05DF863
:1037200004FB07B50B0C042200F0070049BA8DF822
:103730000400ADF8061097200DEB02018DF805305E
:10374000FFF756FE03B05DF804FB000010B508B1AA
:10375000194B1860F1F740FB0220FFF7A5FD00248C
:10376000164B20461C70FFF76DFEF2F731FB012867
:1037700016D14021FFF7D5FF40F611102146FFF783
:103780006BFD4FF07F00FFF760FF0E2140F61F102A
:10379000FFF762FDF2F712FB094B01221A7010BD10
:1037A000202140F61110FFF757FD202140F612109E
:1037B000FFF752FDE9E700BFF8ED0020FCED002027
:1037C00006EE002037B50C4D2B7804461BB9FFF7E9
:1037D0004BFF01232B700023084A6006E109EDF737
:1037E0003BFD042200BA01900DEB02018620FFF799
:1037F000FFFD03B030BD00BFFCED00200048E80134
:1038000007B5094B8DF807000146187018B940F24A
:10381000AC60FFF721FD01220DF107018A20FFF7BF
:10382000E7FD03B05DF804FB05EE0020012873B549
:103830000C46164637D10020F2F7D2FAA042B8BFA4
:1038400044B20E2805461AD101231A46002104204D
:10385000FFF740FF6FF010039C42B8BF1C461821D1
:1038600040F6E700FFF7F8FC022201A98E208DF850
:1038700004408DF80560FFF7BBFD02B070BD012369
:103880000A28E4B21A464FF0000105D11846FFF7A6
:1038900021FF033464B2DDE70720C5F10E05FFF711
:1038A00019FF2C44F6E740F6D800FFF7E9FC40F09A
:1038B0001E01C9B240F6D800FFF7CEFC0120F2F796
:1038C0008FFAA042B8BF44B2142805464FF0010356
:1038D0004FF000020CD105210320FFF7FBFE02345C
:1038E00064B26FF008039C42B8BF1C463821B7E7AA
:1038F000112805D103210220FFF7ECFE0534EFE784
:103900000E2804D102210846FFF7E4FEE9E7C5F1DD
:103910001605072104202544FFF7DCFE6CB2E0E722
:1039200013B5314A0446516810686B4603C32F4BE8
:1039300020781B78834201D0FFF762FF2378032BA6
:1039400027D8DFE803F00239283C6268284BB3FB34
:10395000F2F31A0CA1688DF800208DF802301A0AD3
:10396000237B8DF80330637B8DF801208DF80430C4
:10397000204A00234806C909EDF76EFC030C40BA43
:103980008DF80530ADF80600082269468B20FFF758
:103990002FFD02B010BD2269154BB3FBF2F31A0CD8
:1039A0008DF800208DF802301A0A237D8DF8012051
:1039B0008DF803300422E8E7A3690093FAE7626810
:1039C0000B4BB3FBF2F31A0C8DF800208DF802308C
:1039D0001A0A237B8DF80330637B8DF801208DF864
:1039E00004300522D1E700BFE085010805EE002084
:1039F0000000093D0048E8011FB52E4A0446D16881
:103A00009068127C01AB03C31A702B4B20781B7893
:103A1000834201D0FFF7F4FE2378032B26D8DFE89A
:103A200003F002383302637AF12B21D14FF6FF7095
:103A3000FFF784FC48F20500FFF792FC022362883E
:103A4000A188ADF8061052BAE188ADF804208DF8CF
:103A50000B30227AA37A8DF80A20ADF808108DF881
:103A60000C30092201A98C20FFF7C2FC04B010BD64
:103A7000F22BE4D141F60F50FFF760FC41F2210038
:103A8000FFF76EFC0623DAE7237B8DF80430012272
:103A9000E8E7E389094A5BBAADF80430237C137088
:103AA0008DF80630637C8DF80730638AADF80830F6
:103AB0000622D7E7E085010805EE002004EE00208D
:103AC00007B502228DF804008DF805108F2001A99A
:103AD000FFF78EFC03B05DF804FB000010B5134641
:103AE000EFF3108472B60A4601460348F6F774FCF9
:103AF00084F3108810BD00BF5CD2002007B50122FE
:103B000001A91520FFF7EAFF9DF80400404240108C
:103B100003B05DF804FB000037B505460C460222F1
:103B200001A91320FFF7DAFF0A4B1B78012B0DD1F7
:103B3000094B1B78012B09D140F20270FFF7A0FB63
:103B40009DF805302870237003B030BD9DF8040047
:103B5000F6E700BF05EE002004EE0020F7B50D46A5
:103B6000064600240DF10701284617468DF8074048
:103B7000FFF7D2FF2A78BA4207D89DF807003146EE
:103B8000FFF726FC204603B0F0BD0120FBE7000054
:103B900013B50322044601A91420FFF79FFF184B19
:103BA0001A7822704AB1012A17D014220021204627
:103BB00000F0D0FA0F2323700DE09DF8043023713C
:103BC0009DF80530A2605B425B10A3719DF8063042
:103BD0005B425B10637102B010BD9DF804305B4224
:103BE0005B1023739DF9053002339B1063739DF8BE
:103BF00006305B425B10A373024B1B682361EAE74C
:103C000005EE002000EE0020012908B50346084615
:103C10000ED1012B07D10420FFF746FB0220BDE89F
:103C20000840F2F7CFB8022B14BF08460320F6E78E
:103C30000120F4E738B50446F2F7C8F850B102287D
:103C40000CBF02250125284602222146FFF7EEFD82
:103C5000284638BD102CB4BF01250225F3E701200A
:103C600070470000014B01201B681847F8ED002049
:103C7000014B02201B681847F8ED0020014B402043
:103C80001B681847F8ED002011B1012904D07047D6
:103C9000044B1B6880201847024B4FF480701B6850
:103CA000F9E700BFF8ED0020024B4FF400701B68ED
:103CB000184700BFF8ED0020014B20201B68184773
:103CC000F8ED0020014B04201B681847F8ED002098
:103CD000014B08201B681847F8ED0020014B10200D
:103CE0001B681847F8ED0020024B4FF480401B681A
:103CF000184700BFF8ED002010B568B1074A00234F
:103D000052F83340844202EBC30101D9087910BD57
:103D10000133162BF4D1FEE71F20F8E72C9701089A
:103D200073B51D4B0193044640F607000D46FFF79F
:103D3000A7FAC0F3C10308336B4413F8042C00F056
:103D40000703013302FA03F3144AB2FBF3F2B2FBA6
:103D5000F4F007281ED84000042834BF04230223AF
:103D60004FF4D66002FB03F4FFF78AFA060240F232
:103D7000B160FFF785FA06F470663043030544BF6F
:103D80006FEA00506FEA105063094343DB112B6068
:103D900002B070BD0123E3E704080A0C0048E80103
:103DA0004FF0FF3070474FF0FF3070474FF0FF305B
:103DB00070477047002070470020704770474FF0F1
:103DC000FF3070474FF0FF307047704770477047C3
:103DD00070B5EFF3108672B6144B5C8A1A8A94425F
:103DE00013D1C4F5806292B2904206D3844218D9AE
:103DF00001229A7000221C805A825A8A0A80024448
:103E0000C2F309025A8200200DE006D9C4F580658C
:103E1000ADB28542F1D88242E9E7121B92B28242EA
:103E2000EBD84FF0FF3086F3108870BD08F4002007
:103E3000EFF3108172B6034AD38A0133D38281F340
:103E40001088704708F40020EFF3108172B6034A1F
:103E5000D38A013BD38281F31088704708F4002095
:103E600010B508481822002100F074F906484FF4F4
:103E70008062002100F06EF9044B05481B68BDE824
:103E80001040184708F4002007F00020488A010875
:103E9000FD3F0108014B5860704700BF08F4002047
:103EA000014B1872704700BF08F4002073B5EFF3A0
:103EB000108572B61C4CE08A00282FD1FFF7B8FF9E
:103EC000218A628A914227D0A378012B12D12388BC
:103ED00020805B1A9BB20221A382A17063B9A370F8
:103EE0002382238A9A428BBFD21AC3F58063A282AF
:103EF000A38201E0002BF4D0268A0C4B1E4485F3EC
:103F00001088F1F755F80A4BA18ADB680193304617
:103F100002B0BDE870401847FFF796FF85F31088A0
:103F2000002002B070BD00BF08F4002007F00020A0
:103F3000488A010808B4F0B586B00023ADF8003017
:103F40002B4B0B9C1D7A85424CD3D86881434CD1B6
:103F50005B681BB112B1694602A898470CAB2246B8
:103F60004FF400712348019300F0B6FBFFF760FFA8
:103F7000BDF8003018440DF1020180B2FFF728FFB0
:103F800001302AD00023BDF80020BDF802601A4895
:103F90000DF1080C1F4699B216FA83F58A42ADB2AC
:103FA00015D817B13244ADF80220BDF80250019B7C
:103FB00022464FF40071284400F08EFBFFF744FFC7
:103FC000FFF774FF06B0BDE8F04001B070471CF881
:103FD000011B415501330127DDE7FFF735FF6FF086
:103FE0000200EFE76FF00400ECE76FF00500E9E78F
:103FF00008F4002007EE002007F0002013B5EFF3CF
:10400000108472B6204B9A78588A022A1DBF1A8AE9
:10401000998A5218002214BFC2F309029A70904282
:104020001A8228D0D98A012925D19978012913D15A
:1040300019888A1A022192B2997000219A821980F5
:1040400062B99A701A821A8A90428BBF801AC2F59E
:10405000806298829A8201E00029F4D0188A0B4A83
:10406000104484F310880A4A998AD368019302B0F5
:10407000BDE81040184784F31088F0F79DFF02B0A8
:10408000BDE81040FFF7E0BE08F4002007F0002074
:10409000488A0108024A00231360024A13607047ED
:1040A00024F4002020F4002010B5EFF3108472B641
:1040B00041B1012903D1064A13680343136084F315
:1040C000108810BD024A136823EA0003F6E700BF18
:1040D00024F4002010B5EFF3108472B641B1012929
:1040E00003D1064A13680343136084F3108810BD9C
:1040F000024A136823EA0003F6E700BF20F4002019
:1041000038B5EFF3108572B60A4B0B4C1B6833B110
:10411000236898476368984785F3108838BD074B34
:104120001B681BB1A3689847E368F4E723699847C5
:104130006369F0E724F40020E489010820F40020FA
:1041400001380A44914200D1704711F8013B00F850
:10415000013FF7E702F0B1B910B5EFF3108472B682
:10416000064A136803431360054A52F8313003438B
:1041700042F8313084F3108810BD00BF60F4002095
:1041800028F4002070477047B0F5803F3ABF000424
:1041900010230023B0F1807F3EBF08330002DBB262
:1041A000B0F1805F38BF00014FEA1070054A38BF98
:1041B0000433125C38BFDBB2C3F11F03981AC0B2DC
:1041C000704700BFDC9701082DE9F84F3F4D404E86
:1041D000D5F80080DFF8FCB0DFF8FCA0DFF8FC9039
:1041E000D6F800E03E4FDBF800303E4C08EA000015
:1041F0002860DAF80000D9F800102A6802EA000CFA
:104200001EEA0C0F43D00B4041D121680A40024204
:1042100001D1A368012354F83320D90004EBC30370
:1042200002EA0C025868104208BF4FF0FF302144E8
:1042300008BF586048681040FFF7A6FF4A6838601A
:10424000012303FA00F022EA00024A60EFF3108132
:1042500072B63A689340326822EA03023260A2687A
:1042600022EA0302A260226822EA0303236081F3A8
:1042700010881D4A3B6852F823309847D6F800E072
:10428000DBF80030DAF80000D9F80010B5E74FF09D
:10429000FF333B60FFF776FFEFF3108472B63368AD
:1042A000DBF80020DAF800100B4029680B4205D13A
:1042B000D9F80030134201D1F0F708FE84F31088DA
:1042C000FFF761FFC5F80080BDE8F88F34B2002029
:1042D00060F400205CF4002038B2002058F4002084
:1042E00054F4002028F4002038F4002010B51146C2
:1042F000EFF3108472B6FFF747FF034B43F820102B
:1043000084F3108810BD00BF38F4002082B082B062
:104310000DF1080C0CE90600BDF8042003930B44D2
:10432000BDF810100A4491B212B2B2F57A7FA2BF62
:10433000A1F57A72013312B20360828002B002B03A
:10434000704782B082B00DF1080C0CE90600BDF890
:1043500004200393CB1ABDF81010521A91B212B276
:10436000002ABEBF01F57A7203F1FF3312B2036077
:10437000828002B002B0704730B585B0114D6B46F7
:1043800083E8030000230293ADF80C3003A82B69E7
:104390009847009BBDF804400290181ABDF80C30F5
:1043A000E41AA3B224B2002CBEBF03F57A731CB288
:1043B00000F1FF302B689847AB682046984705B05E
:1043C00030BD00BF088A010873B5114E00230546B1
:1043D0000093ADF8043001A833699847F368009062
:1043E0009847736804469847009B1844BDF804300A
:1043F00023449AB21BB2B3F57A7FA2BF0130A2F573
:104400007A731BB228602846AB8002B070BD00BF33
:10441000088A010837B500230093ADF80430074B34
:1044200004461B6901A898476D46009095E8030073
:1044300084E80300204603B030BD00BF088A0108AD
:10444000024B00221A60024B1B68184764F40020DC
:104450001C8A0108F8B50446174608461E467CB17A
:1044600073B1084B00255B6A25609847069B606026
:104470002581A572E6602361E77265612846F8BD73
:104480000120FCE71C8A010810B5034CE36998473A
:10449000A36ABDE8104018471C8A010870B5064D94
:1044A000EB69064698476B6A044630469847AB6A04
:1044B000201ABDE8704018471C8A0108054B1B688C
:1044C0000BB918467047834201D05B69F8E70120B9
:1044D000704700BF64F400202DE9F3410B4E336AAE
:1044E000044698470123B7692372D4F80080054633
:1044F000B8472844804502D2B84728442060B368B2
:104500002068019302B0BDE8F04118471C8A0108F9
:1045100070B520B3EFF3108672B6124D2B680122EE
:10452000827253B10022427298425C690ED10272CB
:104530003CB120462C60FFF7CFFF86F310880020A7
:1045400070BD094BDB6898472C60F6E71A465B693B
:10455000002BF2D09842F9D143695361EDE7012075
:10456000EEE700BF64F400201C8A0108084B10B578
:104570001A685369516911B95061416110BD0468ED
:1045800019688C4202D91A465B69F3E71946F3E7CA
:1045900064F40020044A13680BB1002119724361CE
:1045A0001060FFF799BF00BF64F400202DE9F041CF
:1045B000044600282DD0FFF781FF50BB657A45BB2C
:1045C000EFF3108872B6144E6768336A98478742D3
:1045D0002CBF27602060114FA5724FF48073238198
:1045E0003B684BB9336998472046FFF7D3FF88F300
:1045F00010882846BDE8F081B369984723681844BD
:104600003B6820601B6898422046EED3FFF7AEFF60
:10461000EDE70125EDE700BF1C8A010864F40020E6
:1046200010B5044608467CB1084B5B6A9847606049
:104630002046FFF743FF40B12046FFF769FF2046C1
:10464000BDE81040FFF7B2BF012010BD1C8A010871
:104650002DE9F041EFF3108772B61D4E1D4D7369C1
:1046600098473369044698472B684BB94FF00008C8
:104670002B688BB9286828BB87F31088BDE8F081C8
:10468000011B241A1A688A428CBF121900221A6070
:104690005B69002BF6D1E9E71C681CB1B369984748
:1046A0008442E7D22C6863692B60A4F80880D4E9BF
:1046B000033098476389B3F5807FD9D12046FFF74F
:1046C00075FFD5E7037A002BD6D1FFF705FFD3E7B7
:1046D0001C8A010864F400202DE9F04F002997B0EE
:1046E00081461E4640F3118104464F1E1378A4EB09
:1046F000090023B90023237017B0BDE8F08FB8423A
:10470000F8DA252B05D004F8013B904608F10102A8
:10471000ECE792F801E0AEF1300102F10108AEF1F0
:1047200030034A424A41092B2BD8414600250A2032
:10473000884611F8013BA3F1300CBCF1090F1BD9DD
:1047400098F80030692B00F09E801DD8632B29D08B
:10475000642B00F09880582B5AD0252B1AD198F84A
:104760000030002B00F0938004F8013BA4EB090318
:10477000BB4280F28A80C9E700FB0533A3F1300514
:10478000D6E74FF0FF35DBE7752B7ED0782B41D095
:10479000732B1CD0252304F8013BA4EB0903BB4277
:1047A00073DADCE7002D05F1FF3AD8BF4FF0000ABD
:1047B00052462046202101F080FEA244002D56F8EA
:1047C000043B8AF80030D8BF01252C449EE7504BAB
:1047D00056F804BBBBF1000F08BF9B465846EBF7E9
:1047E0001FFD2A1A8542B8BF00228246202120469A
:1047F000019201F062FE019A00232244534502DB3C
:1048000002EB0A0482E71BF80310D1540133F5E7E9
:1048100042F040021021DFF8FCB0DFF8FCA056F8AF
:1048200004CB12F0400F18BFDA46BEF1300FCDF8BE
:1048300008A0A4EB09030CBF4FF0300A4FF0200A88
:104840009207A7EB03036046CDF80CA022D5002801
:1048500020DA4042013D4FF02D0C05AA01920022C2
:104860008246B0FBF1F001FB10AB029810F80BB0E0
:10487000019800F801BB5145019002F10102BAFB19
:10488000F1F0EDD910E042F002020A21C3E708F18D
:10489000FF386BE7BCF1000F02D04FF0000CDCE7F3
:1048A00030228DF814200122BEF1300FA5EB020555
:1048B00004D02020002D05F1FF350ADCBCF1000FEB
:1048C00005D02D21013B04F8011B3FF41FAF254407
:1048D0000AE0013B04F8010BECD117E7039904F857
:1048E000011B013B3FF412AF291B0029F6DC05A98F
:1048F000114423442244A2423FF408AF11F8010DB1
:1049000004F8010B9C42F6D100E70020F4E600BF5A
:10491000EC97010818980108F397010810B4B1F555
:10492000807F254C8270C3700180446024D010D9F0
:10493000B1F5806F2BD0B1F5805F19D11F4A4FF0D0
:1049400001114FF06653C0E902210361002010BC41
:104950007047102925D040290AD1194A4FF040113B
:10496000C0E902214FF07253036110BC0020704770
:104970004FF0FF3010BC7047124A4FF01011C0E9E1
:1049800002214FF06E53036110BC002070470E4AA5
:104990004FF004114FF06A53C0E902210361002077
:1049A000D5E70A4A4FF001214FF07653C0E90221C2
:1049B00003610020CBE700BF44A80108409801082C
:1049C000BE9801085E980108469801083E9A0108C1
:1049D0002DE9F04FA1B08C0805461391E1006E1847
:1049E00008461291C4EB44710095C9000546301881
:1049F00047189C461F937B19591810910430169044
:104A0000181D109B1A92043315933B1D111D099319
:104A10000CEB4C02331D65461893D3001E932B01FB
:104A20001D93EB00009D1B96CDE9011126011C93FF
:104A30002B1D00250893149433460A97199117905B
:104A4000119403912E461699009A51F836A01B989E
:104A5000089F189952F8364050F836B0D25857F897
:104A600036900A9851F836700999C55851F8038064
:104A70000F93114620460B92ECF7C4F82946049098
:104A80005846ECF7BFF8514605904846ECF7BAF89F
:104A9000414607903846ECF7B5F80B9A0690114658
:104AA0002046ECF7ADF8294604465846ECF7A8F83E
:104AB000514605464846ECF7A3F84146814638463C
:104AC000ECF79EF8059907460498ECF79BF8039BD2
:104AD00053F804BCD3F800A0009BCDF82CA043F8F9
:104AE0003600DDF81CA006995046ECF78BF8089AC2
:104AF000394642F836002046ECF784F829460790FC
:104B00004846ECF77DF8059980460498ECF778F86C
:104B1000069904905046ECF773F8394682462046D1
:104B2000ECF76EF8494605902846ECF76BF80299C9
:104B300051F8042C0D6801990C9251F8047CD1F8BD
:104B40000090044611460798ECF764F90C9A069019
:104B500011464046ECF75EF904990C905846ECF784
:104B600059F951460E905846ECF754F939468346A8
:104B70000598ECF74FF939460D902046ECF74AF9C5
:104B80005146DDF82CA007465046ECF743F90E9A43
:104B90001146ECF737F80A9A049942F83600504665
:104BA000ECF738F901465846ECF72AF8099A2946F5
:104BB00042F836004046ECF72DF90699ECF722F85A
:104BC000009B1A460F9B0493D05029460798ECF798
:104BD00021F901460C98ECF713F8179A494642F868
:104BE00036002046ECF716F90D99ECF70BF8109A01
:104BF000049B4946D0500598ECF70CF9014638461D
:104C0000EBF7FEFF039B1D9A0299134403931C9B31
:104C1000CB18029301991E9BCB180193159B1A4642
:104C2000049BD050149A0136B24203F108037FF47A
:104C30000AAF1F9BBDF850201B929B009BB2042A19
:104C4000179340F221811C92119B9B08DA00189364
:104C5000009B159213449A18043300210993131DE5
:104C6000029214910193169116991A98149D0A01B3
:104C700001EB410384580D94199CA2580E920246F0
:104C800050F8330054F83330109352F831300B930E
:104C900054F831300C93179B159A0F90CB1816933C
:104CA000AB4613460099029DCE580396089E55F8D0
:104CB0003B2051F83B40099956F83B90019E51F832
:104CC0003B7056F80380ED580A9311462046079230
:104CD000EBF796FF29460490039856F83BA0EBF7B4
:104CE0008FFF514605904846EBF78AFF41460690F4
:104CF0003846EBF785FF079A064611462046EBF744
:104D000081FF294604460398EBF77CFF5146054690
:104D10004846EBF777FF414681463846EBF772FF8E
:104D2000314680460498EBF76DFF0599039006988D
:104D3000EBF766FF294607902046EBF761FF4146F7
:104D400082464846EBF75CFF314607460498EBF78E
:104D500057FF069904900598EBF754FF294606463D
:104D60002046EBF74FFF009B414643F83B00484687
:104D7000EBF748FF089A0B9C42F83B00039920464A
:104D8000ECF748F8079981462046ECF743F80D9C6C
:104D9000804651462046ECF73DF8394606902046BD
:104DA000ECF738F80F9C049905902046ECF732F8A0
:104DB000314605462046ECF72DF839460E9F04464D
:104DC0003846ECF727F8069A1146EBF71BFF009BD5
:104DD0001A460A9B0693D05051463846ECF71AF80B
:104DE00001460598EBF70CFF099B079943F83B0038
:104DF000DDF830A05046ECF70DF84946EBF702FF1E
:104E0000029F039947F83B005046ECF703F8014630
:104E10004046EBF7F5FE3146DDF84080019E46F84E
:104E20003B004046EBF7F6FF2946EBF7EBFE069B0F
:104E30000499F85040460393EBF7ECFF01462046F7
:104E4000EBF7DEFE119B129A9B44039BF050134438
:104E5000139A5A453FF626AF159A149B08321592BD
:104E6000189A01339A4214937FF4FEAE179B1C9A52
:104E70009B0092089BB21793042A189B1C921193D3
:104E800002D9DB001293DFE6009E203656F8205C44
:104E900056F8107C56F8083C56F8142C0193394605
:104EA00028460092EBF7AEFE394681462846EBF7DE
:104EB000A7FE56F81C4C56F80C8C56F818BC56F841
:104EC00004AC054641462046EBF79CFE41460746AA
:104ED0002046EBF795FE019904465846EBF792FE03
:104EE000514602900098EBF78DFE01998046584696
:104EF000EBF786FE514683460098EBF781FE029958
:104F000082464846EBF77EFE414646F8200C38467E
:104F1000EBF778FE029946F81C0C4846EBF770FE5A
:104F2000414646F8180C3846EBF76AFE514646F8FB
:104F3000140C2846EBF766FE594646F8100C20463E
:104F4000EBF75EFE514646F80C0C2846EBF758FE90
:104F5000594646F8080C2046EBF754FE1B9B46F8D2
:104F6000040C013B06F120061B938FD121B0BDE854
:104F7000F08F00BF2DE9F04FA1B08C081391C4EB66
:104F8000447100EB0415C900E60000906818871909
:104F9000394496461A928A190F9204319C467246F9
:104FA00016910F991B9504320CEB4C03043004311D
:104FB000199215900392CDE9012200980A91DA0026
:104FC0006346391D1E921A01DB0014911C93291DA2
:104FD000031D002512960893109433461897CDF8B8
:104FE0007CC0179111941D922E460099089F51F88C
:104FF00003B051F8364017991B9A51F836A015990D
:1050000052F8362057F8369051F836701499189D9A
:1050100051F80380ED580E93114620460992EBF7A4
:10502000F1FD294604905846EBF7ECFD51460590FA
:105030004846EBF7E7FD414606903846EBF7E2FDC0
:10504000099A079011462046EBF7DAFD29460446F7
:105050005846EBF7D5FD514683464846EBF7D0FD61
:10506000414605463846EBF7CBFDDDF810A0059923
:1050700007465046EBF7C6FD039BD3F800C053F834
:10508000049C009BCDF810C043F8360007990698A1
:10509000EBF7B8FD089A394642F836002046EBF7A0
:1050A000AFFD294609905846EBF7ACFD05998046BF
:1050B0005046EBF7A5FD079982460698EBF7A0FD51
:1050C000394605902046EBF79DFD59460690284647
:1050D000EBF796FD029D019955F804BCD1F800E06C
:1050E00051F8047CCDF81CE00446594609982D6817
:1050F000EBF790FE59460B904046EBF78BFE51467E
:105100000C904846EBF786FE059983464846EBF738
:1051100081FE39460D900698EBF77CFE39468146B4
:105120002046EBF777FE059907460498EBF772FEE9
:1051300001465846EBF764FD009B51469A460E9B8C
:1051400005934AF803000498EBF764FE0D9A1146A4
:10515000EBF758FD169B294643F836004046EBF71F
:1051600059FE01460B98EBF74BFD29460F9D45F87C
:1051700036000998EBF74EFE0C99EBF743FD0A9BBE
:10518000DDF81C8043F8360041462046EBF742FE2E
:1051900001464846EBF734FD059B0493E850414631
:1051A0000698EBF737FE3946EBF72CFD039B1D9C69
:1051B000029D019A1E991C1903941C9C0A442C19E7
:1051C000019202940A9B1A46049BD050109A013611
:1051D000B24203F108037FF408AF1F9BBDF84020E3
:1051E0001B929B009BB2042A179340F221811C92D0
:1051F000119B9B08DA001893009B159213449A1890
:10520000043300210993131D029214910193169106
:1052100016991A98149D0A0101EB410384580D94C4
:10522000199CA2580E92024650F8330054F83330BD
:10523000109352F831300B9354F831300C93179B84
:10524000159A0F90CB181693AB4613460099029D02
:10525000CE580396089E55F83B2051F83B400999DB
:1052600056F83B90019E51F83B7056F80380ED587C
:105270000A93114620460792EBF7C2FC2946049098
:10528000039856F83BA0EBF7BBFC51460590484607
:10529000EBF7B6FC414606903846EBF7B1FC079AAF
:1052A000064611462046EBF7ADFC29460446039816
:1052B000EBF7A8FC514605464846EBF7A3FC4146F0
:1052C00081463846EBF79EFC314680460498EBF762
:1052D00097FC069903900598EBF794FC29460790F4
:1052E0002046EBF78DFC414682464846EBF788FCAA
:1052F000314607460498EBF785FC0599049006981B
:10530000EBF77EFC294606462046EBF77BFC009B2C
:10531000414643F83B004846EBF774FC089A0B9C67
:1053200042F83B0003992046EBF774FD079981464C
:105330002046EBF76FFD0D9C804651462046EBF76B
:1053400069FD394606902046EBF764FD0F9C0499F1
:1053500005902046EBF75EFD314605462046EBF70B
:1053600059FD39460E9F04463846EBF753FD069A21
:1053700001461046EBF744FC009B1A460A9B069335
:10538000D05051463846EBF745FD0599EBF73AFC0E
:10539000099B079943F83B00DDF830A05046EBF736
:1053A00039FD01464846EBF72BFC029F039947F86D
:1053B0003B005046EBF72EFD4146EBF723FC314610
:1053C000DDF84080019E46F83B004046EBF722FDA9
:1053D00001462846EBF714FC069B0499F85040461A
:1053E0000393EBF717FD2146EBF70CFC119B129A88
:1053F0009B44039BF0501344139A5A453FF626AF43
:10540000159A149B08321592189A01339A421493F4
:105410007FF4FEAE179B1C9A9B0092089BB21793D9
:10542000042A189B1C92119302D9DB001293DFE629
:10543000009E2A9C2036B14659F8102C59F8205C61
:1054400059F8143C0093114628460292EBF7DAFB18
:10545000029A019011462846EBF7D2FB59F81C7CC2
:1054600059F80C8C029041463846EBF7CBFB41468D
:1054700005463846EBF7C4FB59F818BC59F8086CD8
:10548000039031465846EBF7BDFB59F804AC804613
:1054900051460098EBF7B6FB314607465846EBF706
:1054A000AFFB514683460098EBF7AAFBDDF804A05A
:1054B000064641465046EBF7A5FB2146EBF7AAFC12
:1054C000394649F8200C2846EBF79CFB2146EBF7C0
:1054D000A1FC414649F81C0C5046EBF791FB2146D4
:1054E000EBF798FC394649F8180C2846EBF788FB8F
:1054F0002146EBF78FFC029F49F8140C31463846E1
:10550000EBF77EFB2146EBF785FC49F8100C039D79
:1055100059462846EBF776FB2146EBF77BFC3146F4
:1055200049F80C0C3846EBF76DFB2146EBF772FCA3
:10553000594649F8080C2846EBF762FB2146EBF781
:1055400069FC1B9B49F8040C013B09F120091B93E2
:105550007FF472AF21B0BDE8F08F00BF30B50446D4
:1055600080786268A38901280D4683B0218807D01E
:105570002846FFF72DFAE378012B09D003B030BDA0
:10558000206900902846FFF7F5FCE378012BF5D160
:10559000A368E2892188284603B0BDE8304000F0C6
:1055A00001B800BF2DE9F04F85B049085200002432
:1055B00001928A1E029201F1010A254622460391B8
:1055C00003995618013450F8362050F8347040F8DA
:1055D0003420F200E40040F83670043404320659F6
:1055E00087580751865002351A880299019CADB23E
:1055F00005EB0A0902EB0A084FEAC50E4FEAC90C8F
:10560000D7004FEAC8068D4223440EF1040E0CF178
:10561000040C07F1040706F104062C4620D8AA4220
:10562000CED950F835B050F8321040F8351040F867
:1056300032B0C15950F80EB040F80E1040F807B023
:1056400050F8397050F838E040F839E040F83870D8
:1056500050F80C7050F806E040F80CE08751AFE7C6
:1056600005B0BDE8F08F00BF2DE9F04F83B05FEAD1
:10567000920B0192074688467BD000F1200401F18D
:1056800010055E4654F8201C54F81CAC0846EBF795
:10569000C1FB514681465046EBF7BCFB01464846EC
:1056A000EBF7B0FA00218146EBF766FD002800F029
:1056B0008B80484602F01EFE45F8100C54F8181C6A
:1056C00054F814AC0846EBF7A5FB5146814650460A
:1056D000EBF7A0FB01464846EBF794FA0021814620
:1056E000EBF74AFD00287BD0484602F003FE45F860
:1056F0000C0C54F8101C54F80CAC0846EBF78AFB61
:10570000514681465046EBF785FB01464846EBF78C
:1057100079FA00218146EBF72FFD00285CD048463E
:1057200002F0E8FD45F8080C54F8081C54F804ACE5
:105730000846EBF76FFB514681465046EBF76AFB94
:1057400001464846EBF75EFA00218146EBF714FD6F
:1057500000283DD0484602F0CDFD45F8040C013E3E
:1057600004F1200405F110058CD107EB4B1708EB71
:105770000B18019B13F0030A23D00026083708EB0F
:105780008A0A57F8081C57F8045C0846EBF742FBF6
:10579000294604462846EBF73DFB01462046EBF739
:1057A00031FA0021044608F10408EBF7E5FCD8B112
:1057B000204602F09FFD48F8040CD04507F1080789
:1057C000DFD103B0BDE8F08F002345F8103C75E74A
:1057D000002345F8043CC2E7002345F8083CA3E752
:1057E000002345F80C3C84E748F8046CE5E700BF6B
:1057F000F8B52349EBF70EFB0446EBF7E7FC002175
:1058000005462046EBF7A4FC00B1013D2846EBF726
:10581000ADFA01462046EBF7F3F94FF08841EBF77C
:10582000F9FA0546EBF7F8FC84B2B4F5007F1DD217
:105830002046EBF797FA01462846EBF7E1F9671C9B
:105840000546104E29464FF07E50EBF7D9F956F831
:105850002410EBF7DFFA56F8271004462846EBF73A
:10586000D9FA01462046EBF7CDF9F8BD28464FF0AE
:105870008841EBF7C5F9012705460024E1E700BFA1
:1058800083F9223E40A00108F8B52549EBF7C2FA9A
:105890004FF07A51EBF7B6F90446EBF797FC00218D
:1058A00005462046EBF754FC00B1013D2846EBF7D6
:1058B0005DFA01462046EBF7A3F94FF08841EBF77C
:1058C000A9FA0546EBF7A8FC84B2B4F5007F1DD217
:1058D0002046EBF747FA01462846EBF791F9671C9B
:1058E0000546104E29464FF07E50EBF789F956F8E1
:1058F0002410EBF78FFA56F8271004462846EBF7EA
:1059000089FA01462046EBF77DF9F8BD28464FF0AD
:105910008841EBF775F9012705460024E1E700BF50
:1059200083F9223E40A0010838B5104B1D682B6B4F
:105930000446B3B9182001F0F9FC0246286320B9E7
:105940000B4B0C48462100F039FE0B490B4BC0E9CC
:1059500000130B4B83600B23838100210120C2E9DC
:1059600004012B6B00221C615A6138BD48B2002033
:10597000442802085B2802080E33CDAB34126DE6D2
:10598000ECDE0500164B10B51C68236BB3B918206C
:1059900001F0CCFC0246206320B9124B1248522180
:1059A00000F00CFE1149124BC0E90013114B83604B
:1059B0000B23838100210120C2E90401216B0E48E1
:1059C0000B694C690D4A584302FB0400A3FB0232E9
:1059D000013340EB0200C1E9043020F0004010BD6B
:1059E00048B20020442802085B2802080E33CDABE1
:1059F00034126DE6ECDE05002DF451582D7F954CE8
:105A00002DE9F04788B0002B1D461446BCBF03F1BA
:105A100000431446129A109EDDF84CA0B6BF1D46F6
:105A200000232D231370149B23F02008B8F1460F98
:105A300005D0B8F1450F00D10136022300E0032361
:105A400007AA049206AACDE902A2CDE900362246B1
:105A50002B4600F059FEB8F1470F074619D1119BAC
:105A6000DB070ED500EB060900220023204629465D
:105A7000EBF702F808B1CDF81C903022079B4B459C
:105A80001ED3079B159ADB1B3846136008B0BDE890
:105A9000F087B8F1460F00EB0609E5D10378302B0B
:105AA0000AD10022002320462946EAF7E5FF18B96B
:105AB000C6F10106CAF80060DAF800309944D3E76D
:105AC000591C07911A70D9E7F7B50029BABF4942A6
:105AD0002D232B2309290270437029DD0DF10703C3
:105AE0001D460A271A46B1FBF7F607FB1614303499
:105AF00002F8014C0C46632C03F1FF333146F1DC14
:105B00003031941E03F8011C411C2346AB420AD3DA
:105B10000DF109039B1AAC4288BF002302330344F2
:105B2000181A03B0F0BD13F8016B01F8016FEDE72F
:105B3000302330318370C170031DF1E72DE9F04F40
:105B400091B00C46DDF8688016461F46054600F009
:105B5000BDFC036808931846EAF762FB00230E9326
:105B6000D8F800300990073323F0070303F1080247
:105B700094F818A0D4F800B0C8F80020D3E9008940
:105B800029F000430B93CDF82880C4E91289DDE9A0
:105B90000A019D4B4FF0FF32EAF7A0FF70BBDDE931
:105BA0000A01994B4FF0FF32EAF77AFF30BB00222F
:105BB000002340464946EAF769FF10B12D2384F8D7
:105BC0004330924A924BBAF1470F94BF90469846A1
:105BD000032323612BF0040323604FF00009009797
:105BE00033460FAA2146284600F0D4F9013040F090
:105BF0008F804FF0FF3011B0BDE8F08F42464B462A
:105C000040464946EAF76AFF40B14B46002BBCBF0D
:105C10002D2384F843307F4A7F4BD4E763685A1CB6
:105C20000AF0DF013FD1062363604BF4806300225A
:105C3000236006920EAACDE904A20DAA03920DF1EB
:105C40003302CDE901326368009342464B46284651
:105C50000A91FFF7D5FE0A99472980460D9928D168
:105C6000C81C02DB6368994240DDAAF1020A5FFAB0
:105C70008AFA0139524604F150000D91FFF724FFD2
:105C80000E9A1318012A8146236102DC2268D2078A
:105C900001D5013323619DF83330002B9FD02D2394
:105CA00084F843309BE74729BFD1002BBDD10123A6
:105CB000BAE7BAF1650FDCD9BAF1660F18D100293D
:105CC00063680BDD216113B92268D00702D5013367
:105CD0000B442361A1654FF00009DCE713B922688A
:105CE000D20701D50233F4E70123F2E74FF0670A48
:105CF0000E9B994205DB23682161D807EAD54B1C2E
:105D0000E7E70029D4BFC1F1020201221344E0E712
:105D100023685A0507D42369424631462846B847C6
:105D200001302BD165E7BAF1650F40F2DD80D4E98F
:105D3000120100220023EAF79FFE002833D0374AE1
:105D4000012331462846B84701303FF452AFDDE920
:105D50000D38434502DB2368D8070FD5DDE908235A
:105D600031462846B84701303FF443AF4FF00009B1
:105D700008F1FF3804F11A0AC84509DC23689B07BB
:105D800000F10381E0680F9B9842B8BF184632E7E4
:105D90000123524631462846B84701303FF429AF27
:105DA00009F10109E8E70D9B002B39DC1B4A0123AF
:105DB00031462846B84701303FF41BAFDDE90D39C5
:105DC00059EA030302D12368D907D7D5DDE90823AF
:105DD00031462846B84701303FF40BAF4FF0000A78
:105DE00004F11A0B0D9B5B42534501DC4B4693E7D4
:105DF00001235A4631462846B84701303FF4F9AEF0
:105E00000AF1010AEEE700BFFFFFEF7FB3280208A7
:105E1000B7280208BB280208BF280208C3280208C6
:105E2000A36DDDF838A05345A8BF5346002B994613
:105E300036DC4FF0000B29EAE97904F11A02A36D70
:105E40000A93A3EB09035B4531DC0D9B9A453ADCD1
:105E50002368DA0737D40D9BAAEB03090A9BAAEB48
:105E600003039945A8BF9946B9F1000F33DC4FF001
:105E7000000829EAE97904F11A0B0D9BAAEB030348
:105E8000A3EB090343457FF779AF01235A46314617
:105E90002846B84701303FF4ACAE08F10108ECE702
:105EA000424631462846B8470130C2D1A1E6012317
:105EB000314628460A92B84701303FF49AAE0A9A12
:105EC0000BF1010BBBE7DDE9082331462846B84753
:105ED0000130C0D18DE60A9A4B46424431462846ED
:105EE000B8470130C3D184E6DDF838A0BAF1010F1C
:105EF00001DCDB0736D50123424631462846B84748
:105F000001303FF476AEDDE9082331462846B84734
:105F100001303FF46EAED4E91201002200230AF1F1
:105F2000FF3AEAF7A9FDC0B9534608F1010231462C
:105F30002846B84701300CD15BE601235A4631466A
:105F40002846B84701303FF454AE08F10108D04567
:105F5000F3DB4B4604F15002DFE64FF0000804F19A
:105F60001A0BF4E701234246E1E701234A46314692
:105F70002846B84701303FF43CAE08F10108E36819
:105F80000F995B1A4345F0DCFCE64FF0000804F182
:105F90001909F4E72DE9F047164698468A680B6917
:105FA000DDF820909342B8BF1346336091F8432048
:105FB00007460C460AB1013333602368990642BF95
:105FC000336802333360256815F0060506D104F105
:105FD000190AE36832689B1AAB4226DC94F8433016
:105FE0002268003B18BF012392062BD404F1430220
:105FF00041463846C84701301ED02368226903F065
:106000000603042B02BFE5683368ED1AA3680CBFD2
:1060100025EAE57500259342C4BF9B1AED180026BA
:106020001A34B5421AD1002008E0012352464146F5
:106030003846C847013003D14FF0FF30BDE8F08744
:106040000135C6E7E1185A1C302081F8430022448C
:1060500094F8451082F843100233C7E70123224623
:1060600041463846C8470130E6D00136D9E700003E
:106070002DE9FF470F7E0C9E782F914680460C46F7
:106080009A4601F1430207D8622F0AD8002F00F088
:10609000D280582F00F0B98004F1420684F8427093
:1060A0003AE0A7F16303152BF6D801A151F823F0CC
:1060B000096101081D6101089960010899600108E2
:1060C00099600108996001081D6101089960010843
:1060D0009960010899600108996001081D62010832
:1060E00047610108D76101089960010899600108BA
:1060F0003F62010899600108476101089960010841
:1061000099600108DF61010833681A1D1B6832605D
:1061100004F1420684F8423001239DE03368206890
:10612000191D3160060601D51D6803E04506FBD543
:10613000B3F90050002D03DA2D236D4284F843306B
:1061400059480A2311E021683368080653F8045BB4
:1061500002D4490648BFADB26F2F5348336014BF15
:106160000A230823002184F843106668A660002EE5
:10617000A2BF216821F0040121600DB9002E4BD08F
:106180001646B5FBF3F103FB1157C75D06F8017D19
:106190002F46BB420D46F4D9082B0BD12368DF07ED
:1061A00008D5236961689942DEBF302306F8013CB7
:1061B00006F1FF36921B2261CDF800A04B4603AAE0
:1061C00021464046FFF7E6FE01304AD14FF0FF304E
:1061D00004B0BDE8F087236843F020032360334810
:1061E000782784F84570236831681F0651F8045BEE
:1061F00002D45F0648BFADB23160D90744BF43F057
:10620000200323601DB11023ACE72748E9E723688A
:1062100023F020032360F6E71646BDE733682568C0
:106220006169181D30602E061B6801D5196002E0F7
:106230006806FBD51980002323611646BCE7336846
:106240001A1D32601E68626800213046E9F798FF27
:1062500008B1801B606063682361002384F84330C9
:10626000AAE72369324649464046D0470130ADD0BF
:1062700023689B0713D4E068039B9842B8BF184675
:10628000A6E70123324649464046D04701309DD01B
:106290000135E36803995B1AAB42F2DCEBE70025BA
:1062A00004F11906F5E700BFC5280208D628020840
:1062B000002310B50446C0E90033C0E9043383600D
:1062C00081814366C2818361194608225C3000F0F7
:1062D000F4F80D4B63620D4BA3620D4BE3620D4B63
:1062E00023630D4B24629C4206D003F16802944262
:1062F00002D0D0339C4205D104F15800BDE81040D3
:1063000000F058B910BD00BF35640108576401089A
:106310008F640108B364010868F40020024A03494D
:10632000034800F069B800BF3CB20020997C010826
:106330004CB2002041680C4B994210B5044601D084
:1063400001F0AAFCA168094B994202D0204601F055
:10635000A3FCE168064B994204D02046BDE81040FA
:1063600001F09ABC10BD00BF68F40020D0F40020FA
:1063700038F5002010B50B4B0B4C0C4A1A60204628
:1063800000220421FFF794FF04F168000122092193
:10639000FFF78EFF04F1D0000222BDE81040122169
:1063A000FFF786BFA0F5002068F400201D630108F8
:1063B000014800F000B900BFA9F50020014800F035
:1063C000FBB800BFA9F5002010B50446FFF7F0FFA9
:1063D000236A1BB1BDE81040FFF7F0BF044B2362F6
:1063E000044B1B68002BF5D1FFF7C4FFF2E700BF99
:1063F00035630108A0F500202DE9F84307468846DB
:1064000014460026D4E90195B9F1010905D524689F
:10641000002CF7D13046BDE8F883AB89012B07D9B2
:10642000B5F90E30013303D029463846C04706433C
:106430006835E9E710B50C46B1F90E1000F06CF8BC
:106440000028ABBF636DA3891B1823F48053ACBF36
:106450006365A38110BD2DE9F0411F468B89DB05E3
:1064600005460C46164605D5B1F90E10022300224A
:1064700000F040F8A389B4F90E1023F48053A381EF
:1064800032463B462846BDE8F04100F057B810B50B
:106490000C46B1F90E1000F02DF8431CA38915BF6E
:1064A000606523F4805343F48053A38118BFA38114
:1064B00010BDB1F90E1000F00DB80244034693422E
:1064C00000D1704703F8011BF9E70000004870474E
:1064D00088B3002038B5064D0023044608462B60DB
:1064E000EEF7D8FD431C02D12B6803B1236038BD01
:1064F000A4F5002038B5074D044608461146002291
:106500002A601A46EEF7D0FD431C02D12B6803B176
:10651000236038BDA4F5002038B5074D0446084671
:10652000114600222A601A46EEF798FD431C02D15C
:106530002B6803B1236038BDA4F5002038B5074DA2
:1065400004460846114600222A601A46EEF794FDDA
:10655000431C02D12B6803B1236038BDA4F5002091
:10656000014B1868704700BF48B2002070B50D4D50
:106570000D4C641BA4100026A64209D10B4D0C4CF7
:1065800001F0F2FF641BA4100026A64205D170BDE5
:1065900055F8043B98470136EEE755F8043B984719
:1065A0000136F2E7EC2C0208EC2C0208EC2C020875
:1065B000F02C020870477047704700001FB5144662
:1065C0001A46094B1B680546D86854B9074B1C4648
:1065D000CDE9013400912B46054901F085FB01F01E
:1065E000B3FB044BF4E700BF48B200200A8901085E
:1065F000F4280208E72802082DE9F74F03690C691F
:10660000A34207467EDB013C01F11408A30000F120
:106610001405009305EB8403019358F8243055F8D2
:10662000242001339A4208EB8409B2FBF3F62ED3FF
:106630004FF0000AC446AE46D3465CF8043B98B21D
:1066400006FB00A0020C1B0C06FB0323DEF8002057
:1066500080B292B2121A5A44DEF800004FEA134A8E
:106660009BB2C3EB224303EB104392B242EA0342D4
:10667000E1454EF8042B4FEA234BDED2009BEB584A
:106680002BB9019B043B9D421A462FD33C613846EF
:1066900001F07CF9002825DB2946002058F8042B5E
:1066A000D1F800C01FFA82FE1FFA8CF3A3EB0E0391
:1066B0000344120CC2EB234202EB1C429BB243EA9E
:1066C0000243C14541F8043B4FEA2240E6D255F867
:1066D000242005EB840322B9043B9D421A460BD3C8
:1066E0003C610136304603B0BDE8F08F1268043BD0
:1066F000002ACBD1013CC6E71268043B002AEFD147
:10670000013CEAE70020EEE72DE9F04FC76997B0BA
:1067100014461D46CDE90245239E83467FB91020CD
:1067200000F004FE0246CBF81C0020B9A84BEF2174
:10673000A848FFF743FFC0E901770760C760DBF8AF
:106740001C30196859B15A684A60012393408B6024
:10675000584600F0E1FEDBF81C3000221A602B1EC8
:10676000B9BF23F00043039300233360DDF80C80AE
:10677000994BBCBF0122326033EA080312D1229A3E
:1067800042F20F731360C8F31303234300F05185E3
:10679000249BDFF848A2002B00F053850AF1030385
:1067A00000F04DBDDDE90223CDE90C23DDE90C014C
:1067B00000220023EAF760F9074658B1229A012324
:1067C0001360249B13B1249A854B1360DFF814A245
:1067D00000F037BD14AB019315AB00935846DDE9CB
:1067E0000C2301F081F9C8F30A568146002E76D0B9
:1067F0000D9B1297C3F31303DDE90C0143F07F53A4
:1068000043F44013A6F2FF3619460022764BE9F70F
:1068100013FD69A3D3E90023E9F7C6FE68A3D3E912
:106820000023E9F70BFD044630460D46E9F752FE1A
:1068300065A3D3E90023E9F7B7FE02460B462046DD
:106840002946E9F7FBFC04460D46EAF75DF900220C
:106850000746002320462946EAF718F940B1384692
:10686000E9F738FE22462B46EAF706F900B9013F60
:10687000162F52D85D4B03EBC703D3E90023DDE9A4
:106880000C01EAF703F9002849D0013F00230F93D8
:10689000149B9B1B5A1E44BFC3F10108002309929D
:1068A00054BF4FF000080993002F3ADB099B0E9765
:1068B0003B44099300230A93209B092B65D8052BA1
:1068C000C4BF043B2093209BA3F10203CCBF002450
:1068D0000124032B64D8DFE803F02B383656DDE9BA
:1068E00014631E4406F23243202BC1BFC3F14003A0
:1068F00008FA03F806F2124324FA03F3D6BFC3F1F1
:10690000200348EA030004FA03F0E9F7D3FD01226B
:10691000A1F1F873013E129276E70123B7E70F90D9
:10692000B6E77B420A930023A8EB07080E93C3E760
:1069300000230B93219B002B35DC0123CDE907338A
:106940001A4621920BE00123F3E700230B93219BCE
:10695000FB1808930133012B0793B8BF0123DBF821
:106960001C000021042202F114059D421FD9416040
:10697000584600F091FD824600283BD11C4B024650
:1069800040F2AF11D4E60123E0E701240023209375
:106990000B944FF0FF33CDE9073300221223D0E7E9
:1069A00001230B93F5E7219BCDE90733D7E70131AD
:1069B0005200D8E7AFF3008061436F63A787D23FEF
:1069C000B3C8608B288AC63FFB799F501344D33FDE
:1069D00044280208302902080000F07F2C29020810
:1069E000C4280208C32802080000F83F282A020829
:1069F00088290208DBF81C301860079B0E2B00F278
:106A0000A480002C00F0A180002F33DD864B07F01E
:106A10000F0203EBC203D3E90034F805CDE90434D7
:106A20004FEA271416D5814BDDE90C01D3E9082381
:106A3000E9F7E4FECDE9020104F00F0403267B4DE3
:106A400054B9DDE90423DDE90201E9F7D7FECDE918
:106A5000020128E00226F2E7E10708D5DDE904019A
:106A6000D5E90023E9F7A0FDCDE904010136641062
:106A70000835E5E700F0D2807C426B4B6B4D04F0AB
:106A80000F0203EBC203D3E90023DDE90C01E9F7B0
:106A90008BFDCDE90201241100230226002C40F0D9
:106AA000B280002BD3D10F9BDDE90245002B00F013
:106AB000B7805F4B002220462946E9F7E7FF002810
:106AC00000F0AE80079B002B00F0AA80089B002BF3
:106AD00037DD7B1E04932046564B00222946E9F7FA
:106AE00063FDCDE90201089C01363046E9F7F2FC6E
:106AF000DDE90223E9F758FD4F4B0022E9F79EFB41
:106B00000546A1F15076002C40F09A80DDE90201A3
:106B10004A4B0022E9F790FB02460B46CDE90223DF
:106B20002A463346E9F7D0FF002840F08E82DDE99F
:106B300002012A4606F10043E9F7A8FF002840F0C9
:106B40002781DDE90C34CDE90234159B002BC0F21E
:106B500063810E2F00F36081334B03EBC703D3E94E
:106B60000034CDE90434219B002B03DA079B002B72
:106B700040F30081DDE902455646DDE90423204665
:106B80002946E9F73BFEE9F7BFFF8046E9F7A2FC9B
:106B9000DDE90423E9F708FD02460B4620462946B5
:106BA00008F13004E9F748FB06F8014B079DA6EB16
:106BB0000A04A54202460B4640F01681E9F73EFB67
:106BC000DDE9042304460D46E9F77EFF002840F086
:106BD000F880DDE9042320462946E9F74DFF18B186
:106BE00018F0010F40F0ED804946584600F094FC43
:106BF00000233370229B01371F60249B002B00F081
:106C000020831E601DE3E20705D5D5E90023E9F7DF
:106C1000CBFC01360123641008353FE7022642E72A
:106C2000079C049761E700BF282A0208002A02088F
:106C30000000F03F0000244000001C400000144011
:106C4000704B0B9903EBC40353E90223544400290E
:106C500045D06D490020E9F7D1FD33462A46E9F7D2
:106C6000EBFACDE910015646DDE90201E9F74CFFE8
:106C70000546E9F72FFC02460B46DDE90201E9F77C
:106C8000DBFA303502460B46CDE9022306F8015BFC
:106C9000DDE91023E9F7FAFE002863D1DDE90223DC
:106CA0005A490020E9F7C8FADDE91023E9F7EEFEBA
:106CB000002840F08780A6423FF443AFDDE9100191
:106CC000534B0022E9F770FC514BCDE91001002233
:106CD000DDE90201E9F768FCCDE90201C4E73146CC
:106CE0002846E9F761FCCDE9100113945646DDE929
:106CF0000201E9F709FF0546E9F7ECFB02460B46FE
:106D0000DDE90201E9F798FA303506F8015B024641
:106D10000B46A642CDE902234FF0000224D13A4BA4
:106D2000DDE91001E9F78AFA02460B46DDE90201C6
:106D3000E9F7CAFE002845D1DDE9102332490020D9
:106D4000E9F77AFA02460B46DDE90201E9F79EFE11
:106D500000283FF4F6AE139E731E139316F8013C01
:106D6000302BF8D0049F3FE7294BE9F71DFCCDE914
:106D70000201BCE70CD1274B0022DDE90401E9F751
:106D800013FCDDE90223E9F795FE002800F05B81A2
:106D900000242546219BDB430493564600272146C9
:106DA000584600F0B9FB002DDCD02FB1AF4203D024
:106DB0003946584600F0B0FB2946584600F0ACFB77
:106DC000D0E7049733461E4613F8012D392A07D120
:106DD0009A45F8D1049A0132049230228AF80020B0
:106DE0001A7801321A70BDE7094B0022E9F7DCFB83
:106DF0000022002304460D46E9F73EFE00283FF43A
:106E0000BCAEF1E6282A02080000E03F0000F03F97
:106E100000002440000014400B9A002A00F0DB80A0
:106E2000209A012A00F3BF80129A002A00F0B7804E
:106E300003F233430A9C4646099A01211A445846F4
:106E40009844099200F01CFC05465EB1099B002B9A
:106E500008DDB342099AA8BF3346A8EB0308F61A27
:106E6000D31A09930A9BF3B10B9B002B00F0B78058
:106E70008CB129462246584600F0C2FC4A460146DB
:106E80000546584600F012FC49460490584600F06A
:106E900043FB049B99460A9B1A1B04D0494658465B
:106EA00000F0AEFC81460121584600F0E9FB0E9B44
:106EB0000446002B00F0C9811A460146584600F0EE
:106EC0009FFC209B012B044600F38F80029B002B2C
:106ED00040F08780039BC3F31303002B40F08380B3
:106EE000039B23F000431B0D1B052BB1099B0133B2
:106EF000099308F1010801230A930E9B002B00F06F
:106F0000AA81236904EB8303186900F06DFBC0F1CB
:106F10002000099B184410F01F0071D0C0F120031D
:106F2000042B65DD099BC0F11C000344804406442A
:106F30000993B8F1000F05DD49464246584600F076
:106F4000B9FC8146099B002B05DD21461A465846AF
:106F500000F0B0FC04460F9B002B53D0214648465E
:106F600000F014FD00284DDA7B1E049349460023EF
:106F70000A22584600F0F2FA0B9B8146002B00F0E3
:106F80006C81002329460A22584600F0E7FA089B44
:106F9000002B054661DC209B022B3BDC5DE0149B53
:106FA000C3F1360346E7079B5C1E0A9BA342BFBFA3
:106FB0000A9B0E9A0A94E31AB4BFD2181C1B079BB3
:106FC000BCBF0E920024002BB5BFA8EB0306079BA5
:106FD0000023464630E70A9C0B9D464635E70A9A51
:106FE0005CE7002388E7029B86E700230A9388E793
:106FF0009FD0099A1C331A4498441E44099298E77A
:107000000346F6E7079B0497002B20DC0893209BA0
:10701000022B1EDD089B002B7FF4BCAE214605220F
:10702000584600F09BFA01460446484600F0AEFC84
:1070300000287FF7AFAE5646312306F8013B049B8C
:1070400001330493AAE6079C04972546F3E7079BC0
:1070500008930B9B002B00F00481002E05DD2946D0
:107060003246584600F026FC05460A9B002B5AD0B3
:107070006968584600F010FA064628B9844B024663
:1070800040F2EF21FFF754BB2A690232920005F16A
:107090000C010C3000F04AFE01223146584600F047
:1070A00009FC0AF101030793089B53440B93029BCD
:1070B00003F001032F460A930546079B2146013B37
:1070C00048460293FFF798FA3946089000F13008D5
:1070D000484600F05BFC2A4609902146584600F0DD
:1070E00071FCC268064602BB0146484600F04EFCF1
:1070F0000246314658460C9200F00EFA209B0C9A3C
:10710000079E43EA02010A9B194310D1B8F1390FD7
:1071100029D0099B002B02DD089B03F13108029B5B
:1071200083F800803BE62846BBE70122E1E7099BA4
:10713000002B04DB20990B430A990B4320D1002A32
:10714000EDDD49460122584600F0B4FB2146814658
:1071500000F01CFC002803DCE1D118F0010FDED0A8
:10716000B8F1390FD8D1029A3923137033461E462D
:10717000013B16F8012C392A52D001321A700EE662
:10718000002A07DDB8F1390FEDD0029A08F10103AA
:10719000137004E6079B079A03F8018C0B9B93423C
:1071A00028D0494600230A22584600F0D7F9AF42BA
:1071B00081464FF000034FF00A023946584607D186
:1071C00000F0CCF907460546079B0133079374E7A7
:1071D00000F0C4F92946074600230A22584600F069
:1071E000BDF90546F0E7089B002BCCBF1E460126E3
:1071F0005644002749460122584600F05BFB2146D1
:10720000814600F0C3FB0028B0DC02D118F0010F6A
:10721000ACD133461E4613F8012D302AFAD0BEE514
:107220009A45A4D1049B0133049331238AF800309A
:10723000B5E5249BDFF85CA01BB10AF10803249A92
:107240001360504617B0BDE8F08F209B012B7FF7ED
:107250003DAE0E9B0A9301205BE6089B002B7FF757
:10726000D6AE564621464846FFF7C6F900F130082B
:1072700006F8018B089BA6EB0A029342B3DD494650
:1072800000230A22584600F069F98146EAE700BF68
:10729000882902082329020838B50546002941D06B
:1072A00051F8043C0C1F002BB8BFE41800F0E8F8BC
:1072B0001D4A136833B9636014602846BDE838403E
:1072C00000F0E4B8A34208D9206821188B4201BF1E
:1072D00019685B6809182160EDE71A465B680BB115
:1072E000A342FAD911685018A0420BD1206801447A
:1072F000501883421160E0D118685B6853600844FD
:107300001060DAE702D90C232B60D6E72068211839
:107310008B4204BF19685B68636004BF0918216071
:107320005460CAE738BD00BFB0F50020024B0146EB
:10733000186800F025B800BF48B2002070B50F4EA5
:107340000C463168054611B900F0E0FC306021467A
:10735000284600F0DBFC431C03D14FF0FF342046ED
:1073600070BDC41C24F00304A042F8D0211A2846A2
:1073700000F0CCFC0130F2D1EFE700BFACF500200B
:107380002DE9F843CD1C25F0030508350C2D38BF39
:107390000C25002D064601DBA94204D90C233360DD
:1073A0000020BDE8F883DFF8D48000F069F8D8F851
:1073B00000301C4644BB29463046FFF7BFFF431C44
:1073C000044658D1D8F800402746002F43D1002C5E
:1073D0004BD023683946304604EB030900F096FC95
:1073E000814542D121686D1A29463046FFF7A6FF34
:1073F00001303AD023682B442360D8F800305A6813
:1074000062BBC8F800700FE02268521B20D40B2A20
:1074100017D96119A342256018BF5960636808BF76
:10742000C8F8001062514B60304600F02FF804F1AC
:107430000B00231D20F00700C21A1CBF1B1AA3500B
:10744000AFE76268A3420CBFC8F800205A60EBE7C0
:1074500023466468AEE73C467F68B6E71A465B6839
:10746000A342FBD100235360DEE70C233360304698
:1074700000F00CF894E70560D6E700BFB0F50020F7
:107480000148FFF798B800BFA8F500200148FFF7B2
:1074900093B800BFA8F5002070B5C66904460D4634
:1074A00076B91020FFF742FF0246E06120B9184B81
:1074B00018486B21FFF782F8C0E901660660C660D4
:1074C000E669F36883B1E369DB6853F82500B8B96E
:1074D000012101FA05F6721D9200204600F03BFCE6
:1074E00060B1C0E901560EE021220421204600F0DF
:1074F00032FCE369F060DB68002BE4D1002070BD52
:10750000026843F825200023C0E90333F7E700BFF2
:10751000442802089929020870B5C66905460C4638
:1075200076B91020FFF702FF0246E86120B9094B47
:1075300009488F21FFF742F8C0E901660660C6607E
:107540003CB1EB696268DB6853F82210216043F8B4
:10755000224070BD44280208992902082DE9F04113
:107560000D6907460C461E4601F1140C0020DCF89C
:10757000003099B202FB01611E0C0B0C02FB0633BA
:1075800089B2013001EB034185424CF8041B4FEAFC
:107590001346ECDC0EB3A368AB4219DC61683846D5
:1075A0000131FFF779FF804628B902460C4B0D48A0
:1075B000BA21FFF703F82269023204F10C019200AC
:1075C0000C3000F0B3FB21463846FFF7A5FF4446D8
:1075D00004EB850301355E6125612046BDE8F0813D
:1075E0008829020899290208B0F5803F034636BF72
:1075F000030400201020B3F1807F3CBF1B02083041
:10760000B3F1805F3CBF1B010430B3F1804F3CBF3E
:107610009B000230002B05DB13F0804F00F10100CE
:1076200008BF202070470368024613F007000BD004
:10763000D90721D4980749BF5B089B080120136034
:107640005CBF13600220704799B209B91B0C10206F
:10765000D9B209B908301B0A190704BF1B09043045
:10766000990704BF9B080230D90703D45B0800F1D7
:10767000010003D01360704700207047202070473E
:1076800010B50C460121FFF707FF024628B9054B4C
:10769000054840F24511FEF791FF01234461036163
:1076A00010BD00BF88290208992902082DE9F04F72
:1076B00014460A6923699A42A8BF23460F46A4BF0D
:1076C0000C461F46D4F810A0D7F81090A368616844
:1076D0000AEB0906B34285B0B8BF0131FFF7DCFE03
:1076E00030B90246444B45484FF4B171FEF766FF8E
:1076F00000F1140505EB86082B460022434521D3F3
:1077000007F1140104F1140202EB8A0201EB890370
:107710000293131B153B23F00303043304F11507F5
:10772000BA4238BF04230193029B03918B420CD8C9
:10773000002E03DD58F8043D002B5AD0066105B039
:10774000BDE8F08F43F8042BD8E7B1F800A0BAF1F8
:10775000000F23D004F1140EA9464FF0000C5EF880
:10776000047BD9F800301FFA87FB9BB20AFB0B336E
:107770006344D9F800C03F0C4FEA1C4C0AFB07C712
:1077800007EB13479BB243EA0743724549F8043BB2
:107790004FEA174CE3D8019B45F803C0039BB3F8AD
:1077A00002900431B9F1000F21D02B6804F1140CC0
:1077B000AE464FF0000ABCF800B0BEF8027009FBFC
:1077C0000B7757449BB243EA07434EF8043B5CF8FF
:1077D000043B4FEA134ABEF8003009FB0A3303EBBF
:1077E000174362454FEA134AE5D8019FEB51043530
:1077F0009AE7013E9CE700BF882902089929020800
:107800002DE9F843154612F0030207460E4607D04D
:10781000254C013A002354F82220FFF79FFE06462C
:10782000AD103DD0FC697CB91020FFF77FFD02460A
:10783000F86128B91D4B1E4840F2B311FEF7BEFE99
:10784000C0E901440460C460D7F81C80D8F808403F
:107850004CB940F271213846FFF712FF0023C8F8F7
:107860000800044603604FF00009EB070AD53146D3
:1078700022463846FFF71AFF314680463846FFF762
:107880004BFE46466D100BD0206838B92246214683
:107890003846FFF70BFF2060C0F800900446E4E78D
:1078A0003046BDE8F88300BFF429020844280208E6
:1078B000992902082DE9F0470C464968236903EB32
:1078C0006218A368074691464FEA621A08F101065A
:1078D000B3420BDB3846FFF7DFFD054648B90246E9
:1078E000284B29484FF4EF71FEF768FE01315B0029
:1078F000EEE7002300F1140100F110021846534591
:1079000033DB20692AEAEA7A04F1140319F01F092B
:1079100001EB8A0103EB800C2BD0C9F1200E8A46C3
:107920000022186800FA09F010434AF8040B53F8D3
:10793000042B9C4522FA0EF2F3D8ACEB0403153B62
:1079400023F00303043304F11500844538BF0423F6
:10795000CA500AB108F10206013E38462E6121469E
:10796000FFF7DAFD2846BDE8F08742F8040F01333F
:10797000C5E7043953F8042B41F8042F9C45F9D886
:10798000EAE700BF88290208992902080A69034624
:107990000069801A30B50ED11433143103EB820420
:1079A00001EB820154F8045D51F8042D954203D097
:1079B00005D24FF0FF3030BDA342F3D3FBE70120E7
:1079C000F9E700002DE9F74F89460646114648467B
:1079D0001446FFF7DBFF051E12D129463046FFF79C
:1079E0005BFD024628B93E4B40F237213D48FEF789
:1079F000E5FD0123C0E90435104603B0BDE8F08F72
:107A0000BCBF4B46A1463046D9F80410BABF1C464D
:107A100001250025FFF740FD024618B9304B40F222
:107A20004521E3E7D9F810702669C56009F1100314
:107A300009F1140504F1140E00F1140B05EB87088D
:107A40000EEB86060193D9464FF0000C019B5EF8C1
:107A5000040B53F804AF019381B21FFA8AF35B1A47
:107A6000000C6344C0EB1A4000EB23409BB243EA96
:107A70000043764549F8043B4FEA204CE6D8331BD7
:107A8000153B23F0030315340433A64238BF042307
:107A90001D445B441E462C4644450ED308F10301A9
:107AA000491B21F00301033DA84538BF00210B44C9
:107AB00053F8041D91B117619EE754F8041BE64684
:107AC000080C1CFA81FC714400EB2C4089B241EA9D
:107AD000004146F8041B4FEA204CDDE7013FE7E791
:107AE00088290208992902082DE973430121089E7B
:107AF00090469946FFF7D0FC044630B90246244B25
:107B0000244840F20F31FEF759FDC9F30A55C9F375
:107B100013030DB143F480130193B8F1000324D093
:107B200068460093FFF77FFDDDE90012D8B1C0F190
:107B3000200302FA03F30B43C24063610192019BED
:107B4000A361002B0CBF012202222261ADB1A5F27C
:107B5000334505443560C0F13500099B1860204667
:107B600002B0BDE870836161E9E701A8FFF75BFD42
:107B7000019B636120300122E7E704EB8203A0F25E
:107B8000324030601869FFF72FFDC0EB4210E4E788
:107B90008829020899290208B1F90C20F8B51607BE
:107BA00005460C4654D44B68002B02DC0B6C002BB2
:107BB00048DDE66A002E45D0002312F480522F687B
:107BC000216A2B6030D0626DA389590705D563689F
:107BD000D21A636B0BB1236CD21A0023E66A216AB6
:107BE0002846B047431CA38906D129681D292BD8F4
:107BF000284A0A41D60727D400226260D9042269A4
:107C0000226004D5421C01D12B6803B96065616B09
:107C10002F60B9B104F14403994202D02846FFF71E
:107C20003BFB002363630DE001232846B047024677
:107C3000501CC9D12B68002BC6D01D2B01D0162B90
:107C40001DD12F60002021E043F040031BB21AE059
:107C50000F69002FF6D093070E6808BF4B690F60BD
:107C600018BF0023F61B8B60002EEBDD216AD4F8D1
:107C700028C033463A462846E047002807DCB4F9D6
:107C80000C3043F04003A3814FF0FF30F8BD0744B0
:107C9000361AE9E7FEFFBFDF38B50B6905460C462B
:107CA00013B90025284638BD18B1036A0BB9FEF791
:107CB0008BFBB4F90C30002BF3D0626ED00704D4E8
:107CC000990502D4A06DFEF776FC28462146FFF701
:107CD00063FF636EDA070546E4D4A3899B05E1D40C
:107CE000A06DFEF769FCDDE70EB403B5014603ABFA
:107CF000054853F8042B0068019300F087F802B0A0
:107D00005DF804EB03B0704748B2002038B5064D6B
:107D10000023044608462B60EDF7C8F9431C02D146
:107D20002B6803B1236038BDA4F500200A449142BA
:107D300000F1FF3300D1704710B511F8014B03F883
:107D4000014F9142F9D110BD08B5062000F032FA7A
:107D50000120EDF77DF970B5A1FB02543CB929462D
:107D6000FFF70EFB064628B90026304670BD0C22F0
:107D70000260F9E72A462146FEF79FFBF5E782B04D
:107D800001B901A942B14BB113780B601278101EF2
:107D900018BF012002B070471046FBE76FF00100EA
:107DA000F8E70346084641B1FF2A04D98A221A603F
:107DB0004FF0FF3070470A70012070479368013B15
:107DC000002B10B4936007DA9469A34201DB0A29FF
:107DD00002D110BC00F032B91368581C1060197041
:107DE000084610BC7047F8B506460F461446D5182D
:107DF000AC4201D1002007E014F8011B3A4630469E
:107E0000FFF7DCFF431CF3D1F8BD00002DE9F04F74
:107E10000D469DB014469846064618B1036A0BB944
:107E2000FEF7D2FA6B6ED90705D4AB899A0502D456
:107E3000A86DFEF7C0FBAB891B0701D52B699BB969
:107E40002946304600F038F970B16B6EDC0704D576
:107E50004FF0FF301DB0BDE8F08FAB899805F7D427
:107E6000A86DFEF7A9FBF3E70023099320238DF803
:107E70002930CDF80C803023DFF8AC818DF82A3022
:107E80004FF0010923469A4613F8012B0AB1252A1F
:107E9000F9D1BAEB040B0BD05B462246294630469B
:107EA000FFF7A1FF013000F0A780099A5A44099218
:107EB0009AF80030002B00F09F8000234FF0FF3233
:107EC000CDE905230AF1010A049307938DF8533095
:107ED0001A935446052214F8011B5348E8F750F949
:107EE000049AD8B9D10644BF20238DF85330130724
:107EF00044BF2B238DF853309AF800302A2B15D02D
:107F0000079A544600204FF00A0C214611F8013B15
:107F1000303B092B4BD9B0B1079214E0A0EB08031A
:107F200009FA03F313430493A246D2E7039B191DF6
:107F30001B680391002BBBBF5B4242F00202079318
:107F40000793B8BF049223782E2B0AD163782A2B8B
:107F500032D1039B1A1D1B68039243EAE373023478
:107F60000593DFF8C8A0217803225046E8F708F906
:107F700038B1049BA0EB0A00402282401343013435
:107F8000049314F8011B2A488DF828100622E8F7FC
:107F9000F7F800283FD0274B1BBB039B073323F088
:107FA000070308330393099B3B4409936AE70CFBDF
:107FB00002320C460120A8E700230134059319463C
:107FC0004FF00A0C204610F8012B303A092A03D949
:107FD000002BC6D00591C4E70CFB01210446012308
:107FE000F0E703AB00932A46134B04A93046FDF794
:107FF000A5FD0746781CD6D16B6ED90705D4AB8991
:108000009A0502D4A86DFEF7D7FAAB895B063FF557
:108010001FAF09981EE703AB00932A46064B04A93D
:108020003046FEF725F8E4E7F92B0208FF2B02089B
:10803000032C02083D5B0108E77D0108F8B50E46F8
:108040001446054618B1036A0BB9FEF7BDF9A369DA
:10805000A360A3891A0701D5236943B9214628469D
:1080600000F02AF818B14FF0FF373846F8BD236802
:108070002269981A6369F6B28342374605DC2146C5
:108080002846FFF709FE0028EDD1A368013BA36055
:1080900023685A1C22601E706269431C9A4204D0F5
:1080A000A389DB07E1D50A2EDFD121462846FFF759
:1080B000F3FD0028D9D0D6E738B5294B0546186816
:1080C0000C4618B1036A0BB9FEF77EF9B4F90C300F
:1080D000190722D4DA0607D409222A6043F04003A4
:1080E000A3814FF0FF3033E0580712D5616B41B1E7
:1080F00004F14403994202D02846FFF7CDF800234B
:108100006363A38923F02403A381002363602369AD
:108110002360A38943F00803A38123694BB9A38992
:1081200003F42073B3F5007F03D02146284600F006
:1081300083F8B4F90C3013F001020AD00022A260D7
:1081400062695242A261226942B913F08000C5D12E
:1081500038BD990758BF6269A260F4E70020F7E7CD
:1081600048B200201F2938B505460C4604D916230D
:1081700003604FF0FF3038BDC26B12B152F82130AE
:108180004BB9284600F030F8224601462846BDE8A3
:10819000384000F017B8012B0AD0591C03D1162320
:1081A00003600120E7E7002142F8241020469847A9
:1081B0000020E0E7024B01461868FFF7D3BF00BF7D
:1081C00048B2002038B5074D002304460846114642
:1081D0002B60ECF735FF431C02D12B6803B1236001
:1081E00038BD00BFA4F50020ECF728BF70B50C46E1
:1081F000B1F90E10002996B015461E460DDAA38976
:1082000013F0800F4FF0000114BF40234FF4806340
:10821000002031602B6016B070BD6A4600F048F84F
:108220000028ECDB019901F47041A1F5005359429B
:1082300059414FF48063EBE78B89F7B59D070646FC
:108240000C4607D504F147032360236101236361D2
:1082500003B0F0BD01AB6A46FFF7C8FF009F0546BB
:1082600039463046FFF78CF848B9B4F90C309A0516
:10827000EED423F0030343F00203A381E2E7A389D2
:10828000206043F08003A381019BC4E904075BB134
:10829000B4F90E10304600F01DF828B1A38923F080
:1082A000030343F00103A381A3891D43A581CFE705
:1082B00038B5074D00230446084611462B60ECF7FD
:1082C000ECFE431C02D12B6803B1236038BD00BF14
:1082D000A4F5002038B5064D0023044608462B605F
:1082E000ECF7E0FE431C02D12B6803B1236038BDDC
:1082F000A4F5002038B5054600F046F829460446A6
:108300002846E8F74DFF68B900212846E8F720FF26
:1083100040B1FEF725F92123002103600846E8F764
:108320002DFE0446204638BD38B504460D4600F003
:1083300011F810B92C46204638BD284600F00AF83E
:108340000028F8D029462046E8F720FF0028F1D081
:10835000F1E7000030F000400DD0A0F50003B3F1CC
:10836000FE4F0AD3074B421E9A4208D9A0F1FF43A1
:10837000584258417047022070470420704703203C
:10838000704700BFFEFF7F0020F00042B2F1FF4FB8
:108390002DE9F041034604460AD30146E8F73AFDC9
:1083A00001462046E8F72EFC04462046BDE8F08151
:1083B000002AFAD0002806DA0146E8F721FC014637
:1083C000E8F7DCFDF0E710F0FF424FEAE0513DD066
:1083D000C3F3160343F40003CA07A1F17F0558BF96
:1083E0005B0000246D105B00192026464FF0807161
:1083F00072189A42DDBF561864189A1A1A46013844
:108400004FEA42034FEA5101F2D1BAB1144E154F6F
:1084100030683968D6F80080E8F7F2FB014640463C
:10842000E8F7A0FE50B1306839683668E8F7EAFB33
:1084300001463046E8F78CFE68B10234641004F15E
:108440007C5404EBC554B0E75B0001321802FBD545
:10845000013A891ABCE7013424F00104EEE700BFB9
:1084600008B4002004B400202DE9F041C1F30A57FC
:10847000A7F2FF36132E02460B460C4605468046F1
:1084800035DC002E17DA34A3D3E90023E7F7D6FE54
:1084900000220023E8F718FB50B1002C57DA24F033
:1084A00000442C430025AC422D4C08BF4FF0004443
:1084B00023462A4624E02B4F374101EA070C5CEAA9
:1084C000000C1DD024A3D3E90023E7F7B7FE002258
:1084D0000023E8F7F9FA0028EAD0002CBEBF4FF4D9
:1084E00080133341E41824EA07040025E0E7332E23
:1084F0000ADDB6F5806F03D1E7F7A0FE02460B4612
:1085000010461946BDE8F081A7F213474FF0FF3C33
:108510002CFA07F70742F3D00FA3D3E90023E7F7BC
:108520008DFE00220023E8F7CFFA0028C0D0002CEF
:108530000ADA142E01D1013406E0C6F13406012313
:10854000B3401D444545F6D325EA0705B0E70025AD
:108550002C46ADE7AFF300809C7500883CE4377E85
:108560000000F0BFFFFF0F00F8B500BFF8BC08BC6B
:108570009E467047F8B500BFF8BC08BC9E467047E1
:1085800000000000010000000200000000000000E8
:108590008813000010270000204E000030750000F6
:1085A000409C000050C3000060EA0000C0D40100FD
:1085B00080A903000053070000EA0637000000000E
:1085C0005000000040F70937000000005000000094
:1085D000C194C10000000000B227000000000000AC
:1085E000000000000000000000000000000000008B
:1085F00000232323232323205072696D75732049A0
:108600006E697420537461727420232323232323FF
:108610000D00232323232323205072696D757320BB
:10862000496E697420456E64202323232323230D80
:108630000000000000000000000000000100000039
:108640000100000002000000000000000000000027
:108650000100000001000000020000004142500043
:108660004F544141000D0A232323232323204C6F21
:1086700052612041637469766174696F6E20547928
:108680007065203A202573202323232323230D0AFA
:10869000000D0A232323232323202055706C696EA9
:1086A0006B436F756E746572204C6F6164203A2065
:1086B0002575202323232323230D0A000D0A2323BA
:1086C00023232323204E6578742053656E64205441
:1086D000696D65203A20202564206D696E7574658A
:1086E000207C202564207365636F6E642023232320
:1086F0002323230D0A0A000D0A23232323232320E7
:1087000054696D6572204572726F72202323232392
:1087100023230D0A000D0A232323232323204C6F38
:1087200052612055706C696E6B436F756E74657223
:10873000203A202575202323232323230D0A000D0F
:108740000A232323232323205478496E6465783A2F
:1087500020256420202323232323230D0A000D0A30
:1087600023232323232320525353493A20256420D3
:10877000202323232323230D0A000D0A232323234D
:108780002323204C525F5374617475733A20257310
:1087900020202323232323230D0A000D0A23232330
:1087A000232323204F505F5374617475733A20253F
:1087B0007320202323232323230D0A000D0A2323C0
:1087C00023232323204A4F494E204661696C203AD7
:1087D00020256420202323232323230D0A000D0AB0
:1087E0002323232323232041434B204661696C200C
:1087F0003A20256420202323232323230D0A000D60
:108800000A232323232323204142502041434B208A
:108810004661696C203A20536C65657020202323E3
:10882000232323230D0A000D0A232323232323209C
:108830004F5441412041434B204661696C203A200E
:108840005245424F4F5420202323232323230D0A34
:10885000000D0A2323232323232041434B20436F6E
:108860006E6669726D203A20506173732020232355
:10887000232323230D0A000D0A232323232323204C
:108880004669727374204A6F696E20202323232364
:1088900023230D0A000D0A232323232323204D43E2
:1088A00055205265626F6F74202323232323230DE9
:1088B0000A000D0A232323232323204B6579204319
:1088C0006F6E666967204279205072696D757320FA
:1088D0005374617274202323232323230D0A0A0077
:1088E0000D232323232323204B657920436F6E66BA
:1088F0006967204279205072696D757320456E64F6
:10890000202323232323230D0A0A002323232323A5
:108910002320414343454C45524F5F4759524F2016
:10892000536C656570202323232323230D0A002322
:10893000232323232320414343454C45524F5F4784
:1089400059524F5F4572726F72203A20256420237E
:1089500023232323230D0A0023232323232320411E
:108960004343454C45524F5F4759524F5F43616CFB
:1089700063756C6174696F6E202323232323230D99
:108980000A00202425642025642025643B0023233D
:108990002323232320414343454C45524F5F4759EE
:1089A000524F5F57616B6520557020436E74203ABB
:1089B000202564202323232323230D0A002323239C
:1089C00023232320414343454C45524F5F4759528F
:1089D0004F5F57616B65205570202323232323238A
:1089E0000D0A0000374D0008254D0008094D00080C
:1089F000294D0008054D0008494D000825647325E0
:108A00003033643A0000000081520008215300080E
:108A1000915200082D530008F15200083953000804
:108A200000000000A1520008595200082552000819
:108A3000DD5100083552000849520008E95100088C
:108A4000ED51000801520008B5550008DD55000839
:108A5000615500084D5500085377697463682074A8
:108A60006F20436C61737320256320646F6E650D06
:108A70000A00414243004E41434B000D0A23232389
:108A8000232323203D3D3D3D3D3D3D3D3D3D204D8E
:108A90004350532D436F6E6669726D203D3D3D3DE1
:108AA0003D3D3D3D3D3D3D3D3D0D0A0023232323FE
:108AB000232320552F4C204652414D453A25303432
:108AC00064207C20504F52543A2564207C2044522C
:108AD0003A2564207C205057523A256400207C209F
:108AE0004D534720545950453A00434F4E46495242
:108AF0004D4544205B25735D0D0A00554E434F4E96
:108B00004649524D45440D0A000D0A2323232323D1
:108B100023203D204A4F494E4544203D20004142FC
:108B200050203D3D3D3D3D3D3D3D3D3D3D3D3D3D7F
:108B30003D3D3D3D3D3D3D3D0D0A004F54414120F1
:108B40003D3D3D3D3D3D3D3D3D3D3D3D3D3D3D3D55
:108B50003D3D3D3D3D0D0A000D0A232323232323E4
:108B6000204A4F494E204641494C45440D0A0023B6
:108B7000232323232320552F4C204652414D453A91
:108B80004A4F494E207C2044523A2564207C205094
:108B900057523A25640D0A004C6D48616E646C654D
:108BA000722053746F70206F6E20676F696E67203C
:108BB0002E2E2E0D0A004C6D48616E646C6572207D
:108BC00053746F707065640D0A004C6D48616E647B
:108BD0006C65722073776974636820746F204F54DA
:108BE0004141206D6F64650D0A004C6D48616E64F3
:108BF0006C65722073776974636820746F204142DA
:108C000050206D6F64650D0A000D0A232323232372
:108C10002320424541434F4E204C4F53540D0A00F0
:108C20000D0A23232323232320424541434F4E2073
:108C30005245434549564544207C2044523A2564D8
:108C4000207C20525353493A2564207C20534E52B5
:108C50003A2564207C2046513A2564207C205449E2
:108C60004D453A2564207C20444553433A256420F1
:108C70007C20494E464F3A30325825303258253004
:108C80003258202530325825303258253032580D90
:108C90000A000D0A23232323232320424541434F67
:108CA0004E204E4F542052454345495645440D0AE7
:108CB000004E564D20444154412053544F52454498
:108CC0000D0A004E564D2044415441205245535404
:108CD0004F5245440D0A005258202D20506F727497
:108CE000203A202564207C2042756666203A2025A3
:108CF000640D0A004C4544204F46460D0A004C4581
:108D000044204F4E0D0A0023232323232320442FE6
:108D10004C204652414D453A25303464207C205049
:108D20004F52543A2564207C2044523A2564207CDA
:108D300020534C4F543A2573207C20525353493AC8
:108D40002564207C20534E523A25640D0A004E566D
:108D50004D204441544120555020544F204441540B
:108D6000450D0A004E564D20444154412053544F66
:108D70005245204641494C45440D0A0053454E4456
:108D800020524551554553540D0A004E65787420C4
:108D9000547820696E20203A207E25642073656314
:108DA0006F6E642873290D0A004150504C494341AD
:108DB00054494F4E5F56455253494F4E3A2056251F
:108DC000582E25582E25580D0A004D575F4C4F52EE
:108DD0004157414E5F56455253494F4E3A20205617
:108DE00025582E25582E25580D0A004D575F524103
:108DF00044494F5F56455253494F4E3A2020202058
:108E00005625582E25582E25580D0A004C325F53F2
:108E10005045435F56455253494F4E3A202020203B
:108E2000205625582E25582E25580D0A0052505FE1
:108E3000535045435F56455253494F4E3A202020E8
:108E400020205625582D25582E25582E25580D0AF8
:108E50000031003200435F4D4300505F4D4300003E
:108E6000A0860100400D0300801A060000350C00AA
:108E700040420F0080841E0000093D0000127A006D
:108E80000024F40000366E010048E801006CDC02AA
:108E900000000000000000000000000000000000D2
:108EA00000000000000000000000000000000000C2
:108EB00001000000020000000300000004000000A8
:108EC0000100000003000000050000000100000098
:108ED00001000000060000000A0000002000000061
:108EE0000200000004000000080000001000000064
:108EF00040000000800000000001000000020000AF
:108F0000010002000400060008000A000C00100026
:108F10002000400080000001080402040801010153
:108F200001010103070100006572726F723A20525D
:108F30006567696F6E206973206E6F742064656663
:108F4000696E656420696E20746865204D573A200B
:108F5000736574206C6F726177616E5F636F6E66AC
:108F60002E68206163636F7264696E676C790D0AA5
:108F7000004D414320727854696D654F75740D0A38
:108F8000004D414320747854696D654F75740D0A26
:108F9000004D4143207278446F6E650D0A004D41CB
:108FA00043207478446F6E650D0A00080A0C0D0E9C
:108FB00010121415181A1B1D1E2124030502050189
:108FC0000602020500000600000105040402020278
:108FD0000202020202020202020202020302020270
:108FE0000202020304030202020202040504030255
:108FF0000202020506050403020202060706050432
:109000000302020707070605040302070700000022
:109010000000000102010000000000020302010044
:109020000000000304030201000000040504030221
:1090300001000005060504030201000607060504F9
:109040000302010707070605040302070700000BD8
:10905000357DF2F2F233337373DEDEDEDE333373EB
:1090600073F2F2F2F200000048E8010048E8010063
:1090700048E8010048E8010048E8010048E801002C
:1090800090D00300000000000C0B0A09080707320B
:1090900052585F2573206F6E2066726571202564BB
:1090A00020487A2061742044522025640D0A005221
:1090B00058206F6E206672657120256420487A20E2
:1090C00061742044522025640D0A005458206F6EAC
:1090D000206672657120256420487A2061742044DE
:1090E000522025640D0A004D756C74695F43004D74
:1090F000756C74695F500000518E0108538E010831
:10910000748A0108E79001085E860108EF90010863
:10911000A584998D0DBDB1545003A97D1962E69ABD
:10912000459D408715EBC90BEC67FDEABFF7965BE1
:10913000C21CAE6A5A41024F5CF434089373533F29
:109140000C52655E28A10FB509369B3D2669CD9F5F
:109150001B9E742E2DB2EEFBF64D61CE7B3E7197B9
:10916000F568002C601FC8EDBE46D94BDED4E84A36
:109170006B2AE516C5D75594CF100681F044BAE3A3
:10918000F3FEC08AADBC4804DFC17563301A0E6DB2
:109190004C14352FE1A2CC3957F28247ACE72B951E
:1091A000A098D17F667EAB83CA29D33C79E21D7635
:1091B0003B564E1EDB0A6CE45D6EEFA6A8A4378B0F
:1091C000324359B78C64D2E0B4FA0725AF8EE91860
:1091D000D5886F7224F1C751237C9C21DDDC868504
:1091E0009042C4AAD8050112A35FF9D0915827B9BB
:1091F0003813B333BB7089A7B622922049FF787A1F
:109200008FF88017DA31C6B8C3B07711CBFCD63AE5
:10921000C6F8EEF6FFD6DE916002CE56E7B54DEC0D
:109220008F1F89FAEFB28EFB41B35F452353E49B56
:1092300075E13D4C6C7EF5836851D1F9E2AB622A51
:109240000895469D30370A2F0E241BDFCD4E7FEA4E
:10925000121D583436DCB45BA476B77D52DD5E1344
:10926000A6B900C140E379B6D48D67729498B085F1
:10927000BBC54FED869A66118AE904FEA078254B9E
:10928000A25D80053F2170F16377AF4220E5FDBF0D
:10929000811826C3BE35882E9355FC7AC8BA32E6AB
:1092A000C0199EA344543B0B8CC76B28A7BC16ADBA
:1092B000DB647414920C48B89FBD43C43931D3F2B7
:1092C000D58B6EDA01B19C49D8ACF3CFCAF4471004
:1092D0006FF04A5C38577397CBA1E83E96610D0F4B
:1092E000E07C71CC9006F71CC26AAE6917993A27E8
:1092F000D9EB2B22D2A907332D3C15C987AA50A53B
:109300000359091A65D784D082295A1E7BA86D2C6F
:10931000637C777BF26B6FC53001672BFED7AB7632
:10932000CA82C97DFA5947F0ADD4A2AF9CA472C0DD
:10933000B7FD9326363FF7CC34A5E5F171D831154A
:1093400004C723C31896059A071280E2EB27B2756B
:1093500009832C1A1B6E5AA0523BD6B329E32F84E3
:1093600053D100ED20FCB15B6ACBBE394A4C58CFDB
:10937000D0EFAAFB434D338545F9027F503C9FA8AF
:1093800051A3408F929D38F5BCB6DA2110FFF3D27D
:10939000CD0C13EC5F974417C4A77E3D645D197331
:1093A00060814FDC222A908846EEB814DE5E0BDB2B
:1093B000E0323A0A4906245CC2D3AC629195E47962
:1093C000E7C8376D8DD54EA96C56F4EA657AAE08BC
:1093D000BA78252E1CA6B4C6E8DD741F4BBD8B8A57
:1093E000703EB5664803F60E613557B986C11D9EBD
:1093F000E1F8981169D98E949B1E87E9CE5528DF34
:109400008CA1890DBFE6426841992D0FB054BB165F
:1094100023232323232320257320253032583A2564
:109420003032583A253032583A253032583A2530C1
:1094300032583A253032583A253032583A253032AF
:10944000583A253032583A253032583A2530325879
:109450003A253032583A253032583A253032583A87
:10946000253032583A253032580D0A002323232361
:109470002323204465764555493A2020202020208A
:10948000253032583A253032583A253032583A256C
:109490003032583A253032583A253032583A253051
:1094A00032583A253032580D0A0023232323232330
:1094B000204170704555493A202020202020253039
:1094C00032583A253032583A253032583A2530321F
:1094D000583A253032583A253032583A25303258E9
:1094E0003A253032580D0A00232323232323204416
:1094F0006576416464723A2020202020253032585D
:109500003A253032583A253032583A253032580D03
:109510000A004170704B65793A2020202020004ECF
:10952000776B4B65793A2020202020004E776B53D3
:109530004B65793A2020202000417070534B6579AB
:109540003A20202020004442496E744B65793A202D
:109550002020004D43526F6F744B65793A202000F4
:109560004D434B454B65793A20202020004D434127
:109570007070534B65795F303A004D434E776B53B3
:109580004B65795F303A0000000000004150505FA9
:1095900012950108010000004E574B5F1F9501080E
:1095A000080000004E574B532C950108090000009D
:1095B00041505053399501080A0000004442495F68
:1095C000469501080B0000004D4352545395010885
:1095D0000C0000004D434B45609501080D00000054
:1095E0004D434B306D9501080E0000004D41533046
:1095F0006D9501080F0000004D4E53307A9501081B
:10960000100000005A45524F0A89010852616469EE
:109610006F53656E64204F76657273697A650D0AC3
:10962000004952515F52585F54585F54494D454F5D
:1096300055540D0A00505245204F4B0D0A00535906
:109640004E43204F4B0D0A00484452204F4B0D0A09
:1096500000484452204B4F0D0A004952515F43527B
:10966000435F4552524F520D0A00020100030000B1
:10967000841E0000093D0000127A000024F400005E
:1096800048E8010090D0030020A10700000000007E
:10969000B128000061510000C3A2000004050600CB
:1096A0003922010809210108352301088521010813
:1096B0004D2C01082122010879290108F127010810
:1096C0000D2001087D2E0108C92C01080D2201087A
:1096D00001210108B1210108892101084121010866
:1096E00037210108452001084120010833210108E4
:1096F0002F210108CD220108F922010825210108A6
:10970000992F0108A52001086D200108692F010883
:1097100049200108F925010881230108A13D01081C
:10972000A73D0108392001083D200108C0120000B2
:109730001F000000A816000017000000841C000095
:109740000F000000E42500001E000000B42D000002
:1097500016000000083900000E0000002C4C00002C
:109760001D000000685B000015000000747200001E
:109770000D000000589800001C00000034B70000E5
:1097800014000000E8E400000C0000007831010043
:109790001B000000686E01001300000034CA0100C5
:1097A0000B000000286202001A00000040DB0200EB
:1097B000120000003C9303000A000000C0C2040035
:1097C0001900000060B305001100000038200700F8
:1097D0000900000020A107000000000004030202AD
:1097E0000101010100000000000000003C4E554C4A
:1097F0004C3E0030313233343536373839616263AC
:109800006465666768696A6B6C6D6E6F70717273A0
:109810007475767778797A0030313233343536376B
:1098200038394142434445464748494A4B4C4D4EDE
:109830004F505152535455565758595A0000000032
:10984000000400020006000100050003000780007C
:10985000800480028006800180058003800740002C
:109860004004400240064001400540034007C0005C
:10987000C004C002C006C001C005C003C00720006C
:109880002004200220062001200520032007A0003C
:10989000A004A002A006A001A005A003A0076000EC
:1098A0006004600260066001600560036007E0001C
:1098B000E004E002E006E001E005E003E00710005C
:1098C000100410021006100110051003100790007C
:1098D000900490029006900190059003900750002C
:1098E0005004500250065001500550035007D0005C
:1098F000D004D002D006D001D005D003D00730006C
:109900003004300230063001300530033007B0003B
:10991000B004B002B006B001B005B003B0077000EB
:109920007004700270067001700570037007F0001B
:10993000F004F002F006F001F005F003F007080073
:10994000080408020806080108050803080788003B
:1099500088048802880688018805880388074800EB
:109960004804480248064801480548034807C8001B
:10997000C804C802C806C801C805C803C80728002B
:109980002804280228062801280528032807A800FB
:10999000A804A802A806A801A805A803A8076800AB
:1099A0006804680268066801680568036807E800DB
:1099B000E804E802E806E801E805E803E80718001B
:1099C000180418021806180118051803180798003B
:1099D00098049802980698019805980398075800EB
:1099E0005804580258065801580558035807D8001B
:1099F000D804D802D806D801D805D803D80738002B
:109A00003804380238063801380538033807B800FA
:109A1000B804B802B806B801B805B803B8077800AA
:109A20007804780278067801780578037807F800DA
:109A3000F804F802F806F801F805F803F80704003E
:109A4000040404020406040104050403040784005A
:109A5000840484028406840184058403840744000A
:109A60004404440244064401440544034407C4003A
:109A7000C404C402C406C401C405C403C40724004A
:109A80002404240224062401240524032407A4001A
:109A9000A404A402A406A401A405A403A4076400CA
:109AA0006404640264066401640564036407E400FA
:109AB000E404E402E406E401E405E403E40714003A
:109AC000140414021406140114051403140794005A
:109AD000940494029406940194059403940754000A
:109AE0005404540254065401540554035407D4003A
:109AF000D404D402D406D401D405D403D40734004A
:109B00003404340234063401340534033407B40019
:109B1000B404B402B406B401B405B403B4077400C9
:109B20007404740274067401740574037407F400F9
:109B3000F404F402F406F401F405F403F4070C0051
:109B40000C040C020C060C010C050C030C078C0019
:109B50008C048C028C068C018C058C038C074C00C9
:109B60004C044C024C064C014C054C034C07CC00F9
:109B7000CC04CC02CC06CC01CC05CC03CC072C0009
:109B80002C042C022C062C012C052C032C07AC00D9
:109B9000AC04AC02AC06AC01AC05AC03AC076C0089
:109BA0006C046C026C066C016C056C036C07EC00B9
:109BB000EC04EC02EC06EC01EC05EC03EC071C00F9
:109BC0001C041C021C061C011C051C031C079C0019
:109BD0009C049C029C069C019C059C039C075C00C9
:109BE0005C045C025C065C015C055C035C07DC00F9
:109BF000DC04DC02DC06DC01DC05DC03DC073C0009
:109C00003C043C023C063C013C053C033C07BC00D8
:109C1000BC04BC02BC06BC01BC05BC03BC077C0088
:109C20007C047C027C067C017C057C037C07FC00B8
:109C3000FC04FC02FC06FC01FC05FC03FC07020022
:109C40000204020202060201020502030207820068
:109C50008204820282068201820582038207420018
:109C60004204420242064201420542034207C20048
:109C7000C204C202C206C201C205C203C207220058
:109C80002204220222062201220522032207A20028
:109C9000A204A202A206A201A205A203A2076200D8
:109CA0006204620262066201620562036207E20008
:109CB000E204E202E206E201E205E203E207120048
:109CC0001204120212061201120512031207920068
:109CD0009204920292069201920592039207520018
:109CE0005204520252065201520552035207D20048
:109CF000D204D202D206D201D205D203D207320058
:109D00003204320232063201320532033207B20027
:109D1000B204B202B206B201B205B203B2077200D7
:109D20007204720272067201720572037207F20007
:109D3000F204F202F206F201F205F203F2070A005F
:109D40000A040A020A060A010A050A030A078A0027
:109D50008A048A028A068A018A058A038A074A00D7
:109D60004A044A024A064A014A054A034A07CA0007
:109D7000CA04CA02CA06CA01CA05CA03CA072A0017
:109D80002A042A022A062A012A052A032A07AA00E7
:109D9000AA04AA02AA06AA01AA05AA03AA076A0097
:109DA0006A046A026A066A016A056A036A07EA00C7
:109DB000EA04EA02EA06EA01EA05EA03EA071A0007
:109DC0001A041A021A061A011A051A031A079A0027
:109DD0009A049A029A069A019A059A039A075A00D7
:109DE0005A045A025A065A015A055A035A07DA0007
:109DF000DA04DA02DA06DA01DA05DA03DA073A0017
:109E00003A043A023A063A013A053A033A07BA00E6
:109E1000BA04BA02BA06BA01BA05BA03BA077A0096
:109E20007A047A027A067A017A057A037A07FA00C6
:109E3000FA04FA02FA06FA01FA05FA03FA0706002A
:109E40000604060206060601060506030607860046
:109E500086048602860686018605860386074600F6
:109E60004604460246064601460546034607C60026
:109E7000C604C602C606C601C605C603C607260036
:109E80002604260226062601260526032607A60006
:109E9000A604A602A606A601A605A603A6076600B6
:109EA0006604660266066601660566036607E600E6
:109EB000E604E602E606E601E605E603E607160026
:109EC0001604160216061601160516031607960046
:109ED00096049602960696019605960396075600F6
:109EE0005604560256065601560556035607D60026
:109EF000D604D602D606D601D605D603D607360036
:109F00003604360236063601360536033607B60005
:109F1000B604B602B606B601B605B603B6077600B5
:109F20007604760276067601760576037607F600E5
:109F3000F604F602F606F601F605F603F6070E003D
:109F40000E040E020E060E010E050E030E078E0005
:109F50008E048E028E068E018E058E038E074E00B5
:109F60004E044E024E064E014E054E034E07CE00E5
:109F7000CE04CE02CE06CE01CE05CE03CE072E00F5
:109F80002E042E022E062E012E052E032E07AE00C5
:109F9000AE04AE02AE06AE01AE05AE03AE076E0075
:109FA0006E046E026E066E016E056E036E07EE00A5
:109FB000EE04EE02EE06EE01EE05EE03EE071E00E5
:109FC0001E041E021E061E011E051E031E079E0005
:109FD0009E049E029E069E019E059E039E075E00B5
:109FE0005E045E025E065E015E055E035E07DE00E5
:109FF000DE04DE02DE06DE01DE05DE03DE073E00F5
:10A000003E043E023E063E013E053E033E07BE00C4
:10A01000BE04BE02BE06BE01BE05BE03BE077E0074
:10A020007E047E027E067E017E057E037E07FE00A4
:10A03000FE04FE02FE06FE01FE05FE03FE07010011
:10A0400000000000920E493CB10AC93C2BC3163DEA
:10A050002EFB483D752B7B3D04A9963D80B6AF3D58
:10A0600036BDC83D2FBCE13D73B2FA3D87CF093EF6
:10A070008340163EB5AB223EA2102F3ECF6E3B3E34
:10A08000C2C5473E0115543E135C603E7F9A6C3E4C
:10A09000CCCF783EC07D823E938E883E229A8E3E03
:10A0A00032A0943E86A09A3EE59AA03E128FA63E2C
:10A0B000D47CAC3EEF63B23E2A44B83E491DBE3E5E
:10A0C00015EFC33E53B9C93ECA7BCF3E4136D53E9C
:10A0D00080E8DA3E4F92E03E7533E63EBBCBEB3E86
:10A0E000EA5AF13ECBE0F63E275DFC3EE4E7003F56
:10A0F0003D9C033F824B063F9BF5083F6B9A0B3F0D
:10A10000DA390E3FCDD3103F2A68133FD9F6153FF9
:10A11000C07F183FC6021B3FD17F1D3FCBF61F3FBC
:10A120009967223F25D2243F5636273F1594293F71
:10A130004AEB2B3FDE3B2E3FBB85303FC9C8323F49
:10A14000F304353F233A373F4268393F3B8F3B3F6B
:10A15000F9AE3D3F67C73F3F70D8413F01E2433F03
:10A1600003E4453F65DE473F12D1493FF8BB4B3F13
:10A17000029F4D3F207A4F3F3D4D513F4918533F7D
:10A1800031DB543FE595563F5348583F6AF2593FFB
:10A190001A945B3F532D5D3F05BE5E3F2146603FF5
:10A1A00097C5613F5A3C633F59AA643F880F663F99
:10A1B000D86B673F3CBF683FA7096A3F0C4B6B3FBA
:10A1C0005E836C3F93B26D3F9ED86E3F73F56F3FD9
:10A1D0000809713F5213723F4714733FDD0B743F00
:10A1E0000BFA743FC6DE753F07BA763FC58B773FE3
:10A1F000F853783F9812793F9DC7793F02737A3FB1
:10A20000BE147B3FCDAC7B3F283B7C3FC9BF7C3F2E
:10A21000AC3A7D3FCCAB7D3F23137E3FB0707E3F99
:10A220006DC47E3F580E7F3F6D4E7F3FAB847F3FB6
:10A230000FB17F3F97D37F3F43EC7F3F11FB7F3FC1
:10A240000000803F11FB7F3F43EC7F3F97D37F3F70
:10A250000FB17F3FAB847F3F6D4E7F3F580E7F3FF6
:10A260006DC47E3FB0707E3F23137E3FCCAB7D3FFD
:10A27000AC3A7D3FC9BF7C3F283B7C3FCDAC7B3FA8
:10A28000BE147B3F02737A3F9DC7793F9812793F96
:10A29000F853783FC58B773F07BA763FC6DE753FE8
:10A2A0000BFA743FDD0B743F4714733F5213723F38
:10A2B0000809713F73F56F3F9ED86E3F93B26D3FB3
:10A2C0005E836C3F0C4B6B3FA7096A3F3CBF683F06
:10A2D000D86B673F880F663F59AA643F5A3C633F7B
:10A2E00097C5613F2146603F05BE5E3F532D5D3FF0
:10A2F0001A945B3F6AF2593F5348583FE595563FE1
:10A3000031DB543F4918533F3D4D513F207A4F3F79
:10A31000029F4D3FF8BB4B3F12D1493F65DE473F9F
:10A3200003E4453F01E2433F70D8413F67C73F3FE9
:10A33000F9AE3D3F3B8F3B3F4268393F233A373FC1
:10A34000F304353FC9C8323FBB85303FDE3B2E3F6B
:10A350004AEB2B3F1594293F5636273F25D2243F01
:10A360009967223FCBF61F3FD17F1D3FC6021B3F9F
:10A37000C07F183FD9F6153F2A68133FCDD3103F51
:10A38000DA390E3F6B9A0B3F9BF5083F824B063F35
:10A390003D9C033FE4E7003F275DFC3ECBE0F63EFB
:10A3A000EA5AF13EBBCBEB3E7533E63E4F92E03EC0
:10A3B00080E8DA3E4136D53ECA7BCF3E53B9C93E2E
:10A3C00015EFC33E491DBE3E2A44B83EEF63B23E80
:10A3D000D47CAC3E128FA63EE59AA03E86A09A3E63
:10A3E00032A0943E229A8E3E938E883EC07D823E5D
:10A3F000CCCF783E7F9A6C3E135C603E0115543E94
:10A40000C2C5473ECF6E3B3EA2102F3EB5AB223EAB
:10A410008340163E87CF093E73B2FA3D2FBCE13D23
:10A4200036BDC83D80B6AF3D04A9963D752B7B3D3A
:10A430002EFB483D2BC3163DB10AC93C920E493C48
:10A4400000000000920E49BCB10AC9BC2BC316BD66
:10A450002EFB48BD752B7BBD04A996BD80B6AFBD54
:10A4600036BDC8BD2FBCE1BD73B2FABD87CF09BEF2
:10A47000834016BEB5AB22BEA2102FBECF6E3BBE30
:10A48000C2C547BE011554BE135C60BE7F9A6CBE48
:10A49000CCCF78BEC07D82BE938E88BE229A8EBEFF
:10A4A00032A094BE86A09ABEE59AA0BE128FA6BE28
:10A4B000D47CACBEEF63B2BE2A44B8BE491DBEBE5A
:10A4C00015EFC3BE53B9C9BECA7BCFBE4136D5BE98
:10A4D00080E8DABE4F92E0BE7533E6BEBBCBEBBE82
:10A4E000EA5AF1BECBE0F6BE275DFCBEE4E700BF52
:10A4F0003D9C03BF824B06BF9BF508BF6B9A0BBF09
:10A50000DA390EBFCDD310BF2A6813BFD9F615BFF5
:10A51000C07F18BFC6021BBFD17F1DBFCBF61FBFB8
:10A52000996722BF25D224BF563627BF159429BF6D
:10A530004AEB2BBFDE3B2EBFBB8530BFC9C832BF45
:10A54000F30435BF233A37BF426839BF3B8F3BBF67
:10A55000F9AE3DBF67C73FBF70D841BF01E243BFFF
:10A5600003E445BF65DE47BF12D149BFF8BB4BBF0F
:10A57000029F4DBF207A4FBF3D4D51BF491853BF79
:10A5800031DB54BFE59556BF534858BF6AF259BFF7
:10A590001A945BBF532D5DBF05BE5EBF214660BFF1
:10A5A00097C561BF5A3C63BF59AA64BF880F66BF95
:10A5B000D86B67BF3CBF68BFA7096ABF0C4B6BBFB6
:10A5C0005E836CBF93B26DBF9ED86EBF73F56FBFD5
:10A5D000080971BF521372BF471473BFDD0B74BFFC
:10A5E0000BFA74BFC6DE75BF07BA76BFC58B77BFDF
:10A5F000F85378BF981279BF9DC779BF02737ABFAD
:10A60000BE147BBFCDAC7BBF283B7CBFC9BF7CBF2A
:10A61000AC3A7DBFCCAB7DBF23137EBFB0707EBF95
:10A620006DC47EBF580E7FBF6D4E7FBFAB847FBFB2
:10A630000FB17FBF97D37FBF43EC7FBF11FB7FBFBD
:10A64000000080BF11FB7FBF43EC7FBF97D37FBF6C
:10A650000FB17FBFAB847FBF6D4E7FBF580E7FBFF2
:10A660006DC47EBFB0707EBF23137EBFCCAB7DBFF9
:10A67000AC3A7DBFC9BF7CBF283B7CBFCDAC7BBFA4
:10A68000BE147BBF02737ABF9DC779BF981279BF92
:10A69000F85378BFC58B77BF07BA76BFC6DE75BFE4
:10A6A0000BFA74BFDD0B74BF471473BF521372BF34
:10A6B000080971BF73F56FBF9ED86EBF93B26DBFAF
:10A6C0005E836CBF0C4B6BBFA7096ABF3CBF68BF02
:10A6D000D86B67BF880F66BF59AA64BF5A3C63BF77
:10A6E00097C561BF214660BF05BE5EBF532D5DBFEC
:10A6F0001A945BBF6AF259BF534858BFE59556BFDD
:10A7000031DB54BF491853BF3D4D51BF207A4FBF75
:10A71000029F4DBFF8BB4BBF12D149BF65DE47BF9B
:10A7200003E445BF01E243BF70D841BF67C73FBFE5
:10A73000F9AE3DBF3B8F3BBF426839BF233A37BFBD
:10A74000F30435BFC9C832BFBB8530BFDE3B2EBF67
:10A750004AEB2BBF159429BF563627BF25D224BFFD
:10A76000996722BFCBF61FBFD17F1DBFC6021BBF9B
:10A77000C07F18BFD9F615BF2A6813BFCDD310BF4D
:10A78000DA390EBF6B9A0BBF9BF508BF824B06BF31
:10A790003D9C03BFE4E700BF275DFCBECBE0F6BEF7
:10A7A000EA5AF1BEBBCBEBBE7533E6BE4F92E0BEBC
:10A7B00080E8DABE4136D5BECA7BCFBE53B9C9BE2A
:10A7C00015EFC3BE491DBEBE2A44B8BEEF63B2BE7C
:10A7D000D47CACBE128FA6BEE59AA0BE86A09ABE5F
:10A7E00032A094BE229A8EBE938E88BEC07D82BE59
:10A7F000CCCF78BE7F9A6CBE135C60BE011554BE90
:10A80000C2C547BECF6E3BBEA2102FBEB5AB22BEA7
:10A81000834016BE87CF09BE73B2FABD2FBCE1BD1F
:10A8200036BDC8BD80B6AFBD04A996BD752B7BBD36
:10A830002EFB48BD2BC316BDB10AC9BC920E49BC44
:10A84000000000800000803F00000000ECFF7F3F20
:10A85000D40FC93AB1FF7F3FC70F493B4EFF7F3F3F
:10A86000C1CB963BC4FE7F3F890FC93B13FE7F3FA0
:10A870003053FB3B39FD7F3F59CB163C39FC7F3FC2
:10A8800002ED2F3C11FB7F3F900E493CC1F97F3F09
:10A890000030623C4AF87F3F4B517B3CACF67F3F37
:10A8A00038398A3CE6F47F3FB6C9963CF8F27F3FE0
:10A8B0001C5AA33CE3F07F3F69EAAF3CA7EE7F3F21
:10A8C0009B7ABC3C43EC7F3FB00AC93CB8E97F3F70
:10A8D000A69AD53C05E77F3F7B2AE23C2BE47F3FED
:10A8E0002DBAEE3C29E17F3FB949FB3C00DE7F3FBA
:10A8F00090EC033DAFDA7F3F2F340A3D37D77F3FDF
:10A90000B87B103D98D37F3F2CC3163DD1CF7F3FFE
:10A91000880A1D3DE2CB7F3FCC51233DCCC77F3F12
:10A92000F698293D8FC37F3F07E02F3D2ABF7F3F29
:10A93000FC26363D9EBA7F3FD56D3C3DEAB57F3F54
:10A9400091B4423D0FB17F3F2FFB483D0DAC7F3F9F
:10A95000AF414F3DE3A67F3F0E88553D91A17F3F1C
:10A960004CCE5B3D189C7F3F6814623D78967F3FDC
:10A97000625A683DB1907F3F38A06E3DC28A7F3FEA
:10A98000E9E5743DAB847F3F742B7B3D6D7E7F3F5B
:10A990006CB8803D08787F3F0ADB833D7B717F3F49
:10A9A00094FD863DC76A7F3F0A208A3DEC637F3F66
:10A9B0006A428D3DE95C7F3FB464903DBF557F3F67
:10A9C000E786933D6D4E7F3F05A9963DF4467F3F58
:10A9D0000ACB993D543F7F3FF9EC9C3D8D377F3F3B
:10A9E000CF0EA03D9D2F7F3F8C30A33D87277F3F1B
:10A9F0003052A63D491F7F3FBA73A93DE4167F3F01
:10AA00002B95AC3D580E7F3F80B6AF3DA4057F3FF0
:10AA1000BBD7B23DC9FC7E3FDAF8B53DC7F37E3FF8
:10AA2000DD19B93D9DEA7E3FC33ABC3D4CE17E3F16
:10AA30008D5BBF3DD4D77E3F397CC23D34CE7E3F57
:10AA4000C69CC53D6DC47E3F36BDC83D7FBA7E3FC6
:10AA500086DDCB3D69B07E3FB7FDCE3D2DA67E3F66
:10AA6000C81DD23DC99B7E3FB93DD53D3D917E3F3E
:10AA7000895DD83D8B867E3F377DDB3DB17B7E3F58
:10AA8000C49CDE3DB0707E3F2EBCE13D88657E3FBC
:10AA900076DBE43D385A7E3F9AFAE73DC14E7E3F71
:10AAA0009A19EB3D23437E3F7638EE3D5E377E3F7D
:10AAB0002E57F13D722B7E3FC075F43D5E1F7E3FE9
:10AAC0002C94F73D24137E3F73B2FA3DC2067E3FBD
:10AAD00092D0FD3D38FA7D3F4577003E88ED7D3FC1
:10AAE0002E06023EB1E07D3F0295033EB2D37D3F8C
:10AAF000C223053E8CC67D3F6EB2063E40B97D3F07
:10AB00000541083ECCAB7D3F86CF093E309E7D3F60
:10AB1000F35D0B3E6E907D3F4AEC0C3E85827D3F9F
:10AB20008B7A0E3E74747D3FB708103E3D667D3FC4
:10AB3000CC96113EDE577D3FCA24133E59497D3FD6
:10AB4000B2B2143EAC3A7D3F8340163ED82B7D3FD7
:10AB50003DCE173EDD1C7D3FE05B193EBC0D7D3FC9
:10AB60006BE91A3E73FE7C3FDE761C3E03EF7C3FB2
:10AB700038041E3E6CDF7C3F7B911F3EAECF7C3F96
:10AB8000A51E213EC9BF7C3FB6AB223EBDAF7C3F78
:10AB9000AD38243E8A9F7C3F8CC5253E318F7C3F5B
:10ABA0005152273EB07E7C3FFCDE283E086E7C3F43
:10ABB0008D6B2A3E3A5D7C3F04F82B3E444C7C3F33
:10ABC00061842D3E283B7C3FA2102F3EE5297C3F2F
:10ABD000C99C303E7A187C3FD428323EE9067C3F3F
:10ABE000C4B4333E31F57B3F9840353E53E37B3F61
:10ABF00050CC363E4DD17B3FEC57383E20BF7B3F9B
:10AC00006CE3393ECDAC7B3FCF6E3B3E539A7B3FEE
:10AC100015FA3C3EB2877B3F3E853E3EEA747B3F61
:10AC20004910403EFC617B3F379B413EE74E7B3FF6
:10AC30000726433EAB3B7B3FB9B0443E48287B3FB1
:10AC40004D3B463EBE147B3FC2C5473E0E017B3F97
:10AC50001850493E37ED7A3F4FDA4A3E3AD97A3FAB
:10AC600067644C3E16C57A3F60EE4D3ECBB07A3FEE
:10AC700038784F3E599C7A3FF101513EC1877A3F67
:10AC8000898B523E02737A3F0115543E1C5E7A3F17
:10AC9000589E553E10497A3F8F27573EDD337A3F05
:10ACA000A4B0583E841E7A3F97395A3E04097A3F31
:10ACB0006AC25B3E5EF3793F1A4B5D3E91DD793FA0
:10ACC000A8D35E3E9DC7793F135C603E83B1793F58
:10ACD0005CE4613E439B793F836C633EDC84793F57
:10ACE00086F4643E4E6E793F667C663E9A57793FA5
:10ACF0002204683EC040793FBA8B693EBF29793F44
:10AD00002F136B3E9812793F7F9A6C3E4AFB783F37
:10AD1000AB216E3ED6E3783FB2A86F3E3BCC783F86
:10AD2000942F713E7BB4783F51B6723E939C783F2E
:10AD3000E83C743E8684783F5AC3753E526C783F37
:10AD4000A649773EF853783FCCCF783E773B783FA3
:10AD5000CB557A3ED122783FA4DB7B3E040A783F74
:10AD600056617D3E10F1773FE1E67E3EF7D7773FB3
:10AD70002236803EB7BE773FC0F8803E51A5773F70
:10AD80004ABB813EC58B773FC07D823E1372773FC1
:10AD90002240833E3A58773F7002843E3C3E773FE4
:10ADA000AAC4843E1724773FCE86853ECC09773FE0
:10ADB000DF48863E5BEF763FDA0A873EC4D4763FB3
:10ADC000C1CC873E07BA763F938E883E249F763F5C
:10ADD0005050893E1B84763FF8118A3EEC68763FDE
:10ADE0008AD38A3E974D763F07958B3E1B32763F3E
:10ADF0006E568C3E7A16763FC0178D3EB3FA753F7D
:10AE0000FCD88D3EC6DE753F229A8E3EB3C2753F9A
:10AE1000325B8F3E7BA6753F2C1C903E1C8A753F93
:10AE200010DD903E976D753FDD9D913EED50753F75
:10AE3000945E923E1D34753F351F933E2717753F34
:10AE4000BFDF933E0BFA743F31A0943EC9DC743FE0
:10AE50008D60953E62BF743FD220963ED5A1743F6F
:10AE600000E1963E2284743F17A1973E4966743FE5
:10AE70001661983E4B48743FFE20993E272A743F46
:10AE8000CEE0993EDD0B743F86A09A3E6EED733F97
:10AE900027609B3ED9CE733FAF1F9C3E1FB0733FD0
:10AEA00020DF9C3E3F91733F789E9D3E3972733FF9
:10AEB000B85D9E3E0E53733FDF1C9F3EBE33733F13
:10AEC000EEDB9F3E4714733FE59AA03EACF4723F21
:10AED000C259A13EEBD4723F8718A23E04B5723F1F
:10AEE00033D7A23EF894723FC595A33EC774723F14
:10AEF0003F54A43E7054723F9F12A53EF433723FFC
:10AF0000E5D0A53E5213723F128FA63E8CF2713FE0
:10AF1000254DA73E9FD1713F1F0BA83E8EB0713FBC
:10AF2000FEC8A83E578F713FC486A93EFB6D713F96
:10AF30006F44AA3E7A4C713F0102AB3ED42A713F66
:10AF400077BFAB3E0809713FD47CAC3E17E7703F3A
:10AF5000153AAD3E02C5703F3CF7AD3EC6A2703F0C
:10AF600049B4AE3E6680703F3A71AF3EE15D703FDE
:10AF7000102EB03E373B703FCBEAB03E6718703FB3
:10AF80006BA7B13E73F56F3FEF63B23E5AD26F3F8E
:10AF90005820B33E1BAF6F3FA5DCB33EB88B6F3F6D
:10AFA000D698B43E30686F3FEC54B53E83446F3F53
:10AFB000E610B63EB0206F3FC3CCB63EBAFC6E3F43
:10AFC0008488B73E9ED86E3F2A44B83E5DB46E3F3B
:10AFD000B2FFB83EF88F6E3F1EBBB93E6D6B6E3F41
:10AFE0006E76BA3EBE466E3FA031BB3EEB216E3F51
:10AFF000B6ECBB3EF2FC6D3FAFA7BC3ED5D76D3F74
:10B000008B62BD3E93B26D3F4A1DBE3E2D8D6D3F9E
:10B01000EBD7BE3EA1676D3F6F92BF3EF2416D3FE1
:10B02000D54CC03E1D1C6D3F1E07C13E24F66C3F33
:10B0300048C1C13E07D06C3F557BC23EC5A96C3F9D
:10B040004435C33E5E836C3F15EFC33ED45C6C3F1A
:10B05000C8A8C43E24366C3F5C62C53E500F6C3FAE
:10B06000D21BC63E58E86B3F29D5C63E3BC16B3F5D
:10B07000628EC73EFB996B3F7C47C83E95726B3F23
:10B080007700C93E0C4B6B3F53B9C93E5E236B3F03
:10B090001072CA3E8CFB6A3FAE2ACB3E95D36A3F04
:10B0A0002CE3CB3E7BAB6A3F8B9BCC3E3C836A3F21
:10B0B000CA53CD3ED95A6A3FEA0BCE3E52326A3F5E
:10B0C000EAC3CE3EA7096A3FCA7BCF3ED7E0693FBD
:10B0D0008A33D03EE4B7693F2AEBD03ECC8E693F3D
:10B0E000AAA2D13E9165693F095AD23E323C693FDE
:10B0F0004811D33EAE12693F67C8D33E07E9683FA7
:10B10000647FD43E3CBF683F4136D53E4C95683F96
:10B11000FDECD53E396B683F99A3D63E0341683FAD
:10B12000135AD73EA816683F6B10D83E2AEC673FEB
:10B13000A3C6D83E87C1673FB97CD93EC196673F59
:10B14000AD32DA3ED86B673F80E8DA3ECA40673FEF
:10B15000319EDB3E9915673FC153DC3E45EA663FB1
:10B160002E09DD3ECCBE663F79BEDD3E3093663FA4
:10B17000A273DE3E7167663FA928DF3E8E3B663FC5
:10B180008DDDDF3E880F663F4F92E03E5EE3653F18
:10B19000EE46E13E10B7653F6AFBE13EA08A653F9F
:10B1A000C4AFE23E0B5E653FFA63E33E5431653F58
:10B1B0000E18E43E7904653FFECBE43E7BD7643F46
:10B1C000CB7FE53E59AA643F7533E63E147D643F6C
:10B1D000FBE6E63EAC4F643F5D9AE73E2122643FCA
:10B1E0009C4DE83E73F4633FB700E93EA1C6633F60
:10B1F000AEB3E93EAC98633F8166EA3E956A633F31
:10B200003019EB3E5A3C633FBBCBEB3EFC0D633F3A
:10B21000217EEC3E7BDF623F6330ED3ED7B0623F84
:10B2200080E2ED3E1082623F7994EE3E2653623F0B
:10B230004C46EF3E1A24623FFBF7EF3EEAF4613FD3
:10B2400085A9F03E98C5613FEA5AF13E2296613FDA
:10B25000290CF23E8A66613F43BDF23ED036613F23
:10B26000386EF33EF206613F071FF43EF2D6603FB0
:10B27000B1CFF43ECFA6603F3580F53E8976603F82
:10B280009330F63E2146603FCBE0F63E9615603F98
:10B29000DC90F73EE9E45F3FC840F83E19B45F3FF9
:10B2A0008EF0F83E27835F3F2DA0F93E12525F3F9C
:10B2B000A54FFA3EDB205F3FF7FEFA3E81EF5E3F8F
:10B2C00022AEFB3E05BE5E3F275DFC3E678C5E3FC7
:10B2D000040CFD3EA65A5E3FBBBAFD3EC3285E3F4E
:10B2E0004A69FE3EBEF65D3FB217FF3E97C45D3F22
:10B2F000F3C5FF3E4D925D3F063A003FE15F5D3F83
:10B30000FF90003F532D5D3FE4E7003FA3FA5C3F11
:10B31000B53E013FD1C75C3F7395013FDD945C3F73
:10B320001CEC013FC7615C3FB142023F8E2E5C3F87
:10B330003299023F34FB5B3F9FEF023FB8C75B3F50
:10B34000F845033F1A945B3F3D9C033F5A605B3FC7
:10B350006DF2033F792C5B3F8948043F75F85A3FF3
:10B36000919E043F50C45A3F84F4043F09905A3FD1
:10B37000624A053FA05B5A3F2CA0053F16275A3F63
:10B38000E2F5053F6AF2593F824B063F9CBD593FAB
:10B390000EA1063FAD88593F86F6063F9C53593FA4
:10B3A000E84B073F6A1E593F36A1073F17E9583F50
:10B3B0006FF6073FA1B3583F924B083F0B7E583FB3
:10B3C000A1A0083F5348583F9BF5083F7912583FCA
:10B3D0007F4A093F7FDC573F4E9F093F63A6573F97
:10B3E00009F4093F2670573FAD480A3FC739573F18
:10B3F0003D9D0A3F4803573FB7F10A3FA7CC563F50
:10B400001C460B3FE595563F6B9A0B3F025F563F3C
:10B41000A5EE0B3FFE27563FC9420C3FD9F0553FE2
:10B42000D7960C3F93B9553FD0EA0C3F2C82553F3D
:10B43000B33E0D3FA44A553F81920D3FFB12553F4D
:10B4400038E60D3F31DB543FDA390E3F47A3543F16
:10B45000658D0E3F3B6B543FDBE00E3F0F33543F97
:10B460003B340F3FC3FA533F84870F3F55C2533FCE
:10B47000B8DA0F3FC789533FD52D103F1851533FBE
:10B48000DC80103F4918533FCDD3103F59DF523F66
:10B49000A726113F49A6523F6B79113F186D523FC5
:10B4A00019CC113FC633523FB01E123F54FA513FE0
:10B4B0003071123FC2C0513F9AC3123F1087513FB3
:10B4C000EE15133F3D4D513F2A68133F4A13513F3C
:10B4D00050BA133F37D9503F5F0C143F039F503F82
:10B4E000585E143FAF64503F39B0143F3B2A503F81
:10B4F0000402153FA8EF4F3FB753153FF4B44F3F39
:10B5000054A5153F1F7A4F3FD9F6153F2B3F4F3FAC
:10B510004748163F17044F3F9F99163FE4C84E3FD8
:10B52000DFEA163F908D4E3F073C173F1C524E3FBF
:10B53000188D173F89164E3F12DE173FD5DA4D3F63
:10B54000F52E183F029F4D3FC07F183F10634D3FBF
:10B5500073D0183FFD264D3F0F21193FCBEA4C3FDA
:10B560009471193F79AE4C3F00C2193F08724C3FAD
:10B5700055121A3F78354C3F93621A3FC7F84B3F3C
:10B58000B8B21A3FF8BB4B3FC6021B3F097F4B3F87
:10B59000BB521B3FFA414B3F99A21B3FCC044B3F90
:10B5A0005FF21B3F7FC74A3F0C421C3F138A4A3F52
:10B5B000A2911C3F874C4A3F1FE11C3FDC0E4A3FD3
:10B5C00084301D3F12D1493FD17F1D3F2993493F10
:10B5D00006CF1D3F2155493F221E1E3FFA16493F07
:10B5E000266D1E3FB3D8483F12BC1E3F4E9A483FBF
:10B5F000E50A1F3FCA5B483F9F591F3F271D483F31
:10B6000041A81F3F65DE473FCBF61F3F849F473F62
:10B610003B45203F8560473F9393203F6721473F4D
:10B62000D2E1203F2AE2463FF92F213FCEA2463FFA
:10B63000067E213F5463463FFBCB213FBB23463F61
:10B64000D719223F03E4453F9967223F2DA4453F88
:10B6500043B5223F3964453FD302233F2624453F6B
:10B660004B50233FF5E3443FA99D233FA5A3443F0F
:10B67000EEEA233F3763443F1A38243FAB22443F6E
:10B680002C85243F00E2433F25D2243F38A1433F8D
:10B69000041F253F5160433FCB6B253F4C1F433F69
:10B6A00077B8253F29DE423F0A05263FE89C423F06
:10B6B0008451263F895B423FE39D263F0B1A423F60
:10B6C0002AEA263F70D8413F5636273FB796413F7A
:10B6D0006882273FE154413F61CE273FEC12413F52
:10B6E000401A283FDAD0403F0566283FA98E403FE8
:10B6F000B0B1283F5C4C403F41FD283FF009403F3E
:10B70000B848293F67C73F3F1594293FC0843F3F52
:10B7100057DF293FFC413F3F802A2A3F1BFF3E3F26
:10B720008E752A3F1BBC3E3F82C02A3FFF783E3FBA
:10B730005B0B2B3FC5353E3F1B562B3F6EF23D3F0B
:10B74000BFA02B3FF9AE3D3F4AEB2B3F676B3D3F20
:10B75000B9352C3FB8273D3F0F802C3FECE33C3FF1
:10B7600049CA2C3F03A03C3F69142D3FFC5B3C3F82
:10B770006F5E2D3FD9173C3F59A82D3F98D33B3FD3
:10B7800029F22D3F3B8F3B3FDE3B2E3FC14A3B3FE3
:10B7900078852E3F29063B3FF7CE2E3F75C13A3FB5
:10B7A0005B182F3FA47C3A3FA5612F3FB7373A3F44
:10B7B000D3AA2F3FACF2393FE6F32F3F85AD393F97
:10B7C000DE3C303F4268393FBB85303FE122393FA4
:10B7D0007CCE303F65DD383F2217313FCB97383F75
:10B7E000AD5F313F1652383F1DA8313F430C383F03
:10B7F00071F0313F55C6373FAA38323F4A80373F54
:10B80000C780323F233A373FC9C8323FDFF3363F64
:10B81000AF10333F7FAD363F7A58333F0467363F32
:10B8200029A0333F6C20363FBCE7333FB8D9353FC2
:10B83000342F343FE792353F8F76343FFB4B353F13
:10B84000CFBD343FF304353FF304353FCFBD343F24
:10B85000FB4B353F8F76343FE792353F342F343FF3
:10B86000B8D9353FBCE7333F6C20363F29A0333F82
:10B870000467363F7A58333F7FAD363FAF10333FD2
:10B88000DFF3363FC9C8323F233A373FC780323FE4
:10B890004A80373FAA38323F55C6373F71F0313FB3
:10B8A000430C383F1DA8313F1652383FAD5F313F42
:10B8B000CB97383F2217313F65DD383F7CCE303F94
:10B8C000E122393FBB85303F4268393FDE3C303FA3
:10B8D00085AD393FE6F32F3FACF2393FD3AA2F3F76
:10B8E000B7373A3FA5612F3FA47C3A3F5B182F3F03
:10B8F00075C13A3FF7CE2E3F29063B3F78852E3F54
:10B90000C14A3B3FDE3B2E3F3B8F3B3F29F22D3F61
:10B9100098D33B3F59A82D3FD9173C3F6F5E2D3F31
:10B92000FC5B3C3F69142D3F03A03C3F49CA2C3FC0
:10B93000ECE33C3F0F802C3FB8273D3FB9352C3F0F
:10B94000676B3D3F4AEB2B3FF9AE3D3FBFA02B3F1E
:10B950006EF23D3F1B562B3FC5353E3F5B0B2B3FE9
:10B96000FF783E3F82C02A3F1BBC3E3F8E752A3F78
:10B970001BFF3E3F802A2A3FFC413F3F57DF293FC4
:10B98000C0843F3F1594293F67C73F3FB848293FD0
:10B99000F009403F41FD283F5C4C403FB0B1283F9B
:10B9A000A98E403F0566283FDAD0403F401A283F25
:10B9B000EC12413F61CE273FE154413F6882273F6F
:10B9C000B796413F5636273F70D8413F2AEA263F77
:10B9D0000B1A423FE39D263F895B423F8451263F3D
:10B9E000E89C423F0A05263F29DE423F77B8253FC3
:10B9F0004C1F433FCB6B253F5160433F041F253F06
:10BA000038A1433F25D2243F00E2433F2C85243F09
:10BA1000AB22443F1A38243F3763443FEEEA233FCA
:10BA2000A5A3443FA99D233FF5E3443F4B50233F4B
:10BA30002624453FD302233F3964453F43B5223F87
:10BA40002DA4453F9967223F03E4453FD719223F84
:10BA5000BB23463FFBCB213F5463463F067E213F3D
:10BA6000CEA2463FF92F213F2AE2463FD2E1203FB6
:10BA70006721473F9393203F8560473F3B45203FE9
:10BA8000849F473FCBF61F3F65DE473F41A81F3FDE
:10BA9000271D483F9F591F3FCA5B483FE50A1F3F8C
:10BAA0004E9A483F12BC1E3FB3D8483F266D1E3FFA
:10BAB000FA16493F221E1E3F2155493F06CF1D3F22
:10BAC0002993493FD17F1D3F12D1493F84301D3F0B
:10BAD000DC0E4A3F1FE11C3F874C4A3FA2911C3FAE
:10BAE000138A4A3F0C421C3F7FC74A3F5FF21B3F0D
:10BAF000CC044B3F99A21B3FFA414B3FBB521B3F2B
:10BB0000097F4B3FC6021B3FF8BB4B3FB8B21A3F01
:10BB1000C7F84B3F93621A3F78354C3F55121A3F96
:10BB200008724C3F00C2193F79AE4C3F9471193FE7
:10BB3000CBEA4C3F0F21193FFD264D3F73D0183FF4
:10BB400010634D3FC07F183F029F4D3FF52E183FB9
:10BB5000D5DA4D3F12DE173F89164E3F188D173F3D
:10BB60001C524E3F073C173F908D4E3FDFEA163F79
:10BB7000E4C84E3F9F99163F17044F3F4748163F72
:10BB80002B3F4F3FD9F6153F1F7A4F3F54A5153F26
:10BB9000F4B44F3FB753153FA8EF4F3F0402153F92
:10BBA0003B2A503F39B0143FAF64503F585E143FBA
:10BBB000039F503F5F0C143F37D9503F50BA133F9B
:10BBC0004A13513F2A68133F3D4D513FEE15133F35
:10BBD0001087513F9AC3123FC2C0513F3071123F8C
:10BBE00054FA513FB01E123FC633523F19CC113F99
:10BBF000186D523F6B79113F49A6523FA726113F5E
:10BC000059DF523FCDD3103F4918533FDC80103FDE
:10BC10001851533FD52D103FC789533FB8DA0F3F16
:10BC200055C2533F84870F3FC3FA533F3B340F3F06
:10BC30000F33543FDBE00E3F3B6B543F658D0E3FAF
:10BC400047A3543FDA390E3F31DB543F38E60D3F0E
:10BC5000FB12553F81920D3FA44A553FB33E0D3F25
:10BC60002C82553FD0EA0C3F93B9553FD7960C3FF5
:10BC7000D9F0553FC9420C3FFE27563FA5EE0B3F7A
:10BC8000025F563F6B9A0B3FE595563F1C460B3FB4
:10BC9000A7CC563FB7F10A3F4803573F3D9D0A3FA7
:10BCA000C739573FAD480A3F2670573F09F4093F4F
:10BCB00063A6573F4E9F093F7FDC573F7F4A093FAE
:10BCC0007912583F9BF5083F5348583FA1A0083FC1
:10BCD0000B7E583F924B083FA1B3583F6FF6073F8A
:10BCE00017E9583F36A1073F6A1E593FE84B073F07
:10BCF0009C53593F86F6063FAD88593F0EA1063F3B
:10BD00009CBD593F824B063F6AF2593FE2F5053F21
:10BD100016275A3F2CA0053FA05B5A3F624A053FB9
:10BD200009905A3F84F4043F50C45A3F919E043F07
:10BD300075F85A3F8948043F792C5B3F6DF2033F09
:10BD40005A605B3F3D9C033F1A945B3FF845033FBD
:10BD5000B8C75B3F9FEF023F34FB5B3F3299023F26
:10BD60008E2E5C3FB142023FC7615C3F1CEC013F3D
:10BD7000DD945C3F7395013FD1C75C3FB53E013F09
:10BD8000A3FA5C3FE4E7003F532D5D3FFF90003F87
:10BD9000E15F5D3F063A003F4D925D3FF3C5FF3ED8
:10BDA00097C45D3FB217FF3EBEF65D3F4A69FE3E57
:10BDB000C3285E3FBBBAFD3EA65A5E3F040CFD3E63
:10BDC000678C5E3F275DFC3E05BE5E3F22AEFB3EBC
:10BDD00081EF5E3FF7FEFA3EDB205F3FA54FFA3E64
:10BDE00012525F3F2DA0F93E27835F3F8EF0F83E51
:10BDF00019B45F3FC840F83EE9E45F3FDC90F73E8E
:10BE00009615603FCBE0F63E2146603F9330F63E0C
:10BE10008976603F3580F53ECFA6603FB1CFF43ED6
:10BE2000F2D6603F071FF43EF206613F386EF33EE4
:10BE3000D036613F43BDF23E8A66613F290CF23E37
:10BE40002296613FEA5AF13E98C5613F85A9F03ECE
:10BE5000EAF4613FFBF7EF3E1A24623F4C46EF3EA7
:10BE60002653623F7994EE3E1082623F80E2ED3EBF
:10BE7000D7B0623F6330ED3E7BDF623F217EEC3E18
:10BE8000FC0D633FBBCBEB3E5A3C633F3019EB3EAE
:10BE9000956A633F8166EA3EAC98633FAEB3E93E84
:10BEA000A1C6633FB700E93E73F4633F9C4DE83E93
:10BEB0002122643F5D9AE73EAC4F643FFBE6E63EDD
:10BEC000147D643F7533E63E59AA643FCB7FE53E5F
:10BED0007BD7643FFECBE43E7904653F0E18E43E19
:10BEE0005431653FFA63E33E0B5E653FC4AFE23E0B
:10BEF000A08A653F6AFBE13E10B7653FEE46E13E32
:10BF00005EE3653F4F92E03E880F663F8DDDDF3E8A
:10BF10008E3B663FA928DF3E7167663FA273DE3E17
:10BF20003093663F79BEDD3ECCBE663F2E09DD3ED6
:10BF300045EA663FC153DC3E9915673F319EDB3EC3
:10BF4000CA40673F80E8DA3ED86B673FAD32DA3EE1
:10BF5000C196673FB97CD93E87C1673FA3C6D83E2B
:10BF60002AEC673F6B10D83EA816683F135AD73E9D
:10BF70000341683F99A3D63E396B683FFDECD53E3F
:10BF80004C95683F4136D53E3CBF683F647FD43E08
:10BF900007E9683F67C8D33EAE12693F4811D33EF8
:10BFA000323C693F095AD23E9165693FAAA2D13E0F
:10BFB000CC8E693F2AEBD03EE4B7693F8A33D03E4E
:10BFC000D7E0693FCA7BCF3EA7096A3FEAC3CE3EAE
:10BFD00052326A3FEA0BCE3ED95A6A3FCA53CD3E2F
:10BFE0003C836A3F8B9BCC3E7BAB6A3F2CE3CB3ED2
:10BFF00095D36A3FAE2ACB3E8CFB6A3F1072CA3E95
:10C000005E236B3F53B9C93E0C4B6B3F7700C93E73
:10C0100095726B3F7C47C83EFB996B3F628EC73E73
:10C020003BC16B3F29D5C63E58E86B3FD21BC63E8D
:10C03000500F6C3F5C62C53E24366C3FC8A8C43EBE
:10C04000D45C6C3F15EFC33E5E836C3F4435C33E0A
:10C05000C5A96C3F557BC23E07D06C3F48C1C13E6D
:10C0600024F66C3F1E07C13E1D1C6D3FD54CC03EE3
:10C07000F2416D3F6F92BF3EA1676D3FEBD7BE3E71
:10C080002D8D6D3F4A1DBE3E93B26D3F8B62BD3E0E
:10C09000D5D76D3FAFA7BC3EF2FC6D3FB6ECBB3EC3
:10C0A000EB216E3FA031BB3EBE466E3F6E76BA3E80
:10C0B0006D6B6E3F1EBBB93EF88F6E3FB2FFB83E50
:10C0C0005DB46E3F2A44B83E9ED86E3F8488B73E2A
:10C0D000BAFC6E3FC3CCB63EB0206F3FE610B63E12
:10C0E00083446F3FEC54B53E30686F3FD698B43E02
:10C0F000B88B6F3FA5DCB33E1BAF6F3F5820B33EFC
:10C100005AD26F3FEF63B23E73F56F3F6BA7B13EFC
:10C110006718703FCBEAB03E373B703F102EB03E01
:10C12000E15D703F3A71AF3E6680703F49B4AE3E0C
:10C13000C6A2703F3CF7AD3E02C5703F153AAD3E1A
:10C1400017E7703FD47CAC3E0809713F77BFAB3E28
:10C15000D42A713F0102AB3E7A4C713F6F44AA3E34
:10C16000FB6D713FC486A93E578F713FFEC8A83E44
:10C170008EB0713F1F0BA83E9FD1713F254DA73E4A
:10C180008CF2713F128FA63E5213723FE5D0A53E4E
:10C19000F433723F9F12A53E7054723F3F54A43E49
:10C1A000C774723FC595A33EF894723F33D7A23E41
:10C1B00004B5723F8718A23EEBD4723FC259A13E2C
:10C1C000ACF4723FE59AA03E4714733FEEDB9F3E0E
:10C1D000BE33733FDF1C9F3E0E53733FB85D9E3EE0
:10C1E0003972733F789E9D3E3F91733F20DF9C3EA6
:10C1F0001FB0733FAF1F9C3ED9CE733F27609B3E5D
:10C200006EED733F86A09A3EDD0B743FCEE0993E03
:10C21000272A743FFE20993E4B48743F1661983E92
:10C220004966743F17A1973E2284743F00E1963E11
:10C23000D5A1743FD220963E62BF743F8D60953E7B
:10C24000C9DC743F31A0943E0BFA743FBFDF933ECC
:10C250002717753F351F933E1D34753F945E923E00
:10C26000ED50753FDD9D913E976D753F10DD903E21
:10C270001C8A753F2C1C903E7BA6753F325B8F3E1F
:10C28000B3C2753F229A8E3EC6DE753FFCD88D3E06
:10C29000B3FA753FC0178D3E7A16763F6E568C3EC8
:10C2A0001B32763F07958B3E974D763F8AD38A3E69
:10C2B000EC68763FF8118A3E1B84763F5050893EE9
:10C2C000249F763F938E883E07BA763FC1CC873E47
:10C2D000C4D4763FDA0A873E5BEF763FDF48863E7E
:10C2E000CC09773FCE86853E1724773FAAC4843E8B
:10C2F0003C3E773F7002843E3A58773F2240833E6F
:10C300001372773FC07D823EC58B773F4ABB813E2B
:10C3100051A5773FC0F8803EB7BE773F2236803EBA
:10C32000F7D7773FE1E67E3E10F1773F56617D3EDD
:10C33000040A783FA4DB7B3ED122783FCB557A3E7E
:10C34000773B783FCCCF783EF853783FA649773E8D
:10C35000526C783F5AC3753E8684783FE83C743E01
:10C36000939C783F51B6723E7BB4783F942F713ED8
:10C370003BCC783FB2A86F3ED6E3783FAB216E3E10
:10C380004AFB783F7F9A6C3E9812793F2F136B3EA1
:10C39000BF29793FBA8B693EC040793F2204683E8D
:10C3A0009A57793F667C663E4E6E793F86F4643ECE
:10C3B000DC84793F836C633E439B793F5CE4613E60
:10C3C00083B1793F135C603E9DC7793FA8D35E3E41
:10C3D00091DD793F1A4B5D3E5EF3793F6AC25B3E69
:10C3E00004097A3F97395A3E841E7A3FA4B0583EDA
:10C3F000DD337A3F8F27573E10497A3F589E553E8E
:10C400001C5E7A3F0115543E02737A3F898B523E7F
:10C41000C1877A3FF101513E599C7A3F38784F3EAF
:10C42000CBB07A3F60EE4D3E16C57A3F67644C3E16
:10C430003AD97A3F4FDA4A3E37ED7A3F1850493EB3
:10C440000E017B3FC2C5473EBE147B3F4D3B463E7F
:10C4500048287B3FB9B0443EAB3B7B3F0726433E79
:10C46000E74E7B3F379B413EFC617B3F4910403E9E
:10C47000EA747B3F3E853E3EB2877B3F15FA3C3EE9
:10C48000539A7B3FCF6E3B3ECDAC7B3F6CE3393E56
:10C4900020BF7B3FEC57383E4DD17B3F50CC363EE2
:10C4A00053E37B3F9840353E31F57B3FC4B4333E88
:10C4B000E9067C3FD428323E7A187C3FC99C303E46
:10C4C000E5297C3FA2102F3E283B7C3F61842D3E16
:10C4D000444C7C3F04F82B3E3A5D7C3F8D6B2A3EFA
:10C4E000086E7C3FFCDE283EB07E7C3F5152273EEA
:10C4F000318F7C3F8CC5253E8A9F7C3FAD38243EE2
:10C50000BDAF7C3FB6AB223EC9BF7C3FA51E213EDE
:10C51000AECF7C3F7B911F3E6CDF7C3F38041E3EDC
:10C5200003EF7C3FDE761C3E73FE7C3F6BE91A3ED8
:10C53000BC0D7D3FE05B193EDD1C7D3F3DCE173ECF
:10C54000D82B7D3F8340163EAC3A7D3FB2B2143EBD
:10C5500059497D3FCA24133EDE577D3FCC96113E9C
:10C560003D667D3FB708103E74747D3F8B7A0E3E6A
:10C5700085827D3F4AEC0C3E6E907D3FF35D0B3E25
:10C58000309E7D3F86CF093ECCAB7D3F0541083EC6
:10C5900040B97D3F6EB2063E8CC67D3FC223053E4C
:10C5A000B2D37D3F0295033EB1E07D3F2E06023EB1
:10C5B00088ED7D3F4577003E38FA7D3F92D0FD3DC6
:10C5C000C2067E3F73B2FA3D24137E3F2C94F73DA2
:10C5D0005E1F7E3FC075F43D722B7E3F2E57F13DAE
:10C5E0005E377E3F7638EE3D23437E3F9A19EB3D22
:10C5F000C14E7E3F9AFAE73D385A7E3F76DBE43DF6
:10C6000088657E3F2EBCE13DB0707E3FC49CDE3D20
:10C61000B17B7E3F377DDB3D8B867E3F895DD83D9C
:10C620003D917E3FB93DD53DC99B7E3FC81DD23D62
:10C630002DA67E3FB7FDCE3D69B07E3F86DDCB3D6A
:10C640007FBA7E3F36BDC83D6DC47E3FC69CC53DAA
:10C6500034CE7E3F397CC23DD4D77E3F8D5BBF3D1B
:10C660004CE17E3FC33ABC3D9DEA7E3FDD19B93DBA
:10C67000C7F37E3FDAF8B53DC9FC7E3FBBD7B23D7C
:10C68000A4057F3F80B6AF3D580E7F3F2B95AC3D54
:10C69000E4167F3FBA73A93D491F7F3F3052A63D44
:10C6A00087277F3F8C30A33D9D2F7F3FCF0EA03D3E
:10C6B0008D377F3FF9EC9C3D543F7F3F0ACB993D3E
:10C6C000F4467F3F05A9963D6D4E7F3FE786933D3B
:10C6D000BF557F3FB464903DE95C7F3F6A428D3D2A
:10C6E000EC637F3F0A208A3DC76A7F3F94FD863D09
:10C6F0007B717F3F0ADB833D08787F3F6CB8803DCC
:10C700006D7E7F3F742B7B3DAB847F3FE9E5743DBD
:10C71000C28A7F3F38A06E3DB1907F3F625A683D2C
:10C7200078967F3F6814623D189C7F3F4CCE5B3DFE
:10C7300091A17F3F0E88553DE3A67F3FAF414F3D1E
:10C740000DAC7F3F2FFB483D0FB17F3F91B4423D81
:10C75000EAB57F3FD56D3C3D9EBA7F3FFC26363D16
:10C760002ABF7F3F07E02F3D8FC37F3FF698293DCB
:10C77000CCC77F3FCC51233DE2CB7F3F880A1D3D94
:10C78000D1CF7F3F2CC3163D98D37F3FB87B103D60
:10C7900037D77F3F2F340A3DAFDA7F3F90EC033D20
:10C7A00000DE7F3FB949FB3C29E17F3F2DBAEE3CDB
:10C7B0002BE47F3F7B2AE23C05E77F3FA69AD53CEE
:10C7C000B8E97F3FB00AC93C43EC7F3F9B7ABC3C51
:10C7D000A7EE7F3F69EAAF3CE3F07F3F1C5AA33CE2
:10C7E000F8F27F3FB6C9963CE6F47F3F38398A3C81
:10C7F000ACF67F3F4B517B3C4AF87F3F0030623CB8
:10C80000C1F97F3F900E493C11FB7F3F02ED2F3C69
:10C8100039FC7F3F59CB163C39FD7F3F3053FB3B02
:10C8200013FE7F3F890FC93BC4FE7F3FC1CB963BC0
:10C830004EFF7F3FC70F493BB1FF7F3FD40FC93A3F
:10C84000ECFF7F3F000000000000803FD40FC9BA1A
:10C85000ECFF7F3FC70F49BBB1FF7F3FC1CB96BB0A
:10C860004EFF7F3F890FC9BBC4FE7F3F3053FBBBE8
:10C8700013FE7F3F59CB16BC39FD7F3F02ED2FBC25
:10C8800039FC7F3F900E49BC11FB7F3F003062BCFA
:10C89000C1F97F3F4B517BBC4AF87F3F38398ABC96
:10C8A000ACF67F3FB6C996BCE6F47F3F1C5AA3BCEA
:10C8B000F8F27F3F69EAAFBCE3F07F3F9B7ABCBCF4
:10C8C000A7EE7F3FB00AC9BC43EC7F3FA69AD5BC18
:10C8D000B8E97F3F7B2AE2BC05E77F3F2DBAEEBC7B
:10C8E0002BE47F3FB949FBBC29E17F3F90EC03BDBE
:10C8F00000DE7F3F2F340ABDAFDA7F3FB87B10BD2B
:10C9000037D77F3F2CC316BD98D37F3F880A1DBD04
:10C91000D1CF7F3FCC5123BDE2CB7F3FF69829BDDD
:10C92000CCC77F3F07E02FBD8FC37F3FFC2636BDBE
:10C930002ABF7F3FD56D3CBD9EBA7F3F91B442BDBB
:10C94000EAB57F3F2FFB48BD0FB17F3FAF414FBDE1
:10C950000DAC7F3F0E8855BDE3A67F3F4CCE5BBD3F
:10C9600091A17F3F681462BD189C7F3F625A68BDE9
:10C9700078967F3F38A06EBDB1907F3FE9E574BDEA
:10C98000C28A7F3F742B7BBDAB847F3F6CB880BD78
:10C990006D7E7F3F0ADB83BD08787F3F94FD86BDB7
:10C9A0007B717F3F0A208ABDC76A7F3F6A428DBD87
:10C9B000EC637F3FB46490BDE95C7F3FE78693BD45
:10C9C000BF557F3F05A996BD6D4E7F3F0ACB99BDF0
:10C9D000F4467F3FF9EC9CBD543F7F3FCF0EA0BD96
:10C9E0008D377F3F8C30A3BD9D2F7F3F3052A6BD3A
:10C9F00087277F3FBA73A9BD491F7F3F2B95ACBDE9
:10CA0000E4167F3F80B6AFBD580E7F3FBBD7B2BDA7
:10CA1000A4057F3FDAF8B5BDC9FC7E3FDD19B9BD7D
:10CA2000C7F37E3FC33ABCBD9DEA7E3F8D5BBFBD71
:10CA30004CE17E3F397CC2BDD4D77E3FC69CC5BD8C
:10CA400034CE7E3F36BDC8BD6DC47E3F86DDCBBDD6
:10CA50007FBA7E3FB7FDCEBD69B07E3FC81DD2BD57
:10CA60002DA67E3FB93DD5BDC99B7E3F895DD8BD12
:10CA70003D917E3F377DDBBD8B867E3FC49CDEBD16
:10CA8000B17B7E3F2EBCE1BDB0707E3F76DBE4BD66
:10CA900088657E3F9AFAE7BD385A7E3F9A19EBBD0A
:10CAA000C14E7E3F7638EEBD23437E3F2E57F1BD0B
:10CAB0005E377E3FC075F4BD722B7E3F2C94F7BD70
:10CAC0005E1F7E3F73B2FABD24137E3F92D0FDBD40
:10CAD000C2067E3F457700BE38FA7D3F2E0602BE75
:10CAE00088ED7D3F029503BEB1E07D3FC22305BEC8
:10CAF000B2D37D3F6EB206BE8CC67D3F054108BEF7
:10CB000040B97D3F86CF09BECCAB7D3FF35D0BBE08
:10CB1000309E7D3F4AEC0CBE6E907D3F8B7A0EBE00
:10CB200085827D3FB70810BE74747D3FCC9611BEE0
:10CB30003D667D3FCA2413BEDE577D3FB2B214BEB0
:10CB400059497D3F834016BEAC3A7D3F3DCE17BE6E
:10CB5000D82B7D3FE05B19BEDD1C7D3F6BE91ABE23
:10CB6000BC0D7D3FDE761CBE73FE7C3F38041EBECE
:10CB700003EF7C3F7B911FBE6CDF7C3FA51E21BE77
:10CB8000AECF7C3FB6AB22BEC9BF7C3FAD3824BE22
:10CB9000BDAF7C3F8CC525BE8A9F7C3F515227BECE
:10CBA000318F7C3FFCDE28BEB07E7C3F8D6B2ABE81
:10CBB000086E7C3F04F82BBE3A5D7C3F61842DBE3D
:10CBC000444C7C3FA2102FBE283B7C3FC99C30BE0A
:10CBD000E5297C3FD42832BE7A187C3FC4B433BEEA
:10CBE000E9067C3F984035BE31F57B3F50CC36BEE0
:10CBF00053E37B3FEC5738BE4DD17B3F6CE339BEEE
:10CC000020BF7B3FCF6E3BBECDAC7B3F15FA3CBE19
:10CC1000539A7B3F3E853EBEB2877B3F491040BE64
:10CC2000EA747B3F379B41BEFC617B3F072643BED6
:10CC3000E74E7B3FB9B044BEAB3B7B3F4D3B46BE6E
:10CC400048287B3FC2C547BEBE147B3F185049BE33
:10CC50000E017B3F4FDA4ABE37ED7A3F67644CBE28
:10CC60003AD97A3F60EE4DBE16C57A3F38784FBE4E
:10CC7000CBB07A3FF10151BE599C7A3F898B52BEAD
:10CC8000C1877A3F011554BE02737A3F589E55BE44
:10CC90001C5E7A3F8F2757BE10497A3FA4B058BE1A
:10CCA000DD337A3F97395ABE841E7A3F6AC25BBE33
:10CCB00004097A3F1A4B5DBE5EF3793FA8D35EBE8E
:10CCC00091DD793F135C60BE9DC7793F5CE461BE36
:10CCD00083B1793F836C63BE439B793F86F464BE26
:10CCE000DC84793F667C66BE4E6E793F220468BE66
:10CCF0009A57793FBA8B69BEC040793F2F136BBEFC
:10CD0000BF29793F7F9A6CBE9812793FAB216EBEE6
:10CD10004AFB783FB2A86FBED6E3783F942F71BE2E
:10CD20003BCC783F51B672BE7BB4783FE83C74BED2
:10CD3000939C783F5AC375BE8684783FA64977BED8
:10CD4000526C783FCCCF78BEF853783FCB557ABE43
:10CD5000773B783FA4DB7BBED122783F56617DBE16
:10CD6000040A783FE1E67EBE10F1773F223680BEAE
:10CD7000F7D7773FC0F880BEB7BE773F4ABB81BECA
:10CD800051A5773FC07D82BEC58B773F224083BED1
:10CD90001372773F700284BE3A58773FAAC484BEAC
:10CDA0003C3E773FCE8685BE1724773FDF4886BE60
:10CDB000CC09773FDA0A87BE5BEF763FC1CC87BEEE
:10CDC000C4D4763F938E88BE07BA763F505089BE52
:10CDD000249F763FF8118ABE1B84763F8AD38ABE91
:10CDE000EC68763F07958BBE974D763F6E568CBEAE
:10CDF0001B32763FC0178DBE7A16763FFCD88DBEAB
:10CE0000B3FA753F229A8EBEC6DE753F325B8FBE87
:10CE1000B3C2753F2C1C90BE7BA6753F10DD90BE43
:10CE20001C8A753FDD9D91BE976D753F945E92BEE5
:10CE3000ED50753F351F93BE1D34753FBFDF93BE68
:10CE40002717753F31A094BE0BFA743F8D6095BED5
:10CE5000C9DC743FD22096BE62BF743F00E196BE2B
:10CE6000D5A1743F17A197BE2284743F166198BE66
:10CE70004966743FFE2099BE4B48743FCEE099BE90
:10CE8000272A743F86A09ABEDD0B743F27609BBEA5
:10CE90006EED733FAF1F9CBED9CE733F20DF9CBEAB
:10CEA0001FB0733F789E9DBE3F91733FB85D9EBE9D
:10CEB0003972733FDF1C9FBE0E53733FEEDB9FBE84
:10CEC000BE33733FE59AA0BE4714733FC259A1BE5B
:10CED000ACF4723F8718A2BEEBD4723F33D7A2BE28
:10CEE00004B5723FC595A3BEF894723F3F54A4BEEB
:10CEF000C774723F9F12A5BE7054723FE5D0A5BEA5
:10CF0000F433723F128FA6BE5213723F254DA7BE57
:10CF10008CF2713F1F0BA8BE9FD1713FFEC8A8BE07
:10CF20008EB0713FC486A9BE578F713F6F44AABEB1
:10CF3000FB6D713F0102ABBE7A4C713F77BFABBE58
:10CF4000D42A713FD47CACBE0809713F153AADBEFE
:10CF500017E7703F3CF7ADBE02C5703F49B4AEBEA7
:10CF6000C6A2703F3A71AFBE6680703F102EB0BE51
:10CF7000E15D703FCBEAB0BE373B703F6BA7B1BEFF
:10CF80006718703FEF63B2BE73F56F3F5820B3BEB2
:10CF90005AD26F3FA5DCB3BE1BAF6F3FD698B4BE6D
:10CFA000B88B6F3FEC54B5BE30686F3FE610B6BE2D
:10CFB00083446F3FC3CCB6BEB0206F3F8488B7BEFA
:10CFC000BAFC6E3F2A44B8BE9ED86E3FB2FFB8BED0
:10CFD0005DB46E3F1EBBB9BEF88F6E3F6E76BABEB3
:10CFE0006D6B6E3FA031BBBEBE466E3FB6ECBBBEA6
:10CFF000EB216E3FAFA7BCBEF2FC6D3F8B62BDBEA6
:10D00000D5D76D3F4A1DBEBE93B26D3FEBD7BEBEB6
:10D010002D8D6D3F6F92BFBEA1676D3FD54CC0BED9
:10D02000F2416D3F1E07C1BE1D1C6D3F48C1C1BE10
:10D0300024F66C3F557BC2BE07D06C3F4435C3BE5F
:10D04000C5A96C3F15EFC3BE5E836C3FC8A8C4BEC4
:10D05000D45C6C3F5C62C5BE24366C3FD21BC6BE3E
:10D06000500F6C3F29D5C6BE58E86B3F628EC7BED5
:10D070003BC16B3F7C47C8BEFB996B3F7700C9BE85
:10D0800095726B3F53B9C9BE0C4B6B3F1072CABE51
:10D090005E236B3FAE2ACBBE8CFB6A3F2CE3CBBE3C
:10D0A00095D36A3F8B9BCCBE7BAB6A3FCA53CDBE48
:10D0B0003C836A3FEA0BCEBED95A6A3FEAC3CEBE72
:10D0C00052326A3FCA7BCFBEA7096A3F8A33D0BEBD
:10D0D000D7E0693F2AEBD0BEE4B7693FAAA2D1BE30
:10D0E000CC8E693F095AD2BE9165693F4811D3BEC3
:10D0F000323C693F67C8D3BEAE12693F647FD4BE7D
:10D1000007E9683F4136D5BE3CBF683FFDECD5BE60
:10D110004C95683F99A3D6BE396B683F135AD7BE6A
:10D120000341683F6B10D8BEA816683FA3C6D8BE9F
:10D130002AEC673FB97CD9BE87C1673FAD32DABE02
:10D14000C196673F80E8DABED86B673F319EDBBE91
:10D15000CA40673FC153DCBE9915673F2E09DDBE4B
:10D1600045EA663F79BEDDBECCBE663FA273DEBE39
:10D170003093663FA928DFBE7167663F8DDDDFBE55
:10D180008E3B663F4F92E0BE880F663FEE46E1BEA3
:10D190005EE3653F6AFBE1BE10B7653FC4AFE2BE28
:10D1A000A08A653FFA63E3BE0B5E653F0E18E4BEDE
:10D1B0005431653FFECBE4BE7904653FCB7FE5BECD
:10D1C0007BD7643F7533E6BE59AA643FFBE6E6BEF3
:10D1D000147D643F5D9AE7BEAC4F643F9C4DE8BE52
:10D1E0002122643FB700E9BE73F4633FAEB3E9BEEA
:10D1F000A1C6633F8166EABEAC98633F3019EBBEBF
:10D20000956A633FBBCBEBBE5A3C633F217EECBECD
:10D21000FC0D633F6330EDBE7BDF623F80E2EDBE1D
:10D22000D7B0623F7994EEBE1082623F4C46EFBEAB
:10D230002653623FFBF7EFBE1A24623F85A9F0BE7A
:10D24000EAF4613FEA5AF1BE98C5613F290CF2BE8B
:10D250002296613F43BDF2BE8A66613F386EF3BEDF
:10D26000D036613F071FF4BEF206613FB1CFF4BE76
:10D27000F2D6603F3580F5BECFA6603F9330F6BE54
:10D280008976603FCBE0F6BE2146603FDC90F7BE7A
:10D290009615603FC840F8BEE9E45F3F8EF0F8BEE7
:10D2A00019B45F3F2DA0F9BE27835F3FA54FFABE9B
:10D2B00012525F3FF7FEFABEDB205F3F22AEFBBE9D
:10D2C00081EF5E3F275DFCBE05BE5E3F040CFDBEE8
:10D2D000678C5E3FBBBAFDBEA65A5E3F4A69FEBE82
:10D2E000C3285E3FB217FFBEBEF65D3FF3C5FFBE6B
:10D2F00097C45D3F063A00BF4D925D3FFF9000BF6F
:10D30000E15F5D3FE4E700BF532D5D3FB53E01BFE8
:10D31000A3FA5C3F739501BFD1C75C3F1CEC01BF12
:10D32000DD945C3FB14202BFC7615C3F329902BFEE
:10D330008E2E5C3F9FEF02BF34FB5B3FF84503BF7F
:10D34000B8C75B3F3D9C03BF1A945B3F6DF203BFC0
:10D350005A605B3F894804BF792C5B3F919E04BFB4
:10D3600075F85A3F84F404BF50C45A3F624A05BF5F
:10D3700009905A3F2CA005BFA05B5A3FE2F505BFBC
:10D3800016275A3F824B06BF6AF2593F0EA106BFCD
:10D390009CBD593F86F606BFAD88593FE84B07BF95
:10D3A0009C53593F36A107BF6A1E593F6FF607BF0E
:10D3B00017E9583F924B08BFA1B3583FA1A008BF3F
:10D3C0000B7E583F9BF508BF5348583F7F4A09BF23
:10D3D0007912583F4E9F09BF7FDC573F09F409BFC0
:10D3E00063A6573FAD480ABF2670573F3D9D0ABF11
:10D3F000C739573FB7F10ABF4803573F1C460BBF19
:10D40000A7CC563F6B9A0BBFE595563FA5EE0BBFD9
:10D41000025F563FC9420CBFFE27563FD7960CBF4E
:10D42000D9F0553FD0EA0CBF93B9553FB33E0DBF7D
:10D430002C82553F81920DBFA44A553F38E60DBF5F
:10D44000FB12553FDA390EBF31DB543F658D0EBFFD
:10D4500047A3543FDBE00EBF3B6B543F3B340FBF51
:10D460000F33543F84870FBFC3FA533FB8DA0FBF5F
:10D4700055C2533FD52D10BFC789533FDC8010BF25
:10D480001851533FCDD310BF4918533FA72611BFA2
:10D4900059DF523F6B7911BF49A6523F19CC11BFDA
:10D4A000186D523FB01E12BFC633523F307112BFCB
:10D4B00054FA513F9AC312BFC2C0513FEE1513BF79
:10D4C0001087513F2A6813BF3D4D513F50BA13BFDB
:10D4D0004A13513F5F0C14BF37D9503F585E14BFF9
:10D4E000039F503F39B014BFAF64503F040215BFD3
:10D4F0003B2A503FB75315BFA8EF4F3F54A515BF68
:10D50000F4B44F3FD9F615BF1F7A4F3F474816BFB7
:10D510002B3F4F3F9F9916BF17044F3FDFEA16BFBF
:10D52000E4C84E3F073C17BF908D4E3F188D17BF84
:10D530001C524E3F12DE17BF89164E3FF52E18BF04
:10D54000D5DA4D3FC07F18BF029F4D3F73D018BF43
:10D5500010634D3F0F2119BFFD264D3F947119BF38
:10D56000CBEA4C3F00C219BF79AE4C3F55121ABFEF
:10D5700008724C3F93621ABF78354C3FB8B21ABF5D
:10D58000C7F84B3FC6021BBFF8BB4B3FBB521BBF8C
:10D59000097F4B3F99A21BBFFA414B3F5FF21BBF74
:10D5A000CC044B3F0C421CBF7FC74A3FA2911CBF1B
:10D5B000138A4A3F1FE11CBF874C4A3F84301DBF7E
:10D5C000DC0E4A3FD17F1DBF12D1493F06CF1DBFA0
:10D5D0002993493F221E1EBF2155493F266D1EBF7C
:10D5E000FA16493F12BC1EBFB3D8483FE50A1FBF19
:10D5F0004E9A483F9F591FBFCA5B483F41A81FBF73
:10D60000271D483FCBF61FBF65DE473F3B4520BF88
:10D61000849F473F939320BF8560473FD2E120BF5F
:10D620006721473FF92F21BF2AE2463F067E21BFEF
:10D63000CEA2463FFBCB21BF5463463FD71922BF42
:10D64000BB23463F996722BF03E4453F43B522BF52
:10D650002DA4453FD30223BF3964453F4B5023BF20
:10D660002624453FA99D23BFF5E3443FEEEA23BFAF
:10D67000A5A3443F1A3824BF3763443F2C8524BFF9
:10D68000AB22443F25D224BF00E2433F041F25BF05
:10D6900038A1433FCB6B25BF5160433F77B825BFCF
:10D6A0004C1F433F0A0526BF29DE423F845126BF57
:10D6B000E89C423FE39D26BF895B423F2AEA26BFA2
:10D6C0000B1A423F563627BF70D8413F688227BFAA
:10D6D000B796413F61CE27BFE154413F401A28BF72
:10D6E000EC12413F056628BFDAD0403FB0B128BFF9
:10D6F000A98E403F41FD28BF5C4C403FB84829BF40
:10D70000F009403F159429BF67C73F3F57DF29BF46
:10D71000C0843F3F802A2ABFFC413F3F8E752ABF0D
:10D720001BFF3E3F82C02ABF1BBC3E3F5B0B2BBF93
:10D73000FF783E3F1B562BBFC5353E3FBFA02BBFDA
:10D740006EF23D3F4AEB2BBFF9AE3D3FB9352CBFE2
:10D75000676B3D3F0F802CBFB8273D3F49CA2CBFA8
:10D76000ECE33C3F69142DBF03A03C3F6F5E2DBF2F
:10D77000FC5B3C3F59A82DBFD9173C3F29F22DBF78
:10D7800098D33B3FDE3B2EBF3B8F3B3F78852EBF80
:10D79000C14A3B3FF7CE2EBF29063B3F5B182FBF48
:10D7A00075C13A3FA5612FBFA47C3A3FD3AA2FBFD2
:10D7B000B7373A3FE6F32FBFACF2393FDE3C30BF1C
:10D7C00085AD393FBB8530BF4268393F7CCE30BF25
:10D7D000E122393F221731BF65DD383FAD5F31BFF0
:10D7E000CB97383F1DA831BF1652383F71F031BF7B
:10D7F000430C383FAA3832BF55C6373FC78032BFC7
:10D800004A80373FC9C832BF233A373FAF1033BFD2
:10D81000DFF3363F7A5833BF7FAD363F29A033BFA1
:10D820000467363FBCE733BF6C20363F342F34BF2C
:10D83000B8D9353F8F7634BFE792353FCFBD34BF7F
:10D84000FB4B353FF30435BFF304353FFB4B35BF8E
:10D85000CFBD343FE79235BF8F76343FB8D935BF5F
:10D86000342F343F6C2036BFBCE7333F046736BFEC
:10D8700029A0333F7FAD36BF7A58333FDFF336BF41
:10D88000AF10333F233A37BFC9C8323F4A8037BF52
:10D89000C780323F55C637BFAA38323F430C38BF26
:10D8A00071F0313F165238BF1DA8313FCB9738BFBA
:10D8B000AD5F313F65DD38BF2217313FE12239BF0F
:10D8C0007CCE303F426839BFBB85303F85AD39BF24
:10D8D000DE3C303FACF239BFE6F32F3FB7373ABFFB
:10D8E000D3AA2F3FA47C3ABFA5612F3F75C13ABF91
:10D8F0005B182F3F29063BBFF7CE2E3FC14A3BBFE7
:10D9000078852E3F3B8F3BBFDE3B2E3F98D33BBFFE
:10D9100029F22D3FD9173CBF59A82D3FFC5B3CBFD6
:10D920006F5E2D3F03A03CBF69142D3FECE33CBF6D
:10D9300049CA2C3FB8273DBF0F802C3F676B3DBFC6
:10D94000B9352C3FF9AE3DBF4AEB2B3F6EF23DBFE0
:10D95000BFA02B3FC5353EBF1B562B3FFF783EBFB8
:10D960005B0B2B3F1BBC3EBF82C02A3F1BFF3EBF51
:10D970008E752A3FFC413FBF802A2A3FC0843FBFAB
:10D9800057DF293F67C73FBF1594293FF00940BFC4
:10D99000B848293F5C4C40BF41FD283FA98E40BF9D
:10D9A000B0B1283FDAD040BF0566283FEC1241BF36
:10D9B000401A283FE15441BF61CE273FB79641BF8F
:10D9C0006882273F70D841BF5636273F0B1A42BFA7
:10D9D0002AEA263F895B42BFE39D263FE89C42BF7F
:10D9E0008451263F29DE42BF0A05263F4C1F43BF14
:10D9F00077B8253F516043BFCB6B253F38A143BF6C
:10DA0000041F253F00E243BF25D2243FAB2244BF81
:10DA10002C85243F376344BF1A38243FA5A344BF55
:10DA2000EEEA233FF5E344BFA99D233F262445BFEB
:10DA30004B50233F396445BFD302233F2DA445BF3C
:10DA400043B5223F03E445BF9967223FBB2346BF4E
:10DA5000D719223F546346BFFBCB213FCEA246BF1E
:10DA6000067E213F2AE246BFF92F213F672147BFAB
:10DA7000D2E1203F856047BF9393203F849F47BFFB
:10DA80003B45203F65DE47BFCBF61F3F271D48BF04
:10DA900041A81F3FCA5B48BF9F591F3F4E9A48BFCE
:10DAA000E50A1F3FB3D848BF12BC1E3FFA1649BF54
:10DAB000266D1E3F215549BF221E1E3F299349BF97
:10DAC00006CF1D3F12D149BFD17F1D3FDC0E4ABF9B
:10DAD00084301D3F874C4ABF1FE11C3F138A4ABF59
:10DAE000A2911C3F7FC74ABF0C421C3FCC044BBFD6
:10DAF0005FF21B3FFA414BBF99A21B3F097F4BBF0F
:10DB0000BB521B3FF8BB4BBFC6021B3FC7F84BBF06
:10DB1000B8B21A3F78354CBF93621A3F08724CBFB7
:10DB200055121A3F79AE4CBF00C2193FCBEA4CBF29
:10DB30009471193FFD264DBF0F21193F10634DBF52
:10DB400073D0183F029F4DBFC07F183FD5DA4DBF3D
:10DB5000F52E183F89164EBF12DE173F1C524EBFDE
:10DB6000188D173F908D4EBF073C173FE4C84EBF3E
:10DB7000DFEA163F17044FBF9F99163F2B3F4FBF59
:10DB80004748163F1F7A4FBFD9F6153FF4B44FBF31
:10DB900054A5153FA8EF4FBFB753153F3B2A50BFC1
:10DBA0000402153FAF6450BF39B0143F039F50BF0C
:10DBB000585E143F37D950BF5F0C143F4A1351BF12
:10DBC00050BA133F3D4D51BF2A68133F108751BFD4
:10DBD000EE15133FC2C051BF9AC3123F54FA51BF52
:10DBE0003071123FC63352BFB01E123F186D52BF84
:10DBF00019CC113F49A652BF6B79113F59DF52BF73
:10DC0000A726113F491853BFCDD3103F185153BF1A
:10DC1000DC80103FC78953BFD52D103F55C253BF7D
:10DC2000B8DA0F3FC3FA53BF84870F3F0F3354BF97
:10DC30003B340F3F3B6B54BFDBE00E3F47A354BF69
:10DC4000658D0E3F31DB54BFDA390E3FFB1255BFF5
:10DC500038E60D3FA44A55BF81920D3F2C8255BF37
:10DC6000B33E0D3F93B955BFD0EA0C3FD9F055BF35
:10DC7000D7960C3FFE2756BFC9420C3F025F56BFE6
:10DC8000A5EE0B3FE59556BF6B9A0B3FA7CC56BF51
:10DC90001C460B3F480357BFB7F10A3FC73957BF70
:10DCA0003D9D0A3F267057BFAD480A3F63A657BF48
:10DCB00009F4093F7FDC57BF4E9F093F791258BFD7
:10DCC0007F4A093F534858BF9BF5083F0B7E58BF1A
:10DCD000A1A0083FA1B358BF924B083F17E958BF16
:10DCE0006FF6073F6A1E59BF36A1073F9C5359BFC5
:10DCF000E84B073FAD8859BF86F6063F9CBD59BF2C
:10DD00000EA1063F6AF259BF824B063F16275ABF43
:10DD1000E2F5053FA05B5ABF2CA0053F09905ABF12
:10DD2000624A053F50C45ABF84F4043F75F85ABF95
:10DD3000919E043F792C5BBF8948043F5A605BBFCA
:10DD40006DF2033F1A945BBF3D9C033FB8C75BBFB6
:10DD5000F845033F34FB5BBF9FEF023F8E2E5CBF55
:10DD60003299023FC7615CBFB142023FDD945CBFA4
:10DD70001CEC013FD1C75CBF7395013FA3FA5CBFA8
:10DD8000B53E013F532D5DBFE4E7003FE15F5DBF5E
:10DD9000FF90003F4D925DBF063A003F97C45DBFC4
:10DDA000F3C5FF3EBEF65DBFB217FF3EC3285EBFA0
:10DDB0004A69FE3EA65A5EBFBBBAFD3E678C5EBF97
:10DDC000040CFD3E05BE5EBF275DFC3E81EF5EBFDD
:10DDD00022AEFB3EDB205FBFF7FEFA3E12525FBF72
:10DDE000A54FFA3E27835FBF2DA0F93E19B45FBF50
:10DDF0008EF0F83EE9E45FBFC840F83E961560BF7C
:10DE0000DC90F73E214660BFCBE0F63E897660BFEE
:10DE10009330F63ECFA660BF3580F53EF2D660BFA8
:10DE2000B1CFF43EF20661BF071FF43ED03661BFAA
:10DE3000386EF33E8A6661BF43BDF23E229661BFF3
:10DE4000290CF23E98C561BFEA5AF13EEAF461BF7F
:10DE500085A9F03E1A2462BFFBF7EF3E265362BF4E
:10DE60004C46EF3E108262BF7994EE3ED7B062BF5F
:10DE700080E2ED3E7BDF62BF6330ED3EFC0D63BFB1
:10DE8000217EEC3E5A3C63BFBBCBEB3E956A63BF41
:10DE90003019EB3EAC9863BF8166EA3EA1C663BF12
:10DEA000AEB3E93E73F463BFB700E93E212264BF1D
:10DEB0009C4DE83EAC4F64BF5D9AE73E147D64BF65
:10DEC000FBE6E63E59AA64BF7533E63E7BD764BFE6
:10DED000CB7FE53E790465BFFECBE43E543165BFA0
:10DEE0000E18E43E0B5E65BFFA63E33EA08A65BF91
:10DEF000C4AFE23E10B765BF6AFBE13E5EE365BFBB
:10DF0000EE46E13E880F66BF4F92E03E8E3B66BF15
:10DF10008DDDDF3E716766BFA928DF3E309366BFA7
:10DF2000A273DE3ECCBE66BF79BEDD3E45EA66BF6B
:10DF30002E09DD3E991567BFC153DC3ECA4067BF5D
:10DF4000319EDB3ED86B67BF80E8DA3EC19667BF83
:10DF5000AD32DA3E87C167BFB97CD93E2AEC67BFD4
:10DF6000A3C6D83EA81668BF6B10D83E034168BF51
:10DF7000135AD73E396B68BF99A3D63E4C9568BFFC
:10DF8000FDECD53E3CBF68BF4136D53E07E968BFD2
:10DF9000647FD43EAE1269BF67C8D33E323C69BFCE
:10DFA0004811D33E916569BF095AD23ECC8E69BFF4
:10DFB000AAA2D13EE4B769BF2AEBD03ED7E069BF41
:10DFC0008A33D03EA7096ABFCA7BCF3E52326ABFAE
:10DFD000EAC3CE3ED95A6ABFEA0BCE3E3C836ABF43
:10DFE000CA53CD3E7BAB6ABF8B9BCC3E95D36ABFF9
:10DFF0002CE3CB3E8CFB6ABFAE2ACB3E5E236BBFCD
:10E000001072CA3E0C4B6BBF53B9C93E95726BBFC1
:10E010007700C93EFB996BBF7C47C83E3BC16BBFD5
:10E02000628EC73E58E86BBF29D5C63E500F6CBF05
:10E03000D21BC63E24366CBF5C62C53ED45C6CBF4E
:10E04000C8A8C43E5E836CBF15EFC33EC5A96CBFB4
:10E050004435C33E07D06CBF557BC23E24F66CBF2F
:10E0600048C1C13E1D1C6DBF1E07C13EF2416DBFC0
:10E07000D54CC03EA1676DBF6F92BF3E2D8D6DBF69
:10E08000EBD7BE3E93B26DBF4A1DBE3ED5D76DBF26
:10E090008B62BD3EF2FC6DBFAFA7BC3EEB216EBFF5
:10E0A000B6ECBB3EBE466EBFA031BB3E6D6B6EBFD5
:10E0B0006E76BA3EF88F6EBF1EBBB93E5DB46EBFC2
:10E0C000B2FFB83E9ED86EBF2A44B83EBAFC6EBFBF
:10E0D0008488B73EB0206FBFC3CCB63E83446FBFC9
:10E0E000E610B63E30686FBFEC54B53EB88B6FBFDC
:10E0F000D698B43E1BAF6FBFA5DCB33E5AD26FBFFC
:10E100005820B33E73F56FBFEF63B23E671870BF20
:10E110006BA7B13E373B70BFCBEAB03EE15D70BF4D
:10E12000102EB03E668070BF3A71AF3EC6A270BF7F
:10E1300049B4AE3E02C570BF3CF7AD3E17E770BFB5
:10E14000153AAD3E080971BFD47CAC3ED42A71BFEC
:10E1500077BFAB3E7A4C71BF0102AB3EFB6D71BF26
:10E160006F44AA3E578F71BFC486A93E8EB071BF5F
:10E17000FEC8A83E9FD171BF1F0BA83E8CF271BF95
:10E18000254DA73E521372BF128FA63EF43372BFC5
:10E19000E5D0A53E705472BF9F12A53EC77472BFF2
:10E1A0003F54A43EF89472BFC595A33E04B572BF18
:10E1B00033D7A23EEBD472BF8718A23EACF472BF35
:10E1C000C259A13E471473BFE59AA03EBE3373BF48
:10E1D000EEDB9F3E0E5373BFDF1C9F3E397273BF51
:10E1E000B85D9E3E3F9173BF789E9D3E1FB073BF4A
:10E1F00020DF9C3ED9CE73BFAF1F9C3E6EED73BF38
:10E2000027609B3EDD0B74BF86A09A3E272A74BF11
:10E21000CEE0993E4B4874BFFE20993E496674BFDC
:10E220001661983E228474BF17A1973ED5A174BF92
:10E2300000E1963E62BF74BFD220963EC9DC74BF37
:10E240008D60953E0BFA74BF31A0943E271775BFC1
:10E25000BFDF933E1D3475BF351F933EED5075BF34
:10E26000945E923E976D75BFDD9D913E1C8A75BF91
:10E2700010DD903E7BA675BF2C1C903EB3C275BFCF
:10E28000325B8F3EC6DE75BF229A8E3EB3FA75BFF3
:10E29000FCD88D3E7A1676BFC0178D3E1B3276BFF6
:10E2A0006E568C3E974D76BF07958B3EEC6876BFD9
:10E2B0008AD38A3E1B8476BFF8118A3E249F76BF9C
:10E2C0005050893E07BA76BF938E883EC4D476BF3D
:10E2D000C1CC873E5BEF76BFDA0A873ECC0977BFB9
:10E2E000DF48863E172477BFCE86853E3C3E77BF0B
:10E2F000AAC4843E3A5877BF7002843E137277BF37
:10E300002240833EC58B77BFC07D823E51A577BF3B
:10E310004ABB813EB7BE77BFC0F8803EF7D777BF14
:10E320002236803E10F177BFE1E67E3E040A78BFD8
:10E3300056617D3ED12278BFA4DB7B3E773B78BF20
:10E34000CB557A3EF85378BFCCCF783E526C78BF2D
:10E35000A649773E868478BF5AC3753E939C78BFA2
:10E36000E83C743E7BB478BF51B6723E3BCC78BF7C
:10E37000942F713ED6E378BFB2A86F3E4AFB78BFB8
:10E38000AB216E3E981279BF7F9A6C3EBF2979BF50
:10E390002F136B3EC04079BFBA8B693E9A5779BF45
:10E3A0002204683E4E6E79BF667C663EDC8479BF8F
:10E3B00086F4643E439B79BF836C633E83B179BF2F
:10E3C0005CE4613E9DC779BF135C603E91DD79BF1F
:10E3D000A8D35E3E5EF379BF1A4B5D3E04097ABF57
:10E3E0006AC25B3E841E7ABF97395A3EDD337ABFDC
:10E3F000A4B0583E10497ABF8F27573E1C5E7ABFA3
:10E40000589E553E02737ABF0115543EC1877ABFAC
:10E41000898B523E599C7ABFF101513ECBB07ABFF5
:10E4200038784F3E16C57ABF60EE4D3E3AD97ABF76
:10E4300067644C3E37ED7ABF4FDA4A3E0E017BBF30
:10E440001850493EBE147BBFC2C5473E48287BBF1B
:10E450004D3B463EAB3B7BBFB9B0443EE74E7BBF36
:10E460000726433EFC617BBF379B413EEA747BBF7E
:10E470004910403EB2877BBF3E853E3E539A7BBFEC
:10E4800015FA3C3ECDAC7BBFCF6E3B3E20BF7BBF81
:10E490006CE3393E4DD17BBFEC57383E53E37BBF35
:10E4A00050CC363E31F57BBF9840353EE9067CBF07
:10E4B000C4B4333E7A187CBFD428323EE5297CBFF1
:10E4C000C99C303E283B7CBFA2102F3E444C7CBFF1
:10E4D00061842D3E3A5D7CBF04F82B3E086E7CBF04
:10E4E0008D6B2A3EB07E7CBFFCDE283E318F7CBF28
:10E4F0005152273E8A9F7CBF8CC5253EBDAF7CBF55
:10E50000AD38243EC9BF7CBFB6AB223EAECF7CBF88
:10E51000A51E213E6CDF7CBF7B911F3E03EF7CBFBD
:10E5200038041E3E73FE7CBFDE761C3EBC0D7DBFF4
:10E530006BE91A3EDD1C7DBFE05B193ED82B7DBF29
:10E540003DCE173EAC3A7DBF8340163E59497DBF54
:10E55000B2B2143EDE577DBFCA24133E3D667DBF76
:10E56000CC96113E74747DBFB708103E85827DBF86
:10E570008B7A0E3E6E907DBF4AEC0C3E309E7DBF86
:10E58000F35D0B3ECCAB7DBF86CF093E40B97DBF6E
:10E590000541083E8CC67DBF6EB2063EB2D37DBF3C
:10E5A000C223053EB1E07DBF0295033E88ED7DBFED
:10E5B0002E06023E38FA7DBF4577003EC2067EBF7A
:10E5C00092D0FD3D24137EBF73B2FA3D5E1F7EBF25
:10E5D0002C94F73D722B7EBFC075F43D5E377EBF35
:10E5E0002E57F13D23437EBF7638EE3DC14E7EBFB0
:10E5F0009A19EB3D385A7EBF9AFAE73D88657EBF8F
:10E6000076DBE43DB0707EBF2EBCE13DB17B7EBFCA
:10E61000C49CDE3D8B867EBF377DDB3D3D917EBF5A
:10E62000895DD83DC99B7EBFB93DD53D2DA67EBF36
:10E63000C81DD23D69B07EBFB7FDCE3D7FBA7EBF5B
:10E6400086DDCB3D6DC47EBF36BDC83D34CE7EBFBA
:10E65000C69CC53DD4D77EBF397CC23D4CE17EBF50
:10E660008D5BBF3D9DEA7EBFC33ABC3DC7F37EBF15
:10E67000DD19B93DC9FC7EBFDAF8B53DA4057FBF01
:10E68000BBD7B23D580E7FBF80B6AF3DE4167FBF0B
:10E690002B95AC3D491F7FBFBA73A93D87277FBF2C
:10E6A0003052A63D9D2F7FBF8C30A33D8D377FBF5D
:10E6B000CF0EA03D543F7FBFF9EC9C3DF4467FBF99
:10E6C0000ACB993D6D4E7FBF05A9963DBF557FBFD3
:10E6D000E786933DE95C7FBFB464903DEC637FBF08
:10E6E0006A428D3DC76A7FBF0A208A3D7B717FBF2A
:10E6F00094FD863D08787FBF0ADB833D6D7E7FBF3A
:10E700006CB8803DAB847FBF742B7B3DC28A7FBFDA
:10E71000E9E5743DB1907FBF38A06E3D78967FBF2C
:10E72000625A683D189C7FBF6814623D91A17FBF0B
:10E730004CCE5B3DE3A67FBF0E88553D0DAC7FBF41
:10E74000AF414F3D0FB17FBF2FFB483DEAB57FBFC3
:10E7500091B4423D9EBA7FBFD56D3C3D2ABF7FBF7D
:10E76000FC26363D8FC37FBF07E02F3DCCC77FBF60
:10E77000F698293DE2CB7FBFCC51233DD1CF7FBF5F
:10E78000880A1D3D98D37FBF2CC3163D37D77FBF66
:10E79000B87B103DAFDA7FBF2F340A3D00DE7FBF6C
:10E7A00090EC033D29E17FBFB949FB3C2BE47FBFDF
:10E7B0002DBAEE3C05E77FBF7B2AE23CB8E97FBF7C
:10E7C000A69AD53C43EC7FBFB00AC93CA7EE7FBFF9
:10E7D0009B7ABC3CE3F07FBF69EAAF3CF8F27FBFB5
:10E7E0001C5AA33CE6F47FBFB6C9963CACF67FBF8B
:10E7F00038398A3C4AF87FBF4B517B3CC1F97FBF17
:10E800000030623C11FB7FBF900E493C39FC7FBF5A
:10E8100002ED2F3C39FD7FBF59CB163C13FE7FBF65
:10E820003053FB3BC4FE7FBF890FC93B4EFF7FBF08
:10E83000C1CB963BB1FF7FBFC70F493BECFF7FBF0A
:10E84000D40FC93A000080BF00000000ECFF7FBF7A
:10E85000D40FC9BAB1FF7FBFC70F49BB4EFF7FBFFF
:10E86000C1CB96BBC4FE7FBF890FC9BB13FE7FBF60
:10E870003053FBBB39FD7FBF59CB16BC39FC7FBF82
:10E8800002ED2FBC11FB7FBF900E49BCC1F97FBFC9
:10E89000003062BC4AF87FBF4B517BBCACF67FBFF7
:10E8A00038398ABCE6F47FBFB6C996BCF8F27FBFA0
:10E8B0001C5AA3BCE3F07FBF69EAAFBCA7EE7FBFE1
:10E8C0009B7ABCBC43EC7FBFB00AC9BCB8E97FBF30
:10E8D000A69AD5BC05E77FBF7B2AE2BC2BE47FBFAD
:10E8E0002DBAEEBC29E17FBFB949FBBC00DE7FBF7A
:10E8F00090EC03BDAFDA7FBF2F340ABD37D77FBF9F
:10E90000B87B10BD98D37FBF2CC316BDD1CF7FBFBE
:10E91000880A1DBDE2CB7FBFCC5123BDCCC77FBFD2
:10E92000F69829BD8FC37FBF07E02FBD2ABF7FBFE9
:10E93000FC2636BD9EBA7FBFD56D3CBDEAB57FBF14
:10E9400091B442BD0FB17FBF2FFB48BD0DAC7FBF5F
:10E95000AF414FBDE3A67FBF0E8855BD91A17FBFDC
:10E960004CCE5BBD189C7FBF681462BD78967FBF9C
:10E97000625A68BDB1907FBF38A06EBDC28A7FBFAA
:10E98000E9E574BDAB847FBF742B7BBD6D7E7FBF1B
:10E990006CB880BD08787FBF0ADB83BD7B717FBF09
:10E9A00094FD86BDC76A7FBF0A208ABDEC637FBF26
:10E9B0006A428DBDE95C7FBFB46490BDBF557FBF27
:10E9C000E78693BD6D4E7FBF05A996BDF4467FBF18
:10E9D0000ACB99BD543F7FBFF9EC9CBD8D377FBFFB
:10E9E000CF0EA0BD9D2F7FBF8C30A3BD87277FBFDB
:10E9F0003052A6BD491F7FBFBA73A9BDE4167FBFC1
:10EA00002B95ACBD580E7FBF80B6AFBDA4057FBFB0
:10EA1000BBD7B2BDC9FC7EBFDAF8B5BDC7F37EBFB8
:10EA2000DD19B9BD9DEA7EBFC33ABCBD4CE17EBFD6
:10EA30008D5BBFBDD4D77EBF397CC2BD34CE7EBF17
:10EA4000C69CC5BD6DC47EBF36BDC8BD7FBA7EBF86
:10EA500086DDCBBD69B07EBFB7FDCEBD2DA67EBF26
:10EA6000C81DD2BDC99B7EBFB93DD5BD3D917EBFFE
:10EA7000895DD8BD8B867EBF377DDBBDB17B7EBF18
:10EA8000C49CDEBDB0707EBF2EBCE1BD88657EBF7C
:10EA900076DBE4BD385A7EBF9AFAE7BDC14E7EBF31
:10EAA0009A19EBBD23437EBF7638EEBD5E377EBF3D
:10EAB0002E57F1BD722B7EBFC075F4BD5E1F7EBFA9
:10EAC0002C94F7BD24137EBF73B2FABDC2067EBF7D
:10EAD00092D0FDBD38FA7DBF457700BE88ED7DBF81
:10EAE0002E0602BEB1E07DBF029503BEB2D37DBF4C
:10EAF000C22305BE8CC67DBF6EB206BE40B97DBFC7
:10EB0000054108BECCAB7DBF86CF09BE309E7DBF20
:10EB1000F35D0BBE6E907DBF4AEC0CBE85827DBF5F
:10EB20008B7A0EBE74747DBFB70810BE3D667DBF84
:10EB3000CC9611BEDE577DBFCA2413BE59497DBF96
:10EB4000B2B214BEAC3A7DBF834016BED82B7DBF97
:10EB50003DCE17BEDD1C7DBFE05B19BEBC0D7DBF89
:10EB60006BE91ABE73FE7CBFDE761CBE03EF7CBF72
:10EB700038041EBE6CDF7CBF7B911FBEAECF7CBF56
:10EB8000A51E21BEC9BF7CBFB6AB22BEBDAF7CBF38
:10EB9000AD3824BE8A9F7CBF8CC525BE318F7CBF1B
:10EBA000515227BEB07E7CBFFCDE28BE086E7CBF03
:10EBB0008D6B2ABE3A5D7CBF04F82BBE444C7CBFF3
:10EBC00061842DBE283B7CBFA2102FBEE5297CBFEF
:10EBD000C99C30BE7A187CBFD42832BEE9067CBFFF
:10EBE000C4B433BE31F57BBF984035BE53E37BBF21
:10EBF00050CC36BE4DD17BBFEC5738BE20BF7BBF5B
:10EC00006CE339BECDAC7BBFCF6E3BBE539A7BBFAE
:10EC100015FA3CBEB2877BBF3E853EBEEA747BBF21
:10EC2000491040BEFC617BBF379B41BEE74E7BBFB6
:10EC3000072643BEAB3B7BBFB9B044BE48287BBF71
:10EC40004D3B46BEBE147BBFC2C547BE0E017BBF57
:10EC5000185049BE37ED7ABF4FDA4ABE3AD97ABF6B
:10EC600067644CBE16C57ABF60EE4DBECBB07ABFAE
:10EC700038784FBE599C7ABFF10151BEC1877ABF27
:10EC8000898B52BE02737ABF011554BE1C5E7ABFD7
:10EC9000589E55BE10497ABF8F2757BEDD337ABFC5
:10ECA000A4B058BE841E7ABF97395ABE04097ABFF1
:10ECB0006AC25BBE5EF379BF1A4B5DBE91DD79BF60
:10ECC000A8D35EBE9DC779BF135C60BE83B179BF18
:10ECD0005CE461BE439B79BF836C63BEDC8479BF17
:10ECE00086F464BE4E6E79BF667C66BE9A5779BF65
:10ECF000220468BEC04079BFBA8B69BEBF2979BF04
:10ED00002F136BBE981279BF7F9A6CBE4AFB78BFF7
:10ED1000AB216EBED6E378BFB2A86FBE3BCC78BF46
:10ED2000942F71BE7BB478BF51B672BE939C78BFEE
:10ED3000E83C74BE868478BF5AC375BE526C78BFF7
:10ED4000A64977BEF85378BFCCCF78BE773B78BF63
:10ED5000CB557ABED12278BFA4DB7BBE040A78BF34
:10ED600056617DBE10F177BFE1E67EBEF7D777BF73
:10ED7000223680BEB7BE77BFC0F880BE51A577BF30
:10ED80004ABB81BEC58B77BFC07D82BE137277BF81
:10ED9000224083BE3A5877BF700284BE3C3E77BFA4
:10EDA000AAC484BE172477BFCE8685BECC0977BFA0
:10EDB000DF4886BE5BEF76BFDA0A87BEC4D476BF73
:10EDC000C1CC87BE07BA76BF938E88BE249F76BF1C
:10EDD000505089BE1B8476BFF8118ABEEC6876BF9E
:10EDE0008AD38ABE974D76BF07958BBE1B3276BFFE
:10EDF0006E568CBE7A1676BFC0178DBEB3FA75BF3D
:10EE0000FCD88DBEC6DE75BF229A8EBEB3C275BF5A
:10EE1000325B8FBE7BA675BF2C1C90BE1C8A75BF53
:10EE200010DD90BE976D75BFDD9D91BEED5075BF35
:10EE3000945E92BE1D3475BF351F93BE271775BFF4
:10EE4000BFDF93BE0BFA74BF31A094BEC9DC74BFA0
:10EE50008D6095BE62BF74BFD22096BED5A174BF2F
:10EE600000E196BE228474BF17A197BE496674BFA5
:10EE7000166198BE4B4874BFFE2099BE272A74BF06
:10EE8000CEE099BEDD0B74BF86A09ABE6EED73BF57
:10EE900027609BBED9CE73BFAF1F9CBE1FB073BF90
:10EEA00020DF9CBE3F9173BF789E9DBE397273BFB9
:10EEB000B85D9EBE0E5373BFDF1C9FBEBE3373BFD3
:10EEC000EEDB9FBE471473BFE59AA0BEACF472BFE1
:10EED000C259A1BEEBD472BF8718A2BE04B572BFDF
:10EEE00033D7A2BEF89472BFC595A3BEC77472BFD4
:10EEF0003F54A4BE705472BF9F12A5BEF43372BFBC
:10EF0000E5D0A5BE521372BF128FA6BE8CF271BFA0
:10EF1000254DA7BE9FD171BF1F0BA8BE8EB071BF7C
:10EF2000FEC8A8BE578F71BFC486A9BEFB6D71BF56
:10EF30006F44AABE7A4C71BF0102ABBED42A71BF26
:10EF400077BFABBE080971BFD47CACBE17E770BFFA
:10EF5000153AADBE02C570BF3CF7ADBEC6A270BFCC
:10EF600049B4AEBE668070BF3A71AFBEE15D70BF9E
:10EF7000102EB0BE373B70BFCBEAB0BE671870BF73
:10EF80006BA7B1BE73F56FBFEF63B2BE5AD26FBF4E
:10EF90005820B3BE1BAF6FBFA5DCB3BEB88B6FBF2D
:10EFA000D698B4BE30686FBFEC54B5BE83446FBF13
:10EFB000E610B6BEB0206FBFC3CCB6BEBAFC6EBF03
:10EFC0008488B7BE9ED86EBF2A44B8BE5DB46EBFFB
:10EFD000B2FFB8BEF88F6EBF1EBBB9BE6D6B6EBF01
:10EFE0006E76BABEBE466EBFA031BBBEEB216EBF11
:10EFF000B6ECBBBEF2FC6DBFAFA7BCBED5D76DBF34
:10F000008B62BDBE93B26DBF4A1DBEBE2D8D6DBF5E
:10F01000EBD7BEBEA1676DBF6F92BFBEF2416DBFA1
:10F02000D54CC0BE1D1C6DBF1E07C1BE24F66CBFF3
:10F0300048C1C1BE07D06CBF557BC2BEC5A96CBF5D
:10F040004435C3BE5E836CBF15EFC3BED45C6CBFDA
:10F05000C8A8C4BE24366CBF5C62C5BE500F6CBF6E
:10F06000D21BC6BE58E86BBF29D5C6BE3BC16BBF1D
:10F07000628EC7BEFB996BBF7C47C8BE95726BBFE3
:10F080007700C9BE0C4B6BBF53B9C9BE5E236BBFC3
:10F090001072CABE8CFB6ABFAE2ACBBE95D36ABFC4
:10F0A0002CE3CBBE7BAB6ABF8B9BCCBE3C836ABFE1
:10F0B000CA53CDBED95A6ABFEA0BCEBE52326ABF1E
:10F0C000EAC3CEBEA7096ABFCA7BCFBED7E069BF7D
:10F0D0008A33D0BEE4B769BF2AEBD0BECC8E69BFFD
:10F0E000AAA2D1BE916569BF095AD2BE323C69BF9E
:10F0F0004811D3BEAE1269BF67C8D3BE07E968BF67
:10F10000647FD4BE3CBF68BF4136D5BE4C9568BF56
:10F11000FDECD5BE396B68BF99A3D6BE034168BF6D
:10F12000135AD7BEA81668BF6B10D8BE2AEC67BFAB
:10F13000A3C6D8BE87C167BFB97CD9BEC19667BF19
:10F14000AD32DABED86B67BF80E8DABECA4067BFAF
:10F15000319EDBBE991567BFC153DCBE45EA66BF71
:10F160002E09DDBECCBE66BF79BEDDBE309366BF64
:10F17000A273DEBE716766BFA928DFBE8E3B66BF85
:10F180008DDDDFBE880F66BF4F92E0BE5EE365BFD8
:10F19000EE46E1BE10B765BF6AFBE1BEA08A65BF5F
:10F1A000C4AFE2BE0B5E65BFFA63E3BE543165BF18
:10F1B0000E18E4BE790465BFFECBE4BE7BD764BF06
:10F1C000CB7FE5BE59AA64BF7533E6BE147D64BF2C
:10F1D000FBE6E6BEAC4F64BF5D9AE7BE212264BF8A
:10F1E0009C4DE8BE73F463BFB700E9BEA1C663BF20
:10F1F000AEB3E9BEAC9863BF8166EABE956A63BFF1
:10F200003019EBBE5A3C63BFBBCBEBBEFC0D63BFFA
:10F21000217EECBE7BDF62BF6330EDBED7B062BF44
:10F2200080E2EDBE108262BF7994EEBE265362BFCB
:10F230004C46EFBE1A2462BFFBF7EFBEEAF461BF93
:10F2400085A9F0BE98C561BFEA5AF1BE229661BF9A
:10F25000290CF2BE8A6661BF43BDF2BED03661BFE3
:10F26000386EF3BEF20661BF071FF4BEF2D660BF70
:10F27000B1CFF4BECFA660BF3580F5BE897660BF42
:10F280009330F6BE214660BFCBE0F6BE961560BF58
:10F29000DC90F7BEE9E45FBFC840F8BE19B45FBFB9
:10F2A0008EF0F8BE27835FBF2DA0F9BE12525FBF5C
:10F2B000A54FFABEDB205FBFF7FEFABE81EF5EBF4F
:10F2C00022AEFBBE05BE5EBF275DFCBE678C5EBF87
:10F2D000040CFDBEA65A5EBFBBBAFDBEC3285EBF0E
:10F2E0004A69FEBEBEF65DBFB217FFBE97C45DBFE2
:10F2F000F3C5FFBE4D925DBF063A00BFE15F5DBF43
:10F30000FF9000BF532D5DBFE4E700BFA3FA5CBFD1
:10F31000B53E01BFD1C75CBF739501BFDD945CBF33
:10F320001CEC01BFC7615CBFB14202BF8E2E5CBF47
:10F33000329902BF34FB5BBF9FEF02BFB8C75BBF10
:10F34000F84503BF1A945BBF3D9C03BF5A605BBF87
:10F350006DF203BF792C5BBF894804BF75F85ABFB3
:10F36000919E04BF50C45ABF84F404BF09905ABF91
:10F37000624A05BFA05B5ABF2CA005BF16275ABF23
:10F38000E2F505BF6AF259BF824B06BF9CBD59BF6B
:10F390000EA106BFAD8859BF86F606BF9C5359BF64
:10F3A000E84B07BF6A1E59BF36A107BF17E958BF10
:10F3B0006FF607BFA1B358BF924B08BF0B7E58BF73
:10F3C000A1A008BF534858BF9BF508BF791258BF8A
:10F3D0007F4A09BF7FDC57BF4E9F09BF63A657BF57
:10F3E00009F409BF267057BFAD480ABFC73957BFD8
:10F3F0003D9D0ABF480357BFB7F10ABFA7CC56BF10
:10F400001C460BBFE59556BF6B9A0BBF025F56BFFC
:10F41000A5EE0BBFFE2756BFC9420CBFD9F055BFA2
:10F42000D7960CBF93B955BFD0EA0CBF2C8255BFFD
:10F43000B33E0DBFA44A55BF81920DBFFB1255BF0D
:10F4400038E60DBF31DB54BFDA390EBF47A354BFD6
:10F45000658D0EBF3B6B54BFDBE00EBF0F3354BF57
:10F460003B340FBFC3FA53BF84870FBF55C253BF8E
:10F47000B8DA0FBFC78953BFD52D10BF185153BF7E
:10F48000DC8010BF491853BFCDD310BF59DF52BF26
:10F49000A72611BF49A652BF6B7911BF186D52BF85
:10F4A00019CC11BFC63352BFB01E12BF54FA51BFA0
:10F4B000307112BFC2C051BF9AC312BF108751BF73
:10F4C000EE1513BF3D4D51BF2A6813BF4A1351BFFC
:10F4D00050BA13BF37D950BF5F0C14BF039F50BF42
:10F4E000585E14BFAF6450BF39B014BF3B2A50BF41
:10F4F000040215BFA8EF4FBFB75315BFF4B44FBFF9
:10F5000054A515BF1F7A4FBFD9F615BF2B3F4FBF6C
:10F51000474816BF17044FBF9F9916BFE4C84EBF98
:10F52000DFEA16BF908D4EBF073C17BF1C524EBF7F
:10F53000188D17BF89164EBF12DE17BFD5DA4DBF23
:10F54000F52E18BF029F4DBFC07F18BF10634DBF7F
:10F5500073D018BFFD264DBF0F2119BFCBEA4CBF9A
:10F56000947119BF79AE4CBF00C219BF08724CBF6D
:10F5700055121ABF78354CBF93621ABFC7F84BBFFC
:10F58000B8B21ABFF8BB4BBFC6021BBF097F4BBF47
:10F59000BB521BBFFA414BBF99A21BBFCC044BBF50
:10F5A0005FF21BBF7FC74ABF0C421CBF138A4ABF12
:10F5B000A2911CBF874C4ABF1FE11CBFDC0E4ABF93
:10F5C00084301DBF12D149BFD17F1DBF299349BFD0
:10F5D00006CF1DBF215549BF221E1EBFFA1649BFC7
:10F5E000266D1EBFB3D848BF12BC1EBF4E9A48BF7F
:10F5F000E50A1FBFCA5B48BF9F591FBF271D48BFF1
:10F6000041A81FBF65DE47BFCBF61FBF849F47BF22
:10F610003B4520BF856047BF939320BF672147BF0D
:10F62000D2E120BF2AE246BFF92F21BFCEA246BFBA
:10F63000067E21BF546346BFFBCB21BFBB2346BF21
:10F64000D71922BF03E445BF996722BF2DA445BF48
:10F6500043B522BF396445BFD30223BF262445BF2B
:10F660004B5023BFF5E344BFA99D23BFA5A344BFCF
:10F67000EEEA23BF376344BF1A3824BFAB2244BF2E
:10F680002C8524BF00E243BF25D224BF38A143BF4D
:10F69000041F25BF516043BFCB6B25BF4C1F43BF29
:10F6A00077B825BF29DE42BF0A0526BFE89C42BFC6
:10F6B000845126BF895B42BFE39D26BF0B1A42BF20
:10F6C0002AEA26BF70D841BF563627BFB79641BF3A
:10F6D000688227BFE15441BF61CE27BFEC1241BF12
:10F6E000401A28BFDAD040BF056628BFA98E40BFA8
:10F6F000B0B128BF5C4C40BF41FD28BFF00940BFFE
:10F70000B84829BF67C73FBF159429BFC0843FBF12
:10F7100057DF29BFFC413FBF802A2ABF1BFF3EBFE6
:10F720008E752ABF1BBC3EBF82C02ABFFF783EBF7A
:10F730005B0B2BBFC5353EBF1B562BBF6EF23DBFCB
:10F74000BFA02BBFF9AE3DBF4AEB2BBF676B3DBFE0
:10F75000B9352CBFB8273DBF0F802CBFECE33CBFB1
:10F7600049CA2CBF03A03CBF69142DBFFC5B3CBF42
:10F770006F5E2DBFD9173CBF59A82DBF98D33BBF93
:10F7800029F22DBF3B8F3BBFDE3B2EBFC14A3BBFA3
:10F7900078852EBF29063BBFF7CE2EBF75C13ABF75
:10F7A0005B182FBFA47C3ABFA5612FBFB7373ABF04
:10F7B000D3AA2FBFACF239BFE6F32FBF85AD39BF57
:10F7C000DE3C30BF426839BFBB8530BFE12239BF64
:10F7D0007CCE30BF65DD38BF221731BFCB9738BF35
:10F7E000AD5F31BF165238BF1DA831BF430C38BFC3
:10F7F00071F031BF55C637BFAA3832BF4A8037BF14
:10F80000C78032BF233A37BFC9C832BFDFF336BF24
:10F81000AF1033BF7FAD36BF7A5833BF046736BFF2
:10F8200029A033BF6C2036BFBCE733BFB8D935BF82
:10F83000342F34BFE79235BF8F7634BFFB4B35BFD3
:10F84000CFBD34BFF30435BFF30435BFCFBD34BFE4
:10F85000FB4B35BF8F7634BFE79235BF342F34BFB3
:10F86000B8D935BFBCE733BF6C2036BF29A033BF42
:10F87000046736BF7A5833BF7FAD36BFAF1033BF92
:10F88000DFF336BFC9C832BF233A37BFC78032BFA4
:10F890004A8037BFAA3832BF55C637BF71F031BF73
:10F8A000430C38BF1DA831BF165238BFAD5F31BF02
:10F8B000CB9738BF221731BF65DD38BF7CCE30BF54
:10F8C000E12239BFBB8530BF426839BFDE3C30BF63
:10F8D00085AD39BFE6F32FBFACF239BFD3AA2FBF36
:10F8E000B7373ABFA5612FBFA47C3ABF5B182FBFC3
:10F8F00075C13ABFF7CE2EBF29063BBF78852EBF14
:10F90000C14A3BBFDE3B2EBF3B8F3BBF29F22DBF21
:10F9100098D33BBF59A82DBFD9173CBF6F5E2DBFF1
:10F92000FC5B3CBF69142DBF03A03CBF49CA2CBF80
:10F93000ECE33CBF0F802CBFB8273DBFB9352CBFCF
:10F94000676B3DBF4AEB2BBFF9AE3DBFBFA02BBFDE
:10F950006EF23DBF1B562BBFC5353EBF5B0B2BBFA9
:10F96000FF783EBF82C02ABF1BBC3EBF8E752ABF38
:10F970001BFF3EBF802A2ABFFC413FBF57DF29BF84
:10F98000C0843FBF159429BF67C73FBFB84829BF90
:10F99000F00940BF41FD28BF5C4C40BFB0B128BF5B
:10F9A000A98E40BF056628BFDAD040BF401A28BFE5
:10F9B000EC1241BF61CE27BFE15441BF688227BF2F
:10F9C000B79641BF563627BF70D841BF2AEA26BF37
:10F9D0000B1A42BFE39D26BF895B42BF845126BFFD
:10F9E000E89C42BF0A0526BF29DE42BF77B825BF83
:10F9F0004C1F43BFCB6B25BF516043BF041F25BFC6
:10FA000038A143BF25D224BF00E243BF2C8524BFC9
:10FA1000AB2244BF1A3824BF376344BFEEEA23BF8A
:10FA2000A5A344BFA99D23BFF5E344BF4B5023BF0B
:10FA3000262445BFD30223BF396445BF43B522BF47
:10FA40002DA445BF996722BF03E445BFD71922BF44
:10FA5000BB2346BFFBCB21BF546346BF067E21BFFD
:10FA6000CEA246BFF92F21BF2AE246BFD2E120BF76
:10FA7000672147BF939320BF856047BF3B4520BFA9
:10FA8000849F47BFCBF61FBF65DE47BF41A81FBF9E
:10FA9000271D48BF9F591FBFCA5B48BFE50A1FBF4C
:10FAA0004E9A48BF12BC1EBFB3D848BF266D1EBFBA
:10FAB000FA1649BF221E1EBF215549BF06CF1DBFE2
:10FAC000299349BFD17F1DBF12D149BF84301DBFCB
:10FAD000DC0E4ABF1FE11CBF874C4ABFA2911CBF6E
:10FAE000138A4ABF0C421CBF7FC74ABF5FF21BBFCD
:10FAF000CC044BBF99A21BBFFA414BBFBB521BBFEB
:10FB0000097F4BBFC6021BBFF8BB4BBFB8B21ABFC1
:10FB1000C7F84BBF93621ABF78354CBF55121ABF56
:10FB200008724CBF00C219BF79AE4CBF947119BFA7
:10FB3000CBEA4CBF0F2119BFFD264DBF73D018BFB4
:10FB400010634DBFC07F18BF029F4DBFF52E18BF79
:10FB5000D5DA4DBF12DE17BF89164EBF188D17BFFD
:10FB60001C524EBF073C17BF908D4EBFDFEA16BF39
:10FB7000E4C84EBF9F9916BF17044FBF474816BF32
:10FB80002B3F4FBFD9F615BF1F7A4FBF54A515BFE6
:10FB9000F4B44FBFB75315BFA8EF4FBF040215BF52
:10FBA0003B2A50BF39B014BFAF6450BF585E14BF7A
:10FBB000039F50BF5F0C14BF37D950BF50BA13BF5B
:10FBC0004A1351BF2A6813BF3D4D51BFEE1513BFF5
:10FBD000108751BF9AC312BFC2C051BF307112BF4C
:10FBE00054FA51BFB01E12BFC63352BF19CC11BF59
:10FBF000186D52BF6B7911BF49A652BFA72611BF1E
:10FC000059DF52BFCDD310BF491853BFDC8010BF9E
:10FC1000185153BFD52D10BFC78953BFB8DA0FBFD6
:10FC200055C253BF84870FBFC3FA53BF3B340FBFC6
:10FC30000F3354BFDBE00EBF3B6B54BF658D0EBF6F
:10FC400047A354BFDA390EBF31DB54BF38E60DBFCE
:10FC5000FB1255BF81920DBFA44A55BFB33E0DBFE5
:10FC60002C8255BFD0EA0CBF93B955BFD7960CBFB5
:10FC7000D9F055BFC9420CBFFE2756BFA5EE0BBF3A
:10FC8000025F56BF6B9A0BBFE59556BF1C460BBF74
:10FC9000A7CC56BFB7F10ABF480357BF3D9D0ABF67
:10FCA000C73957BFAD480ABF267057BF09F409BF0F
:10FCB00063A657BF4E9F09BF7FDC57BF7F4A09BF6E
:10FCC000791258BF9BF508BF534858BFA1A008BF81
:10FCD0000B7E58BF924B08BFA1B358BF6FF607BF4A
:10FCE00017E958BF36A107BF6A1E59BFE84B07BFC7
:10FCF0009C5359BF86F606BFAD8859BF0EA106BFFB
:10FD00009CBD59BF824B06BF6AF259BFE2F505BFE1
:10FD100016275ABF2CA005BFA05B5ABF624A05BF79
:10FD200009905ABF84F404BF50C45ABF919E04BFC7
:10FD300075F85ABF894804BF792C5BBF6DF203BFC9
:10FD40005A605BBF3D9C03BF1A945BBFF84503BF7D
:10FD5000B8C75BBF9FEF02BF34FB5BBF329902BFE6
:10FD60008E2E5CBFB14202BFC7615CBF1CEC01BFFD
:10FD7000DD945CBF739501BFD1C75CBFB53E01BFC9
:10FD8000A3FA5CBFE4E700BF532D5DBFFF9000BF47
:10FD9000E15F5DBF063A00BF4D925DBFF3C5FFBE98
:10FDA00097C45DBFB217FFBEBEF65DBF4A69FEBE17
:10FDB000C3285EBFBBBAFDBEA65A5EBF040CFDBE23
:10FDC000678C5EBF275DFCBE05BE5EBF22AEFBBE7C
:10FDD00081EF5EBFF7FEFABEDB205FBFA54FFABE24
:10FDE00012525FBF2DA0F9BE27835FBF8EF0F8BE11
:10FDF00019B45FBFC840F8BEE9E45FBFDC90F7BE4E
:10FE0000961560BFCBE0F6BE214660BF9330F6BECC
:10FE1000897660BF3580F5BECFA660BFB1CFF4BE96
:10FE2000F2D660BF071FF4BEF20661BF386EF3BEA4
:10FE3000D03661BF43BDF2BE8A6661BF290CF2BEF7
:10FE4000229661BFEA5AF1BE98C561BF85A9F0BE8E
:10FE5000EAF461BFFBF7EFBE1A2462BF4C46EFBE67
:10FE6000265362BF7994EEBE108262BF80E2EDBE7F
:10FE7000D7B062BF6330EDBE7BDF62BF217EECBED8
:10FE8000FC0D63BFBBCBEBBE5A3C63BF3019EBBE6E
:10FE9000956A63BF8166EABEAC9863BFAEB3E9BE44
:10FEA000A1C663BFB700E9BE73F463BF9C4DE8BE53
:10FEB000212264BF5D9AE7BEAC4F64BFFBE6E6BE9D
:10FEC000147D64BF7533E6BE59AA64BFCB7FE5BE1F
:10FED0007BD764BFFECBE4BE790465BF0E18E4BED9
:10FEE000543165BFFA63E3BE0B5E65BFC4AFE2BECB
:10FEF000A08A65BF6AFBE1BE10B765BFEE46E1BEF2
:10FF00005EE365BF4F92E0BE880F66BF8DDDDFBE4A
:10FF10008E3B66BFA928DFBE716766BFA273DEBED7
:10FF2000309366BF79BEDDBECCBE66BF2E09DDBE96
:10FF300045EA66BFC153DCBE991567BF319EDBBE83
:10FF4000CA4067BF80E8DABED86B67BFAD32DABEA1
:10FF5000C19667BFB97CD9BE87C167BFA3C6D8BEEB
:10FF60002AEC67BF6B10D8BEA81668BF135AD7BE5D
:10FF7000034168BF99A3D6BE396B68BFFDECD5BEFF
:10FF80004C9568BF4136D5BE3CBF68BF647FD4BEC8
:10FF900007E968BF67C8D3BEAE1269BF4811D3BEB8
:10FFA000323C69BF095AD2BE916569BFAAA2D1BECF
:10FFB000CC8E69BF2AEBD0BEE4B769BF8A33D0BE0E
:10FFC000D7E069BFCA7BCFBEA7096ABFEAC3CEBE6E
:10FFD00052326ABFEA0BCEBED95A6ABFCA53CDBEEF
:10FFE0003C836ABF8B9BCCBE7BAB6ABF2CE3CBBE92
:10FFF00095D36ABFAE2ACBBE8CFB6ABF1072CABE55
:020000040802F0
:100000005E236BBF53B9C9BE0C4B6BBF7700C9BE33
:1000100095726BBF7C47C8BEFB996BBF628EC7BE33
:100020003BC16BBF29D5C6BE58E86BBFD21BC6BE4D
:10003000500F6CBF5C62C5BE24366CBFC8A8C4BE7E
:10004000D45C6CBF15EFC3BE5E836CBF4435C3BECA
:10005000C5A96CBF557BC2BE07D06CBF48C1C1BE2D
:1000600024F66CBF1E07C1BE1D1C6DBFD54CC0BEA3
:10007000F2416DBF6F92BFBEA1676DBFEBD7BEBE31
:100080002D8D6DBF4A1DBEBE93B26DBF8B62BDBECE
:10009000D5D76DBFAFA7BCBEF2FC6DBFB6ECBBBE83
:1000A000EB216EBFA031BBBEBE466EBF6E76BABE40
:1000B0006D6B6EBF1EBBB9BEF88F6EBFB2FFB8BE10
:1000C0005DB46EBF2A44B8BE9ED86EBF8488B7BEEA
:1000D000BAFC6EBFC3CCB6BEB0206FBFE610B6BED2
:1000E00083446FBFEC54B5BE30686FBFD698B4BEC2
:1000F000B88B6FBFA5DCB3BE1BAF6FBF5820B3BEBC
:100100005AD26FBFEF63B2BE73F56FBF6BA7B1BEBC
:10011000671870BFCBEAB0BE373B70BF102EB0BEC1
:10012000E15D70BF3A71AFBE668070BF49B4AEBECC
:10013000C6A270BF3CF7ADBE02C570BF153AADBEDA
:1001400017E770BFD47CACBE080971BF77BFABBEE8
:10015000D42A71BF0102ABBE7A4C71BF6F44AABEF4
:10016000FB6D71BFC486A9BE578F71BFFEC8A8BE04
:100170008EB071BF1F0BA8BE9FD171BF254DA7BE0A
:100180008CF271BF128FA6BE521372BFE5D0A5BE0E
:10019000F43372BF9F12A5BE705472BF3F54A4BE09
:1001A000C77472BFC595A3BEF89472BF33D7A2BE01
:1001B00004B572BF8718A2BEEBD472BFC259A1BEEC
:1001C000ACF472BFE59AA0BE471473BFEEDB9FBECE
:1001D000BE3373BFDF1C9FBE0E5373BFB85D9EBEA0
:1001E000397273BF789E9DBE3F9173BF20DF9CBE66
:1001F0001FB073BFAF1F9CBED9CE73BF27609BBE1D
:100200006EED73BF86A09ABEDD0B74BFCEE099BEC3
:10021000272A74BFFE2099BE4B4874BF166198BE52
:10022000496674BF17A197BE228474BF00E196BED1
:10023000D5A174BFD22096BE62BF74BF8D6095BE3B
:10024000C9DC74BF31A094BE0BFA74BFBFDF93BE8C
:10025000271775BF351F93BE1D3475BF945E92BEC0
:10026000ED5075BFDD9D91BE976D75BF10DD90BEE1
:100270001C8A75BF2C1C90BE7BA675BF325B8FBEDF
:10028000B3C275BF229A8EBEC6DE75BFFCD88DBEC6
:10029000B3FA75BFC0178DBE7A1676BF6E568CBE88
:1002A0001B3276BF07958BBE974D76BF8AD38ABE29
:1002B000EC6876BFF8118ABE1B8476BF505089BEA9
:1002C000249F76BF938E88BE07BA76BFC1CC87BE07
:1002D000C4D476BFDA0A87BE5BEF76BFDF4886BE3E
:1002E000CC0977BFCE8685BE172477BFAAC484BE4B
:1002F0003C3E77BF700284BE3A5877BF224083BE2F
:10030000137277BFC07D82BEC58B77BF4ABB81BEEB
:1003100051A577BFC0F880BEB7BE77BF223680BE7A
:10032000F7D777BFE1E67EBE10F177BF56617DBE9D
:10033000040A78BFA4DB7BBED12278BFCB557ABE3E
:10034000773B78BFCCCF78BEF85378BFA64977BE4D
:10035000526C78BF5AC375BE868478BFE83C74BEC1
:10036000939C78BF51B672BE7BB478BF942F71BE98
:100370003BCC78BFB2A86FBED6E378BFAB216EBED0
:100380004AFB78BF7F9A6CBE981279BF2F136BBE61
:10039000BF2979BFBA8B69BEC04079BF220468BE4D
:1003A0009A5779BF667C66BE4E6E79BF86F464BE8E
:1003B000DC8479BF836C63BE439B79BF5CE461BE20
:1003C00083B179BF135C60BE9DC779BFA8D35EBE01
:1003D00091DD79BF1A4B5DBE5EF379BF6AC25BBE29
:1003E00004097ABF97395ABE841E7ABFA4B058BE9A
:1003F000DD337ABF8F2757BE10497ABF589E55BE4E
:100400001C5E7ABF011554BE02737ABF898B52BE3F
:10041000C1877ABFF10151BE599C7ABF38784FBE6F
:10042000CBB07ABF60EE4DBE16C57ABF67644CBED6
:100430003AD97ABF4FDA4ABE37ED7ABF185049BE73
:100440000E017BBFC2C547BEBE147BBF4D3B46BE3F
:1004500048287BBFB9B044BEAB3B7BBF072643BE39
:10046000E74E7BBF379B41BEFC617BBF491040BE5E
:10047000EA747BBF3E853EBEB2877BBF15FA3CBEA9
:10048000539A7BBFCF6E3BBECDAC7BBF6CE339BE16
:1004900020BF7BBFEC5738BE4DD17BBF50CC36BEA2
:1004A00053E37BBF984035BE31F57BBFC4B433BE48
:1004B000E9067CBFD42832BE7A187CBFC99C30BE06
:1004C000E5297CBFA2102FBE283B7CBF61842DBED6
:1004D000444C7CBF04F82BBE3A5D7CBF8D6B2ABEBA
:1004E000086E7CBFFCDE28BEB07E7CBF515227BEAA
:1004F000318F7CBF8CC525BE8A9F7CBFAD3824BEA2
:10050000BDAF7CBFB6AB22BEC9BF7CBFA51E21BE9E
:10051000AECF7CBF7B911FBE6CDF7CBF38041EBE9C
:1005200003EF7CBFDE761CBE73FE7CBF6BE91ABE98
:10053000BC0D7DBFE05B19BEDD1C7DBF3DCE17BE8F
:10054000D82B7DBF834016BEAC3A7DBFB2B214BE7D
:1005500059497DBFCA2413BEDE577DBFCC9611BE5C
:100560003D667DBFB70810BE74747DBF8B7A0EBE2A
:1005700085827DBF4AEC0CBE6E907DBFF35D0BBEE5
:10058000309E7DBF86CF09BECCAB7DBF054108BE86
:1005900040B97DBF6EB206BE8CC67DBFC22305BE0C
:1005A000B2D37DBF029503BEB1E07DBF2E0602BE71
:1005B00088ED7DBF457700BE38FA7DBF92D0FDBD86
:1005C000C2067EBF73B2FABD24137EBF2C94F7BD62
:1005D0005E1F7EBFC075F4BD722B7EBF2E57F1BD6E
:1005E0005E377EBF7638EEBD23437EBF9A19EBBDE2
:1005F000C14E7EBF9AFAE7BD385A7EBF76DBE4BDB6
:1006000088657EBF2EBCE1BDB0707EBFC49CDEBDE0
:10061000B17B7EBF377DDBBD8B867EBF895DD8BD5C
:100620003D917EBFB93DD5BDC99B7EBFC81DD2BD22
:100630002DA67EBFB7FDCEBD69B07EBF86DDCBBD2A
:100640007FBA7EBF36BDC8BD6DC47EBFC69CC5BD6A
:1006500034CE7EBF397CC2BDD4D77EBF8D5BBFBDDB
:100660004CE17EBFC33ABCBD9DEA7EBFDD19B9BD7A
:10067000C7F37EBFDAF8B5BDC9FC7EBFBBD7B2BD3C
:10068000A4057FBF80B6AFBD580E7FBF2B95ACBD14
:10069000E4167FBFBA73A9BD491F7FBF3052A6BD04
:1006A00087277FBF8C30A3BD9D2F7FBFCF0EA0BDFE
:1006B0008D377FBFF9EC9CBD543F7FBF0ACB99BDFE
:1006C000F4467FBF05A996BD6D4E7FBFE78693BDFB
:1006D000BF557FBFB46490BDE95C7FBF6A428DBDEA
:1006E000EC637FBF0A208ABDC76A7FBF94FD86BDC9
:1006F0007B717FBF0ADB83BD08787FBF6CB880BD8C
:100700006D7E7FBF742B7BBDAB847FBFE9E574BD7D
:10071000C28A7FBF38A06EBDB1907FBF625A68BDEC
:1007200078967FBF681462BD189C7FBF4CCE5BBDBE
:1007300091A17FBF0E8855BDE3A67FBFAF414FBDDE
:100740000DAC7FBF2FFB48BD0FB17FBF91B442BD41
:10075000EAB57FBFD56D3CBD9EBA7FBFFC2636BDD6
:100760002ABF7FBF07E02FBD8FC37FBFF69829BD8B
:10077000CCC77FBFCC5123BDE2CB7FBF880A1DBD54
:10078000D1CF7FBF2CC316BD98D37FBFB87B10BD20
:1007900037D77FBF2F340ABDAFDA7FBF90EC03BDE0
:1007A00000DE7FBFB949FBBC29E17FBF2DBAEEBC9B
:1007B0002BE47FBF7B2AE2BC05E77FBFA69AD5BCAE
:1007C000B8E97FBFB00AC9BC43EC7FBF9B7ABCBC11
:1007D000A7EE7FBF69EAAFBCE3F07FBF1C5AA3BCA2
:1007E000F8F27FBFB6C996BCE6F47FBF38398ABC41
:1007F000ACF67FBF4B517BBC4AF87FBF003062BC78
:10080000C1F97FBF900E49BC11FB7FBF02ED2FBC29
:1008100039FC7FBF59CB16BC39FD7FBF3053FBBBC2
:1008200013FE7FBF890FC9BBC4FE7FBFC1CB96BB80
:100830004EFF7FBFC70F49BBB1FF7FBFD40FC9BAFF
:10084000ECFF7FBF00000080000080BFD40FC93ADA
:10085000ECFF7FBFC70F493BB1FF7FBFC1CB963BCA
:100860004EFF7FBF890FC93BC4FE7FBF3053FB3BA8
:1008700013FE7FBF59CB163C39FD7FBF02ED2F3CE5
:1008800039FC7FBF900E493C11FB7FBF0030623CBA
:10089000C1F97FBF4B517B3C4AF87FBF38398A3C56
:1008A000ACF67FBFB6C9963CE6F47FBF1C5AA33CAA
:1008B000F8F27FBF69EAAF3CE3F07FBF9B7ABC3CB4
:1008C000A7EE7FBFB00AC93C43EC7FBFA69AD53CD8
:1008D000B8E97FBF7B2AE23C05E77FBF2DBAEE3C3B
:1008E0002BE47FBFB949FB3C29E17FBF90EC033D7E
:1008F00000DE7FBF2F340A3DAFDA7FBFB87B103DEB
:1009000037D77FBF2CC3163D98D37FBF880A1D3DC4
:10091000D1CF7FBFCC51233DE2CB7FBFF698293D9D
:10092000CCC77FBF07E02F3D8FC37FBFFC26363D7E
:100930002ABF7FBFD56D3C3D9EBA7FBF91B4423D7B
:10094000EAB57FBF2FFB483D0FB17FBFAF414F3DA1
:100950000DAC7FBF0E88553DE3A67FBF4CCE5B3DFF
:1009600091A17FBF6814623D189C7FBF625A683DA9
:1009700078967FBF38A06E3DB1907FBFE9E5743DAA
:10098000C28A7FBF742B7B3DAB847FBF6CB8803D38
:100990006D7E7FBF0ADB833D08787FBF94FD863D77
:1009A0007B717FBF0A208A3DC76A7FBF6A428D3D47
:1009B000EC637FBFB464903DE95C7FBFE786933D05
:1009C000BF557FBF05A9963D6D4E7FBF0ACB993DB0
:1009D000F4467FBFF9EC9C3D543F7FBFCF0EA03D56
:1009E0008D377FBF8C30A33D9D2F7FBF3052A63DFA
:1009F00087277FBFBA73A93D491F7FBF2B95AC3DA9
:100A0000E4167FBF80B6AF3D580E7FBFBBD7B23D67
:100A1000A4057FBFDAF8B53DC9FC7EBFDD19B93D3D
:100A2000C7F37EBFC33ABC3D9DEA7EBF8D5BBF3D31
:100A30004CE17EBF397CC23DD4D77EBFC69CC53D4C
:100A400034CE7EBF36BDC83D6DC47EBF86DDCB3D96
:100A50007FBA7EBFB7FDCE3D69B07EBFC81DD23D17
:100A60002DA67EBFB93DD53DC99B7EBF895DD83DD2
:100A70003D917EBF377DDB3D8B867EBFC49CDE3DD6
:100A8000B17B7EBF2EBCE13DB0707EBF76DBE43D26
:100A900088657EBF9AFAE73D385A7EBF9A19EB3DCA
:100AA000C14E7EBF7638EE3D23437EBF2E57F13DCB
:100AB0005E377EBFC075F43D722B7EBF2C94F73D30
:100AC0005E1F7EBF73B2FA3D24137EBF92D0FD3D00
:100AD000C2067EBF4577003E38FA7DBF2E06023E35
:100AE00088ED7DBF0295033EB1E07DBFC223053E88
:100AF000B2D37DBF6EB2063E8CC67DBF0541083EB7
:100B000040B97DBF86CF093ECCAB7DBFF35D0B3EC8
:100B1000309E7DBF4AEC0C3E6E907DBF8B7A0E3EC0
:100B200085827DBFB708103E74747DBFCC96113EA0
:100B30003D667DBFCA24133EDE577DBFB2B2143E70
:100B400059497DBF8340163EAC3A7DBF3DCE173E2E
:100B5000D82B7DBFE05B193EDD1C7DBF6BE91A3EE3
:100B6000BC0D7DBFDE761C3E73FE7CBF38041E3E8E
:100B700003EF7CBF7B911F3E6CDF7CBFA51E213E37
:100B8000AECF7CBFB6AB223EC9BF7CBFAD38243EE2
:100B9000BDAF7CBF8CC5253E8A9F7CBF5152273E8E
:100BA000318F7CBFFCDE283EB07E7CBF8D6B2A3E41
:100BB000086E7CBF04F82B3E3A5D7CBF61842D3EFD
:100BC000444C7CBFA2102F3E283B7CBFC99C303ECA
:100BD000E5297CBFD428323E7A187CBFC4B4333EAA
:100BE000E9067CBF9840353E31F57BBF50CC363EA0
:100BF00053E37BBFEC57383E4DD17BBF6CE3393EAE
:100C000020BF7BBFCF6E3B3ECDAC7BBF15FA3C3ED9
:100C1000539A7BBF3E853E3EB2877BBF4910403E24
:100C2000EA747BBF379B413EFC617BBF0726433E96
:100C3000E74E7BBFB9B0443EAB3B7BBF4D3B463E2E
:100C400048287BBFC2C5473EBE147BBF1850493EF3
:100C50000E017BBF4FDA4A3E37ED7ABF67644C3EE8
:100C60003AD97ABF60EE4D3E16C57ABF38784F3E0E
:100C7000CBB07ABFF101513E599C7ABF898B523E6D
:100C8000C1877ABF0115543E02737ABF589E553E04
:100C90001C5E7ABF8F27573E10497ABFA4B0583EDA
:100CA000DD337ABF97395A3E841E7ABF6AC25B3EF3
:100CB00004097ABF1A4B5D3E5EF379BFA8D35E3E4E
:100CC00091DD79BF135C603E9DC779BF5CE4613EF6
:100CD00083B179BF836C633E439B79BF86F4643EE6
:100CE000DC8479BF667C663E4E6E79BF2204683E26
:100CF0009A5779BFBA8B693EC04079BF2F136B3EBC
:100D0000BF2979BF7F9A6C3E981279BFAB216E3EA6
:100D10004AFB78BFB2A86F3ED6E378BF942F713EEE
:100D20003BCC78BF51B6723E7BB478BFE83C743E92
:100D3000939C78BF5AC3753E868478BFA649773E98
:100D4000526C78BFCCCF783EF85378BFCB557A3E03
:100D5000773B78BFA4DB7B3ED12278BF56617D3ED6
:100D6000040A78BFE1E67E3E10F177BF2236803E6E
:100D7000F7D777BFC0F8803EB7BE77BF4ABB813E8A
:100D800051A577BFC07D823EC58B77BF2240833E91
:100D9000137277BF7002843E3A5877BFAAC4843E6C
:100DA0003C3E77BFCE86853E172477BFDF48863E20
:100DB000CC0977BFDA0A873E5BEF76BFC1CC873EAE
:100DC000C4D476BF938E883E07BA76BF5050893E12
:100DD000249F76BFF8118A3E1B8476BF8AD38A3E51
:100DE000EC6876BF07958B3E974D76BF6E568C3E6E
:100DF0001B3276BFC0178D3E7A1676BFFCD88D3E6B
:100E0000B3FA75BF229A8E3EC6DE75BF325B8F3E47
:100E1000B3C275BF2C1C903E7BA675BF10DD903E03
:100E20001C8A75BFDD9D913E976D75BF945E923EA5
:100E3000ED5075BF351F933E1D3475BFBFDF933E28
:100E4000271775BF31A0943E0BFA74BF8D60953E95
:100E5000C9DC74BFD220963E62BF74BF00E1963EEB
:100E6000D5A174BF17A1973E228474BF1661983E26
:100E7000496674BFFE20993E4B4874BFCEE0993E50
:100E8000272A74BF86A09A3EDD0B74BF27609B3E65
:100E90006EED73BFAF1F9C3ED9CE73BF20DF9C3E6B
:100EA0001FB073BF789E9D3E3F9173BFB85D9E3E5D
:100EB000397273BFDF1C9F3E0E5373BFEEDB9F3E44
:100EC000BE3373BFE59AA03E471473BFC259A13E1B
:100ED000ACF472BF8718A23EEBD472BF33D7A23EE8
:100EE00004B572BFC595A33EF89472BF3F54A43EAB
:100EF000C77472BF9F12A53E705472BFE5D0A53E65
:100F0000F43372BF128FA63E521372BF254DA73E17
:100F10008CF271BF1F0BA83E9FD171BFFEC8A83EC7
:100F20008EB071BFC486A93E578F71BF6F44AA3E71
:100F3000FB6D71BF0102AB3E7A4C71BF77BFAB3E18
:100F4000D42A71BFD47CAC3E080971BF153AAD3EBE
:100F500017E770BF3CF7AD3E02C570BF49B4AE3E67
:100F6000C6A270BF3A71AF3E668070BF102EB03E11
:100F7000E15D70BFCBEAB03E373B70BF6BA7B13EBF
:100F8000671870BFEF63B23E73F56FBF5820B33E72
:100F90005AD26FBFA5DCB33E1BAF6FBFD698B43E2D
:100FA000B88B6FBFEC54B53E30686FBFE610B63EED
:100FB00083446FBFC3CCB63EB0206FBF8488B73EBA
:100FC000BAFC6EBF2A44B83E9ED86EBFB2FFB83E90
:100FD0005DB46EBF1EBBB93EF88F6EBF6E76BA3E73
:100FE0006D6B6EBFA031BB3EBE466EBFB6ECBB3E66
:100FF000EB216EBFAFA7BC3EF2FC6DBF8B62BD3E66
:10100000D5D76DBF4A1DBE3E93B26DBFEBD7BE3E76
:101010002D8D6DBF6F92BF3EA1676DBFD54CC03E99
:10102000F2416DBF1E07C13E1D1C6DBF48C1C13ED0
:1010300024F66CBF557BC23E07D06CBF4435C33E1F
:10104000C5A96CBF15EFC33E5E836CBFC8A8C43E84
:10105000D45C6CBF5C62C53E24366CBFD21BC63EFE
:10106000500F6CBF29D5C63E58E86BBF628EC73E95
:101070003BC16BBF7C47C83EFB996BBF7700C93E45
:1010800095726BBF53B9C93E0C4B6BBF1072CA3E11
:101090005E236BBFAE2ACB3E8CFB6ABF2CE3CB3EFC
:1010A00095D36ABF8B9BCC3E7BAB6ABFCA53CD3E08
:1010B0003C836ABFEA0BCE3ED95A6ABFEAC3CE3E32
:1010C00052326ABFCA7BCF3EA7096ABF8A33D03E7D
:1010D000D7E069BF2AEBD03EE4B769BFAAA2D13EF0
:1010E000CC8E69BF095AD23E916569BF4811D33E83
:1010F000323C69BF67C8D33EAE1269BF647FD43E3D
:1011000007E968BF4136D53E3CBF68BFFDECD53E20
:101110004C9568BF99A3D63E396B68BF135AD73E2A
:10112000034168BF6B10D83EA81668BFA3C6D83E5F
:101130002AEC67BFB97CD93E87C167BFAD32DA3EC2
:10114000C19667BF80E8DA3ED86B67BF319EDB3E51
:10115000CA4067BFC153DC3E991567BF2E09DD3E0B
:1011600045EA66BF79BEDD3ECCBE66BFA273DE3EF9
:10117000309366BFA928DF3E716766BF8DDDDF3E15
:101180008E3B66BF4F92E03E880F66BFEE46E13E63
:101190005EE365BF6AFBE13E10B765BFC4AFE23EE8
:1011A000A08A65BFFA63E33E0B5E65BF0E18E43E9E
:1011B000543165BFFECBE43E790465BFCB7FE53E8D
:1011C0007BD764BF7533E63E59AA64BFFBE6E63EB3
:1011D000147D64BF5D9AE73EAC4F64BF9C4DE83E12
:1011E000212264BFB700E93E73F463BFAEB3E93EAA
:1011F000A1C663BF8166EA3EAC9863BF3019EB3E7F
:10120000956A63BFBBCBEB3E5A3C63BF217EEC3E8D
:10121000FC0D63BF6330ED3E7BDF62BF80E2ED3EDD
:10122000D7B062BF7994EE3E108262BF4C46EF3E6B
:10123000265362BFFBF7EF3E1A2462BF85A9F03E3A
:10124000EAF461BFEA5AF13E98C561BF290CF23E4B
:10125000229661BF43BDF23E8A6661BF386EF33E9F
:10126000D03661BF071FF43EF20661BFB1CFF43E36
:10127000F2D660BF3580F53ECFA660BF9330F63E14
:10128000897660BFCBE0F63E214660BFDC90F73E3A
:10129000961560BFC840F83EE9E45FBF8EF0F83EA7
:1012A00019B45FBF2DA0F93E27835FBFA54FFA3E5B
:1012B00012525FBFF7FEFA3EDB205FBF22AEFB3E5D
:1012C00081EF5EBF275DFC3E05BE5EBF040CFD3EA8
:1012D000678C5EBFBBBAFD3EA65A5EBF4A69FE3E42
:1012E000C3285EBFB217FF3EBEF65DBFF3C5FF3E2B
:1012F00097C45DBF063A003F4D925DBFFF90003F2F
:10130000E15F5DBFE4E7003F532D5DBFB53E013FA8
:10131000A3FA5CBF7395013FD1C75CBF1CEC013FD2
:10132000DD945CBFB142023FC7615CBF3299023FAE
:101330008E2E5CBF9FEF023F34FB5BBFF845033F3F
:10134000B8C75BBF3D9C033F1A945BBF6DF2033F80
:101350005A605BBF8948043F792C5BBF919E043F74
:1013600075F85ABF84F4043F50C45ABF624A053F1F
:1013700009905ABF2CA0053FA05B5ABFE2F5053F7C
:1013800016275ABF824B063F6AF259BF0EA1063F8D
:101390009CBD59BF86F6063FAD8859BFE84B073F55
:1013A0009C5359BF36A1073F6A1E59BF6FF6073FCE
:1013B00017E958BF924B083FA1B358BFA1A0083FFF
:1013C0000B7E58BF9BF5083F534858BF7F4A093FE3
:1013D000791258BF4E9F093F7FDC57BF09F4093F80
:1013E00063A657BFAD480A3F267057BF3D9D0A3FD1
:1013F000C73957BFB7F10A3F480357BF1C460B3FD9
:10140000A7CC56BF6B9A0B3FE59556BFA5EE0B3F99
:10141000025F56BFC9420C3FFE2756BFD7960C3F0E
:10142000D9F055BFD0EA0C3F93B955BFB33E0D3F3D
:101430002C8255BF81920D3FA44A55BF38E60D3F1F
:10144000FB1255BFDA390E3F31DB54BF658D0E3FBD
:1014500047A354BFDBE00E3F3B6B54BF3B340F3F11
:101460000F3354BF84870F3FC3FA53BFB8DA0F3F1F
:1014700055C253BFD52D103FC78953BFDC80103FE5
:10148000185153BFCDD3103F491853BFA726113F62
:1014900059DF52BF6B79113F49A652BF19CC113F9A
:1014A000186D52BFB01E123FC63352BF3071123F8B
:1014B00054FA51BF9AC3123FC2C051BFEE15133F39
:1014C000108751BF2A68133F3D4D51BF50BA133F9B
:1014D0004A1351BF5F0C143F37D950BF585E143FB9
:1014E000039F50BF39B0143FAF6450BF0402153F93
:1014F0003B2A50BFB753153FA8EF4FBF54A5153F28
:10150000F4B44FBFD9F6153F1F7A4FBF4748163F77
:101510002B3F4FBF9F99163F17044FBFDFEA163F7F
:10152000E4C84EBF073C173F908D4EBF188D173F44
:101530001C524EBF12DE173F89164EBFF52E183FC4
:10154000D5DA4DBFC07F183F029F4DBF73D0183F03
:1015500010634DBF0F21193FFD264DBF9471193FF8
:10156000CBEA4CBF00C2193F79AE4CBF55121A3FAF
:1015700008724CBF93621A3F78354CBFB8B21A3F1D
:10158000C7F84BBFC6021B3FF8BB4BBFBB521B3F4C
:10159000097F4BBF99A21B3FFA414BBF5FF21B3F34
:1015A000CC044BBF0C421C3F7FC74ABFA2911C3FDB
:1015B000138A4ABF1FE11C3F874C4ABF84301D3F3E
:1015C000DC0E4ABFD17F1D3F12D149BF06CF1D3F60
:1015D000299349BF221E1E3F215549BF266D1E3F3C
:1015E000FA1649BF12BC1E3FB3D848BFE50A1F3FD9
:1015F0004E9A48BF9F591F3FCA5B48BF41A81F3F33
:10160000271D48BFCBF61F3F65DE47BF3B45203F48
:10161000849F47BF9393203F856047BFD2E1203F1F
:10162000672147BFF92F213F2AE246BF067E213FAF
:10163000CEA246BFFBCB213F546346BFD719223F02
:10164000BB2346BF9967223F03E445BF43B5223F12
:101650002DA445BFD302233F396445BF4B50233FE0
:10166000262445BFA99D233FF5E344BFEEEA233F6F
:10167000A5A344BF1A38243F376344BF2C85243FB9
:10168000AB2244BF25D2243F00E243BF041F253FC5
:1016900038A143BFCB6B253F516043BF77B8253F8F
:1016A0004C1F43BF0A05263F29DE42BF8451263F17
:1016B000E89C42BFE39D263F895B42BF2AEA263F62
:1016C0000B1A42BF5636273F70D841BF6882273F6A
:1016D000B79641BF61CE273FE15441BF401A283F32
:1016E000EC1241BF0566283FDAD040BFB0B1283FB9
:1016F000A98E40BF41FD283F5C4C40BFB848293F00
:10170000F00940BF1594293F67C73FBF57DF293F06
:10171000C0843FBF802A2A3FFC413FBF8E752A3FCD
:101720001BFF3EBF82C02A3F1BBC3EBF5B0B2B3F53
:10173000FF783EBF1B562B3FC5353EBFBFA02B3F9A
:101740006EF23DBF4AEB2B3FF9AE3DBFB9352C3FA2
:10175000676B3DBF0F802C3FB8273DBF49CA2C3F68
:10176000ECE33CBF69142D3F03A03CBF6F5E2D3FEF
:10177000FC5B3CBF59A82D3FD9173CBF29F22D3F38
:1017800098D33BBFDE3B2E3F3B8F3BBF78852E3F40
:10179000C14A3BBFF7CE2E3F29063BBF5B182F3F08
:1017A00075C13ABFA5612F3FA47C3ABFD3AA2F3F92
:1017B000B7373ABFE6F32F3FACF239BFDE3C303FDC
:1017C00085AD39BFBB85303F426839BF7CCE303FE5
:1017D000E12239BF2217313F65DD38BFAD5F313FB0
:1017E000CB9738BF1DA8313F165238BF71F0313F3B
:1017F000430C38BFAA38323F55C637BFC780323F87
:101800004A8037BFC9C8323F233A37BFAF10333F92
:10181000DFF336BF7A58333F7FAD36BF29A0333F61
:10182000046736BFBCE7333F6C2036BF342F343FEC
:10183000B8D935BF8F76343FE79235BFCFBD343F3F
:10184000FB4B35BFF304353FF30435BFFB4B353F4E
:10185000CFBD34BFE792353F8F7634BFB8D9353F1F
:10186000342F34BF6C20363FBCE733BF0467363FAC
:1018700029A033BF7FAD363F7A5833BFDFF3363F01
:10188000AF1033BF233A373FC9C832BF4A80373F12
:10189000C78032BF55C6373FAA3832BF430C383FE6
:1018A00071F031BF1652383F1DA831BFCB97383F7A
:1018B000AD5F31BF65DD383F221731BFE122393FCF
:1018C0007CCE30BF4268393FBB8530BF85AD393FE4
:1018D000DE3C30BFACF2393FE6F32FBFB7373A3FBB
:1018E000D3AA2FBFA47C3A3FA5612FBF75C13A3F51
:1018F0005B182FBF29063B3FF7CE2EBFC14A3B3FA7
:1019000078852EBF3B8F3B3FDE3B2EBF98D33B3FBE
:1019100029F22DBFD9173C3F59A82DBFFC5B3C3F96
:101920006F5E2DBF03A03C3F69142DBFECE33C3F2D
:1019300049CA2CBFB8273D3F0F802CBF676B3D3F86
:10194000B9352CBFF9AE3D3F4AEB2BBF6EF23D3FA0
:10195000BFA02BBFC5353E3F1B562BBFFF783E3F78
:101960005B0B2BBF1BBC3E3F82C02ABF1BFF3E3F11
:101970008E752ABFFC413F3F802A2ABFC0843F3F6B
:1019800057DF29BF67C73F3F159429BFF009403F84
:10199000B84829BF5C4C403F41FD28BFA98E403F5D
:1019A000B0B128BFDAD0403F056628BFEC12413FF6
:1019B000401A28BFE154413F61CE27BFB796413F4F
:1019C000688227BF70D8413F563627BF0B1A423F67
:1019D0002AEA26BF895B423FE39D26BFE89C423F3F
:1019E000845126BF29DE423F0A0526BF4C1F433FD4
:1019F00077B825BF5160433FCB6B25BF38A1433F2C
:101A0000041F25BF00E2433F25D224BFAB22443F41
:101A10002C8524BF3763443F1A3824BFA5A3443F15
:101A2000EEEA23BFF5E3443FA99D23BF2624453FAB
:101A30004B5023BF3964453FD30223BF2DA4453FFC
:101A400043B522BF03E4453F996722BFBB23463F0E
:101A5000D71922BF5463463FFBCB21BFCEA2463FDE
:101A6000067E21BF2AE2463FF92F21BF6721473F6B
:101A7000D2E120BF8560473F939320BF849F473FBB
:101A80003B4520BF65DE473FCBF61FBF271D483FC4
:101A900041A81FBFCA5B483F9F591FBF4E9A483F8E
:101AA000E50A1FBFB3D8483F12BC1EBFFA16493F14
:101AB000266D1EBF2155493F221E1EBF2993493F57
:101AC00006CF1DBF12D1493FD17F1DBFDC0E4A3F5B
:101AD00084301DBF874C4A3F1FE11CBF138A4A3F19
:101AE000A2911CBF7FC74A3F0C421CBFCC044B3F96
:101AF0005FF21BBFFA414B3F99A21BBF097F4B3FCF
:101B0000BB521BBFF8BB4B3FC6021BBFC7F84B3FC6
:101B1000B8B21ABF78354C3F93621ABF08724C3F77
:101B200055121ABF79AE4C3F00C219BFCBEA4C3FE9
:101B3000947119BFFD264D3F0F2119BF10634D3F12
:101B400073D018BF029F4D3FC07F18BFD5DA4D3FFD
:101B5000F52E18BF89164E3F12DE17BF1C524E3F9E
:101B6000188D17BF908D4E3F073C17BFE4C84E3FFE
:101B7000DFEA16BF17044F3F9F9916BF2B3F4F3F19
:101B8000474816BF1F7A4F3FD9F615BFF4B44F3FF1
:101B900054A515BFA8EF4F3FB75315BF3B2A503F81
:101BA000040215BFAF64503F39B014BF039F503FCC
:101BB000585E14BF37D9503F5F0C14BF4A13513FD2
:101BC00050BA13BF3D4D513F2A6813BF1087513F94
:101BD000EE1513BFC2C0513F9AC312BF54FA513F12
:101BE000307112BFC633523FB01E12BF186D523F44
:101BF00019CC11BF49A6523F6B7911BF59DF523F33
:101C0000A72611BF4918533FCDD310BF1851533FDA
:101C1000DC8010BFC789533FD52D10BF55C2533F3D
:101C2000B8DA0FBFC3FA533F84870FBF0F33543F57
:101C30003B340FBF3B6B543FDBE00EBF47A3543F29
:101C4000658D0EBF31DB543FDA390EBFFB12553FB5
:101C500038E60DBFA44A553F81920DBF2C82553FF7
:101C6000B33E0DBF93B9553FD0EA0CBFD9F0553FF5
:101C7000D7960CBFFE27563FC9420CBF025F563FA6
:101C8000A5EE0BBFE595563F6B9A0BBFA7CC563F11
:101C90001C460BBF4803573FB7F10ABFC739573F30
:101CA0003D9D0ABF2670573FAD480ABF63A6573F08
:101CB00009F409BF7FDC573F4E9F09BF7912583F97
:101CC0007F4A09BF5348583F9BF508BF0B7E583FDA
:101CD000A1A008BFA1B3583F924B08BF17E9583FD6
:101CE0006FF607BF6A1E593F36A107BF9C53593F85
:101CF000E84B07BFAD88593F86F606BF9CBD593FEC
:101D00000EA106BF6AF2593F824B06BF16275A3F03
:101D1000E2F505BFA05B5A3F2CA005BF09905A3FD2
:101D2000624A05BF50C45A3F84F404BF75F85A3F55
:101D3000919E04BF792C5B3F894804BF5A605B3F8A
:101D40006DF203BF1A945B3F3D9C03BFB8C75B3F76
:101D5000F84503BF34FB5B3F9FEF02BF8E2E5C3F15
:101D6000329902BFC7615C3FB14202BFDD945C3F64
:101D70001CEC01BFD1C75C3F739501BFA3FA5C3F68
:101D8000B53E01BF532D5D3FE4E700BFE15F5D3F1E
:101D9000FF9000BF4D925D3F063A00BF97C45D3F84
:101DA000F3C5FFBEBEF65D3FB217FFBEC3285E3F60
:101DB0004A69FEBEA65A5E3FBBBAFDBE678C5E3F57
:101DC000040CFDBE05BE5E3F275DFCBE81EF5E3F9D
:101DD00022AEFBBEDB205F3FF7FEFABE12525F3F32
:101DE000A54FFABE27835F3F2DA0F9BE19B45F3F10
:101DF0008EF0F8BEE9E45F3FC840F8BE9615603F3C
:101E0000DC90F7BE2146603FCBE0F6BE8976603FAE
:101E10009330F6BECFA6603F3580F5BEF2D6603F68
:101E2000B1CFF4BEF206613F071FF4BED036613F6A
:101E3000386EF3BE8A66613F43BDF2BE2296613FB3
:101E4000290CF2BE98C5613FEA5AF1BEEAF4613F3F
:101E500085A9F0BE1A24623FFBF7EFBE2653623F0E
:101E60004C46EFBE1082623F7994EEBED7B0623F1F
:101E700080E2EDBE7BDF623F6330EDBEFC0D633F71
:101E8000217EECBE5A3C633FBBCBEBBE956A633F01
:101E90003019EBBEAC98633F8166EABEA1C6633FD2
:101EA000AEB3E9BE73F4633FB700E9BE2122643FDD
:101EB0009C4DE8BEAC4F643F5D9AE7BE147D643F25
:101EC000FBE6E6BE59AA643F7533E6BE7BD7643FA6
:101ED000CB7FE5BE7904653FFECBE4BE5431653F60
:101EE0000E18E4BE0B5E653FFA63E3BEA08A653F51
:101EF000C4AFE2BE10B7653F6AFBE1BE5EE3653F7B
:101F0000EE46E1BE880F663F4F92E0BE8E3B663FD5
:101F10008DDDDFBE7167663FA928DFBE3093663F67
:101F2000A273DEBECCBE663F79BEDDBE45EA663F2B
:101F30002E09DDBE9915673FC153DCBECA40673F1D
:101F4000319EDBBED86B673F80E8DABEC196673F43
:101F5000AD32DABE87C1673FB97CD9BE2AEC673F94
:101F6000A3C6D8BEA816683F6B10D8BE0341683F11
:101F7000135AD7BE396B683F99A3D6BE4C95683FBC
:101F8000FDECD5BE3CBF683F4136D5BE07E9683F92
:101F9000647FD4BEAE12693F67C8D3BE323C693F8E
:101FA0004811D3BE9165693F095AD2BECC8E693FB4
:101FB000AAA2D1BEE4B7693F2AEBD0BED7E0693F01
:101FC0008A33D0BEA7096A3FCA7BCFBE52326A3F6E
:101FD000EAC3CEBED95A6A3FEA0BCEBE3C836A3F03
:101FE000CA53CDBE7BAB6A3F8B9BCCBE95D36A3FB9
:101FF0002CE3CBBE8CFB6A3FAE2ACBBE5E236B3F8D
:102000001072CABE0C4B6B3F53B9C9BE95726B3F81
:102010007700C9BEFB996B3F7C47C8BE3BC16B3F95
:10202000628EC7BE58E86B3F29D5C6BE500F6C3FC5
:10203000D21BC6BE24366C3F5C62C5BED45C6C3F0E
:10204000C8A8C4BE5E836C3F15EFC3BEC5A96C3F74
:102050004435C3BE07D06C3F557BC2BE24F66C3FEF
:1020600048C1C1BE1D1C6D3F1E07C1BEF2416D3F80
:10207000D54CC0BEA1676D3F6F92BFBE2D8D6D3F29
:10208000EBD7BEBE93B26D3F4A1DBEBED5D76D3FE6
:102090008B62BDBEF2FC6D3FAFA7BCBEEB216E3FB5
:1020A000B6ECBBBEBE466E3FA031BBBE6D6B6E3F95
:1020B0006E76BABEF88F6E3F1EBBB9BE5DB46E3F82
:1020C000B2FFB8BE9ED86E3F2A44B8BEBAFC6E3F7F
:1020D0008488B7BEB0206F3FC3CCB6BE83446F3F89
:1020E000E610B6BE30686F3FEC54B5BEB88B6F3F9C
:1020F000D698B4BE1BAF6F3FA5DCB3BE5AD26F3FBC
:102100005820B3BE73F56F3FEF63B2BE6718703FE0
:102110006BA7B1BE373B703FCBEAB0BEE15D703F0D
:10212000102EB0BE6680703F3A71AFBEC6A2703F3F
:1021300049B4AEBE02C5703F3CF7ADBE17E7703F75
:10214000153AADBE0809713FD47CACBED42A713FAC
:1021500077BFABBE7A4C713F0102ABBEFB6D713FE6
:102160006F44AABE578F713FC486A9BE8EB0713F1F
:10217000FEC8A8BE9FD1713F1F0BA8BE8CF2713F55
:10218000254DA7BE5213723F128FA6BEF433723F85
:10219000E5D0A5BE7054723F9F12A5BEC774723FB2
:1021A0003F54A4BEF894723FC595A3BE04B5723FD8
:1021B00033D7A2BEEBD4723F8718A2BEACF4723FF5
:1021C000C259A1BE4714733FE59AA0BEBE33733F08
:1021D000EEDB9FBE0E53733FDF1C9FBE3972733F11
:1021E000B85D9EBE3F91733F789E9DBE1FB0733F0A
:1021F00020DF9CBED9CE733FAF1F9CBE6EED733FF8
:1022000027609BBEDD0B743F86A09ABE272A743FD1
:10221000CEE099BE4B48743FFE2099BE4966743F9C
:10222000166198BE2284743F17A197BED5A1743F52
:1022300000E196BE62BF743FD22096BEC9DC743FF7
:102240008D6095BE0BFA743F31A094BE2717753F81
:10225000BFDF93BE1D34753F351F93BEED50753FF4
:10226000945E92BE976D753FDD9D91BE1C8A753F51
:1022700010DD90BE7BA6753F2C1C90BEB3C2753F8F
:10228000325B8FBEC6DE753F229A8EBEB3FA753FB3
:10229000FCD88DBE7A16763FC0178DBE1B32763FB6
:1022A0006E568CBE974D763F07958BBEEC68763F99
:1022B0008AD38ABE1B84763FF8118ABE249F763F5C
:1022C000505089BE07BA763F938E88BEC4D4763FFD
:1022D000C1CC87BE5BEF763FDA0A87BECC09773F79
:1022E000DF4886BE1724773FCE8685BE3C3E773FCB
:1022F000AAC484BE3A58773F700284BE1372773FF7
:10230000224083BEC58B773FC07D82BE51A5773FFB
:102310004ABB81BEB7BE773FC0F880BEF7D7773FD4
:10232000223680BE10F1773FE1E67EBE040A783F98
:1023300056617DBED122783FA4DB7BBE773B783FE0
:10234000CB557ABEF853783FCCCF78BE526C783FED
:10235000A64977BE8684783F5AC375BE939C783F62
:10236000E83C74BE7BB4783F51B672BE3BCC783F3C
:10237000942F71BED6E3783FB2A86FBE4AFB783F78
:10238000AB216EBE9812793F7F9A6CBEBF29793F10
:102390002F136BBEC040793FBA8B69BE9A57793F05
:1023A000220468BE4E6E793F667C66BEDC84793F4F
:1023B00086F464BE439B793F836C63BE83B1793FEF
:1023C0005CE461BE9DC7793F135C60BE91DD793FDF
:1023D000A8D35EBE5EF3793F1A4B5DBE04097A3F17
:1023E0006AC25BBE841E7A3F97395ABEDD337A3F9C
:1023F000A4B058BE10497A3F8F2757BE1C5E7A3F63
:10240000589E55BE02737A3F011554BEC1877A3F6C
:10241000898B52BE599C7A3FF10151BECBB07A3FB5
:1024200038784FBE16C57A3F60EE4DBE3AD97A3F36
:1024300067644CBE37ED7A3F4FDA4ABE0E017B3FF0
:10244000185049BEBE147B3FC2C547BE48287B3FDB
:102450004D3B46BEAB3B7B3FB9B044BEE74E7B3FF6
:10246000072643BEFC617B3F379B41BEEA747B3F3E
:10247000491040BEB2877B3F3E853EBE539A7B3FAC
:1024800015FA3CBECDAC7B3FCF6E3BBE20BF7B3F41
:102490006CE339BE4DD17B3FEC5738BE53E37B3FF5
:1024A00050CC36BE31F57B3F984035BEE9067C3FC7
:1024B000C4B433BE7A187C3FD42832BEE5297C3FB1
:1024C000C99C30BE283B7C3FA2102FBE444C7C3FB1
:1024D00061842DBE3A5D7C3F04F82BBE086E7C3FC4
:1024E0008D6B2ABEB07E7C3FFCDE28BE318F7C3FE8
:1024F000515227BE8A9F7C3F8CC525BEBDAF7C3F15
:10250000AD3824BEC9BF7C3FB6AB22BEAECF7C3F48
:10251000A51E21BE6CDF7C3F7B911FBE03EF7C3F7D
:1025200038041EBE73FE7C3FDE761CBEBC0D7D3FB4
:102530006BE91ABEDD1C7D3FE05B19BED82B7D3FE9
:102540003DCE17BEAC3A7D3F834016BE59497D3F14
:10255000B2B214BEDE577D3FCA2413BE3D667D3F36
:10256000CC9611BE74747D3FB70810BE85827D3F46
:102570008B7A0EBE6E907D3F4AEC0CBE309E7D3F46
:10258000F35D0BBECCAB7D3F86CF09BE40B97D3F2E
:10259000054108BE8CC67D3F6EB206BEB2D37D3FFC
:1025A000C22305BEB1E07D3F029503BE88ED7D3FAD
:1025B0002E0602BE38FA7D3F457700BEC2067E3F3A
:1025C00092D0FDBD24137E3F73B2FABD5E1F7E3FE5
:1025D0002C94F7BD722B7E3FC075F4BD5E377E3FF5
:1025E0002E57F1BD23437E3F7638EEBDC14E7E3F70
:1025F0009A19EBBD385A7E3F9AFAE7BD88657E3F4F
:1026000076DBE4BDB0707E3F2EBCE1BDB17B7E3F8A
:10261000C49CDEBD8B867E3F377DDBBD3D917E3F1A
:10262000895DD8BDC99B7E3FB93DD5BD2DA67E3FF6
:10263000C81DD2BD69B07E3FB7FDCEBD7FBA7E3F1B
:1026400086DDCBBD6DC47E3F36BDC8BD34CE7E3F7A
:10265000C69CC5BDD4D77E3F397CC2BD4CE17E3F10
:102660008D5BBFBD9DEA7E3FC33ABCBDC7F37E3FD5
:10267000DD19B9BDC9FC7E3FDAF8B5BDA4057F3FC1
:10268000BBD7B2BD580E7F3F80B6AFBDE4167F3FCB
:102690002B95ACBD491F7F3FBA73A9BD87277F3FEC
:1026A0003052A6BD9D2F7F3F8C30A3BD8D377F3F1D
:1026B000CF0EA0BD543F7F3FF9EC9CBDF4467F3F59
:1026C0000ACB99BD6D4E7F3F05A996BDBF557F3F93
:1026D000E78693BDE95C7F3FB46490BDEC637F3FC8
:1026E0006A428DBDC76A7F3F0A208ABD7B717F3FEA
:1026F00094FD86BD08787F3F0ADB83BD6D7E7F3FFA
:102700006CB880BDAB847F3F742B7BBDC28A7F3F9A
:10271000E9E574BDB1907F3F38A06EBD78967F3FEC
:10272000625A68BD189C7F3F681462BD91A17F3FCB
:102730004CCE5BBDE3A67F3F0E8855BD0DAC7F3F01
:10274000AF414FBD0FB17F3F2FFB48BDEAB57F3F83
:1027500091B442BD9EBA7F3FD56D3CBD2ABF7F3F3D
:10276000FC2636BD8FC37F3F07E02FBDCCC77F3F20
:10277000F69829BDE2CB7F3FCC5123BDD1CF7F3F1F
:10278000880A1DBD98D37F3F2CC316BD37D77F3F26
:10279000B87B10BDAFDA7F3F2F340ABD00DE7F3F2C
:1027A00090EC03BD29E17F3FB949FBBC2BE47F3F9F
:1027B0002DBAEEBC05E77F3F7B2AE2BCB8E97F3F3C
:1027C000A69AD5BC43EC7F3FB00AC9BCA7EE7F3FB9
:1027D0009B7ABCBCE3F07F3F69EAAFBCF8F27F3F75
:1027E0001C5AA3BCE6F47F3FB6C996BCACF67F3F4B
:1027F00038398ABC4AF87F3F4B517BBCC1F97F3FD7
:10280000003062BC11FB7F3F900E49BC39FC7F3F1A
:1028100002ED2FBC39FD7F3F59CB16BC13FE7F3F25
:102820003053FBBBC4FE7F3F890FC9BB4EFF7F3FC8
:10283000C1CB96BBB1FF7F3FC70F49BBECFF7F3FCA
:10284000D40FC9BA5245454E54206D616C6C6F630C
:1028500020737563636565646564002F6275696CD8
:10286000642F676E752D746F6F6C732D666F722D8C
:1028700073746D33325F31322E332E72656C312EAC
:1028800032303234303932362D313731352F7372A0
:10289000632F6E65776C69622F6E65776C69622F46
:1028A0006C6962632F7374646C69622F72616E6409
:1028B0002E6300494E4600696E66004E414E006E22
:1028C000616E0030003031323334353637383941BB
:1028D0004243444546003031323334353637383997
:1028E000616263646566002C2066756E6374696F4F
:1028F0006E3A2000617373657274696F6E202225D1
:102900007322206661696C65643A2066696C652093
:10291000222573222C206C696E6520256425732581
:10292000730A00496E66696E697479004E614E00E3
:102930002F6275696C642F676E752D746F6F6C7381
:102940002D666F722D73746D33325F31322E332EDC
:1029500072656C312E32303234303932362D3137A7
:1029600031352F7372632F6E65776C69622F6E65D8
:10297000776C69622F6C6962632F7374646C69622F
:102980002F64746F612E630042616C6C6F632073FF
:102990007563636565646564002F6275696C642F97
:1029A000676E752D746F6F6C732D666F722D7374F7
:1029B0006D33325F31322E332E72656C312E3230F0
:1029C0003234303932362D313731352F7372632F2F
:1029D0006E65776C69622F6E65776C69622F6C69C2
:1029E00062632F7374646C69622F6D707265632EFD
:1029F0006300000005000000190000007D000000D9
:102A00000080E03779C34143176E05B5B5B89346EA
:102A1000F5F93FE9034F384D321D30F94877825AB6
:102A20003CBF737FDD4F1575000000000000F03FD4
:102A30000000000000002440000000000000594099
:102A40000000000000408F40000000000088C340EC
:102A500000000000006AF8400000000080842E4161
:102A600000000000D01263410000000084D79741AD
:102A70000000000065CDCD41000000205FA00242B3
:102A8000000000E876483742000000A2941A6D4228
:102A9000000040E59C30A2420000901EC4BCD6421B
:102AA00000003426F56B0C430080E03779C34143C6
:102AB00000A0D8855734764300C84E676DC1AB433C
:102AC000003D9160E458E143408CB5781DAF15445A
:102AD00050EFE2D6E41A4B4492D54D06CFF0804435
:102AE000F64AE1C7022DB544B49DD9794378EA444A
:102AF000504F534958002E00002020202020202035
:102B0000202028282828282020202020202020209D
:102B100020202020202020202088101010101010AD
:102B200010101010101010101004040404040404F9
:102B30000404041010101010101041414141414193
:102B40000101010101010101010101010101010175
:102B50000101010110101010101042424242424285
:102B60000202020202020202020202020202020245
:102B700002020202101010102000000000000000ED
:102B80000000000000000000000000000000000045
:102B90000000000000000000000000000000000035
:102BA0000000000000000000000000000000000025
:102BB0000000000000000000000000000000000015
:102BC0000000000000000000000000000000000005
:102BD00000000000000000000000000000000000F5
:102BE00000000000000000000000000000000000E5
:102BF000000000000000000000232D302B200068A2
:0C2C00006C4C006566674546470000000C
:102C0C0000000000000000000101010101010101B0
:102C1C000000000000000000002B7E151628AED22C
:102C2C00A6ABF7158809CF4F3C012B7E151628AEA5
:102C3C00D2A6ABF7158809CF4F3C082B7E1516286A
:102C4C00AED2A6ABF7158809CF4F3C092B7E1516D3
:102C5C0028AED2A6ABF7158809CF4F3C0A0000006E
:102C6C00000000000000000000000000000B00004D
:102C7C0000000000000000000000000000000C003C
:102C8C000000000000000000000000000000000D2B
:102C9C000000000000000000000000000000000028
:102CAC000E0000000000000000000000000000000A
:102CBC00000F0000000000000000000000000000F9
:102CCC0000001000000000000000000000000000E8
:082CDC000000000000000000F0
:082CE4009CD4FD7F01000000FB
:042CEC006501000876
:042CF0004101000896
:102CF4004F6E4A6F696E0000000000000000000083
:102D040000000000536C6565705F4D6F64650000E2
:102D1400000000000000000041434B0000000000E0
:102D24000000000000000000000000004E41434B82
:102D3400000000000000000000000000000000008F
:102D44004A6F696E5F526571756573747300000034
:102D5400000000004A6F696E5F4661696C00000004
:102D640000000000000000004A6F696E6564000006
:102D74000000000000000000000000004C6F5261E1
:102D84005F53656E64000000000000000000000056
:102D9400204E000002020000E803000000000000D2
:102DA400000000000000000000000000000000001F
:102DB400000000000000000000000000000000000F
:102DC40000000000000000000000000000000000FF
:102DD40000000000000000000000000000000000EF
:102DE40000000000000000000000000000000000DF
:102DF40000000000000000000000000000000000CF
:102E040000000000000000000000000000000000BE
:102E140000000000000000000000000000000000AE
:102E2400000000000000000000000000000000009E
:102E3400000000000000000000000000000000008E
:102E4400000000000000000000000000000000007E
:102E5400000000000000000000000000000000006E
:102E6400000000000000000000000000000000005E
:102E7400000000000000000000000000000000004E
:102E8400000000000000000000000000000000003E
:102E9400000000000000000000000000000000002E
:102EA400000000000000000000000000000000001E
:102EB400000000000000000000000000000000000E
:102EC40000000000000000000000000000000000FE
:102ED40000000000000000000000000000000000EE
:102EE40000000000000000000000000000000000DE
:102EF40000000000000000000000000000000000CE
:102F040000000000000000000000000000000000BD
:102F140000000000000000000000000000000000AD
:102F2400000000000000000000000000000000009D
:102F3400000000000000000000000000000000008D
:102F4400000000000000000000000000000000007D
:102F5400000000000000000000000000000000006D
:102F64000000000000000000413D000800000000D7
:102F7400000000000000000000000000000000004D
:102F8400000000000000000000000000000000003D
:102F9400000000000000000000000000000000002D
:102FA400000000000000000000000000000000001D
:102FB400000000000000000000000000000000000D
:102FC40000000000000000000000000000000000FD
:102FD40000000000000000000000000000000000ED
:102FE40000000000000000000000000000000000DD
:102FF40000000000000000000000000000000000CD
:1030040000000000000000000000000000000000BC
:1030140000000000000000000000000000000000AC
:10302400000000000000000000000000000000009C
:10303400000000000000000000000000000000008C
:10304400000000000000000000000000000000007C
:10305400000000000000000000000000000000006C
:10306400000000000000000000000000000000005C
:10307400000000000000000000000000000000004C
:10308400000000000000000000000000000000003C
:10309400000000000000000000000000000000002C
:1030A400000000000000000000000000000000001C
:1030B400000000000000000000000000000000000C
:1030C40000000000000000000000000000000000FC
:1030D40000000000000000000000000000000000EC
:1030E40000000000000000000000000000000000DC
:1030F40000000000000000000000000000000000CC
:1031040000000000000000000000000000000000BB
:1031140000000000000000000000000000000000AB
:10312400000000000000000000000000000000009B
:10313400000000000000000000000000000000008B
:103144007D3C0008000000000000000000000000BA
:1031540000401546000000001000000000000000C0
:1031640000000000E5210008E5410008D542000800
:1031740061240008000000000000000000000000BE
:10318400000000000000000000000000000000003B
:10319400000000000000000000000000000000002B
:1031A4000000000000000000000000000000903F4C
:1031B400000000000000000000000000000000000B
:1031C40000000000000000000000000000000000FB
:1031D40000000000000000000000000000000000EB
:1031E40000000000000000000000000000000000DB
:1031F40000000000000000000000000000000000CB
:1032040000000000000000000000000000000000BA
:1032140000000000000000000000000000000000AA
:10322400000000000000000000000000000000009A
:10323400000000000000000000000000000000008A
:10324400000000000000000000000000000000007A
:10325400000000000000000000000000000000006A
:10326400000000000000000000000000000000005A
:10327400000000000000000000000000000000004A
:10328400000000000000000000000000000000003A
:10329400000000000000000000000000000000002A
:1032A400000000000000000000000000000000001A
:1032B400000000000000000000000000000000000A
:1032C40000000000000000000000000000000000FA
:1032D40000000000000000000000000000000000EA
:1032E40000000000000000000000000000000000DA
:1032F40000000000000000000000000000000000CA
:1033040000000000000000000000000000000000B9
:1033140000000000000000000000000000000000A9
:103324000000000000000000000000000000000099
:103334000000000000000000000000000000000089
:103344000000000000000000000000000000000079
:103354000000000000000000000000000000000069
:103364000000000000000000000000000000000059
:103374000000000000000000000000000000000049
:103384000000000000000000000000000000000039
:103394000000000000000000000000000000000029
:1033A4000000000000000000000000000000000019
:1033B4000000000000000000000000000000000009
:1033C40000000000000000000000000000000000F9
:1033D40000000000000000000000000000000000E9
:1033E40000000000000000000000000000000000D9
:1033F40000000000000000000000000000000000C9
:1034040000000000000000000000000000000000B8
:1034140000000000000000000000000000000000A8
:103424000000000000000000000000000000000098
:103434000000000000000000000000000000000088
:103444000000000000000000000000000000000078
:103454000000000000000000000000000000000068
:103464000000000000000000000000000000000058
:103474000000000000000000000000000000000048
:103484000000000000000000000000000000000038
:103494000000000000000000000000000000000028
:1034A4000000000000000000000000000000000018
:1034B4000000000000000000000000000000000008
:1034C40000000000000000000000000000000000F8
:1034D4000000000000000000C934000800000000E3
:1034E40000000000000000000000000000000000D8
:1034F40000000000000000000000000000000000C8
:1035040000000000000000000000000000000000B7
:1035140000000000000000000000000000000000A7
:103524000000000000000000000000000000000097
:103534000000000000000000000000000000000087
:103544000000000000000000000000000000000077
:103554000000000000000000000000000000000067
:103564000000000000000000000000000000000057
:103574000000000000000000000000000000000047
:103584000000000000000000000000000000000037
:103594000000000000000000000000000000000027
:1035A4000000000000000000000000000000000017
:1035B4000000000000000000000000000000000007
:1035C40000000000000000000000000000000000F7
:1035D40000000000000000000000000000000000E7
:1035E40000000000000000000000000000000000D7
:1035F40000000000000000000000000000000000C7
:1036040000000000000000000000000000000000B6
:1036140000000000000000000000000000000000A6
:103624000000000000000000000000000000000096
:103634000000000000000000000000000000000086
:103644000000000000000000000000000000000076
:103654000000000000000000000000000000000066
:103664000000000000000000000000000000000056
:103674000000000000000000000000000000000046
:103684000000000000000000000000000000000036
:103694000000000000000000000000000000000026
:1036A4000000000000000000000000000000000016
:1036B4000000000000000000000000000000000006
:1036C40000000000000000000000000000000000F6
:1036D40000000000000000000000000000000000E6
:1036E40000000000000000000000000000000000D6
:1036F40000000000000000000000000000000000C6
:1037040000000000000000000000000000000000B5
:1037140000000000000000000000000000000000A5
:103724000000000000000000000000000000000095
:103734000000000000000000000000000000000085
:103744000000000000000000000000000000000075
:103754000000000000000000000000000000000065
:103764000000000000000000000000000000000055
:103774000000000000000000000000000000000045
:103784000000000000000000000000000000000035
:103794000000000000000000000000000000000025
:1037A4000000000000000000000000000000000015
:1037B4000000000000000000000000000000000005
:1037C40000000000000000000000000000000000F5
:1037D40000000000000000000000000000000000E5
:1037E40000000000000000000000000000000000D5
:1037F40000000000000000000000000000000000C5
:1038040000000000000000000000000000000000B4
:1038140000000000000000000000000000000000A4
:103824000000000000000000000000000000000094
:103834000000000000000000000000000000000084
:103844000000000000000000000000000000000074
:103854000000000000000000000000000000000064
:103864000000000000000000000000000000000054
:103874000000000000000000000000000000000044
:103884000000000000000000000000000000000034
:103894000000000000000000000000000000000024
:1038A4000000000000000000000000000000000014
:1038B4000000000000000000000000000000000004
:1038C40000000000000000000000000000000000F4
:1038D40000000000000000000000000000000000E4
:1038E40000000000000000000000000000000000D4
:1038F40000000000000000000000000000000000C4
:1039040000000000000000000000000000000000B3
:1039140000000000000000000000000000000000A3
:103924000000000000000000000000000000000093
:103934000000000000000000000000000000000083
:103944000000000000000000000000000000000073
:103954000000000000000000000000000000000063
:103964000000000000000000000000000000000053
:103974000000000000000000000000000000000043
:103984000000000000000000000000000000000033
:103994000000000000000000000000000000000023
:1039A4000000000000000000000000000000000013
:1039B4000000000000000000000000000000000003
:1039C40000000000000000000000000000000000F3
:1039D40000000000000000000000000000000000E3
:1039E40000000000000000000000000000000000D3
:1039F40000000000000000000000000000000000C3
:103A040000000000000000000000000000000000B2
:103A140000000000000000000000000000000000A2
:103A24000000000000000000000000000000000092
:103A34000000000000000000000000000000000082
:103A44000000000000000000000000000000000072
:103A54000000000000000000000000000000000062
:103A64000000000000000000000000000000000052
:103A74000000000000000000000000000000000042
:103A84000000000000000000000000000000000032
:103A94000000000000000000000000000000000022
:103AA4000000000000000000000000000000000012
:103AB4000000000000000000000000000000000002
:103AC40000000000000000000000000000000000F2
:103AD40000000000000000000000000000000000E2
:103AE40000000000000000000000000000000000D2
:103AF40000000000000000000000000000000000C2
:103B040000000000000000000000000000000000B1
:103B140000000000000000000000000000000000A1
:103B24000000000000000000000000000000000091
:103B34000000000000000000000000000000000081
:103B44000000000000000000000000000000000071
:103B54000000000000000000000000000000000061
:103B64000000000000000000000000000000000051
:103B74000000000000000000000000000000000041
:103B84000000000000000000000000000000000031
:103B94000000000000000000000000000000000021
:103BA4000000000000000000000000000000000011
:103BB4000000000000000000000000000000000001
:103BC40000000000000000000000000000000000F1
:103BD40000000000000000000000000000000000E1
:103BE40000000000000000000000000000000000D1
:103BF40000000000000000000000000000000000C1
:103C040000000000000000000000000000000000B0
:103C140000000000000000000000000000000000A0
:103C24000000000000000000000000000000000090
:103C34000000000000000000000000000000000080
:103C44000000000000000000000000000000000070
:103C54000000000000000000000000000000000060
:103C64000000000000000000000000000000000050
:103C74000000000000000000000000000000000040
:103C84000000000000000000000000000000000030
:103C94000000000000000000000000000000000020
:103CA4000000000000000000000000000000000010
:103CB4000000000000000000000000000000000000
:103CC40000000000000000000000000000000000F0
:103CD40000000000000000000000000000000000E0
:103CE40000000000000000000000000000000000D0
:103CF40000000000000000000000000000000000C0
:103D040000000000000000000000000000000000AF
:103D1400000000000000000000000000000000009F
:103D2400000000000000000000000000000000008F
:103D3400000000000000000000000000000000007F
:103D4400000000000000000000000000000000006F
:103D5400000000000000000000000000000000005F
:103D6400000000000000000000000000000000004F
:103D7400000000000000000000000000000000003F
:103D8400000000000000000000000000000000002F
:103D9400000000000000000000000000000000001F
:103DA400000000000000000000000000000000000F
:103DB40000000000000000000000000000000000FF
:103DC40000000000000000000000000000000000EF
:103DD40000000000000000000000000000000000DF
:103DE40000000000000000000000000000000000CF
:103DF40000000000000000000000000000000000BF
:103E040000000000000000000000000000000000AE
:103E1400000000000000000000000000000000009E
:103E2400000000000000000000000000000000008E
:103E3400000000000000000000000000000000007E
:103E4400000000000000000000000000000000006E
:103E5400000000000000000000000000000000005E
:103E6400000000000000000000000000000000004E
:103E7400000000000000000000000000000000003E
:103E8400000000000000000000000000000000002E
:103E9400000000000000000000000000000000001E
:103EA400000000000000000000000000000000000E
:103EB40000000000000000000000000000000000FE
:103EC40000000000000000000000000000000000EE
:103ED40000000000000000000000000000000000DE
:103EE40000000000000000000000000000000000CE
:103EF40000000000000000000000000000000000BE
:103F040000000000000000000000000000000000AD
:103F1400000000000000000000000000000000009D
:103F2400000000000000000000000000000000008D
:103F3400000000000000000000000000000000007D
:103F4400000000000000000000000000000000006D
:103F5400000000000000000000000000000000005D
:103F6400000000000000000000000000000000004D
:103F7400000000000000000000000000000000003D
:103F8400000000000000000000000000000000002D
:103F9400000000000000000000000000000000001D
:103FA400000000000000000000000000000000000D
:103FB40000000000000000000000000000000000FD
:103FC40000000000000000000000000000000000ED
:103FD40000000000000000000000000000000000DD
:103FE40000000000000000000000000000000000CD
:103FF40000000000000000000000000000000000BD
:1040040000000000000000000000000000000000AC
:10401400000000000000000000000000000000009C
:10402400000000000000000000000000000000008C
:10403400000000000000000000000000000000007C
:10404400000000000000000000000000000000006C
:10405400000000000000000000000000000000005C
:10406400000000000000000000000000000000004C
:10407400000000000000000000000000000000003C
:10408400000000000000000000000000000000002C
:10409400000000000000000000000000000000001C
:1040A400000000000000000000000000000000000C
:1040B40000000000000000000000000000000000FC
:1040C40000000000000000000000000000000000EC
:1040D40000000000000000000000000000000000DC
:1040E40000000000000000000000000000000000CC
:1040F40000000000000000000000000000000000BC
:1041040000000000000000000000000000000000AB
:10411400000000000000000000000000000000009B
:10412400000000000000000000000000000000008B
:10413400000000000000000000000000000000007B
:10414400000000000000000000000000000000006B
:10415400000000000000000000000000000000005B
:10416400000000000000000000000000000000004B
:10417400000000000000000000000000000000003B
:10418400000000000000000000000000000000002B
:10419400000000000000000000000000000000001B
:1041A400000000000000000000000000000000000B
:1041B40000000000000000000000000000000000FB
:1041C40000000000000000000000000000000000EB
:1041D40000000000000000000000000000000000DB
:1041E40000000000000000000000000000000000CB
:1041F40000000000000000000000000000000000BB
:1042040000000000000000000000000000000000AA
:10421400000000000000000000000000000000009A
:10422400000000000000000000000000000000008A
:10423400000000000000000000000000000000007A
:10424400000000000000000000000000000000006A
:10425400000000000000000000000000000000005A
:10426400000000000000000000000000000000004A
:10427400000000000000000000000000000000003A
:10428400000000000000000000000000000000002A
:10429400000000000000000000000000000000001A
:1042A400000000000000000000000000000000000A
:1042B40000000000000000000000000000000000FA
:1042C40000000000000000000000000000000000EA
:1042D40000000000000000000000000000000000DA
:1042E40000000000000000000000000000000000CA
:1042F40000000000000000000000000000000000BA
:1043040000000000000000000000000000000000A9
:104314000000000000000000000000000000000099
:104324000000000000000000000000000000000089
:104334000000000000000000000000000000000079
:104344000000000000000000000000000000000069
:104354000000000000000000000000000000000059
:104364000000000000000000000000000000000049
:104374000000000000000000000000000000000039
:104384000000000000000000000000000000000029
:104394000000000000000000000000000000000019
:1043A4000000000000000000000000000000000009
:1043B40000000000000000000000000000000000F9
:1043C40000000000000000000000000000000000E9
:1043D40000000000000000000000000000000000D9
:1043E40000000000000000000000000000000000C9
:1043F40000000000000000000000000000000000B9
:1044040000000000000000000000000000000000A8
:104414000000000000000000000000000000000098
:104424000000000000000000000000000000000088
:104434000000000000000000000000000000000078
:104444000000000000000000000000000000000068
:104454000000000000000000000000000000000058
:104464000000000000000000000000000000000048
:104474000000000000000000000000000000000038
:104484000000000000000000000000000000000028
:104494000000000000000000000000000000000018
:1044A4000000000000000000000000000000000008
:1044B40000000000000000000000000000000000F8
:1044C40000000000000000000000000000000000E8
:1044D40000000000000000000000000000000000D8
:1044E40000000000000000000000000000000000C8
:1044F40000000000000000000000000000000000B8
:1045040000000000000000000000000000000000A7
:104514000000000000000000000000000000000097
:104524000000000000000000000000000000000087
:104534000000000000000000000000000000000077
:104544000000000000000000000000000000000067
:104554000000000000000000000000000000000057
:104564000000000000000000000000000000000047
:104574000000000000000000000000000000000037
:104584000000000000000000000000000000000027
:104594000000000000000000000000000000000017
:1045A4000000000000000000000000000000000007
:1045B40000000000000000000000000000000000F7
:1045C40000000000000000000000000000000000E7
:1045D40000000000000000000000000000000000D7
:1045E40000000000000000000000000000000000C7
:1045F40000000000000000000000000000000000B7
:1046040000000000000000000000000000000000A6
:104614000000000000000000000000000000000096
:104624000000000000000000000000000000000086
:104634000000000000000000000000000000000076
:104644000000000000000000000000000000000066
:104654000000000000000000000000000000000056
:104664000000000000000000000000000000000046
:104674000000000000000000000000000000000036
:104684000000000000000000000000000000000026
:104694000000000000000000000000000000000016
:1046A4000000000000000000000000000000000006
:1046B40000000000000000000000000000000000F6
:1046C40000000000000000000000000000000000E6
:1046D40000000000000000000000000000000000D6
:1046E40000000000000000000000000000000000C6
:1046F40000000000000000000000000000000000B6
:1047040000000000000000000000000000000000A5
:104714000000000000000000000000000000000095
:104724000000000000000000000000000000000085
:104734000000000000000000000000000000000075
:104744000000000000000000000000000000000065
:104754000000000000000000000000000000000055
:104764000000000000000000000000000000000045
:104774000000000000000000000000000000000035
:104784000000000000000000000000000000000025
:104794000000000000000000000000000000000015
:1047A4000000000000000000000000000000000005
:1047B40000000000000000000000000000000000F5
:1047C40000000000000000000000000000000000E5
:1047D40000000000000000000000000000000000D5
:1047E40000000000000000000000000000000000C5
:1047F40000000000000000000000000000000000B5
:1048040000000000000000000000000000000000A4
:104814000000000000000000000000000000000094
:104824000000000000000000000000000000000084
:104834000000000000000000000000000000000074
:104844000000000000000000000000000000000064
:104854000000000000000000000000000000000054
:104864000000000000000000000000000000000044
:104874000000000000000000000000000000000034
:104884000000000000000000000000000000000024
:104894000000000000000000000000000000000014
:1048A4000000000000000000000000000000000004
:1048B40000000000000000000000000000000000F4
:1048C40000000000000000000000000000000000E4
:1048D40000000000000000000000000000000000D4
:1048E40000000000000000000000000000000000C4
:1048F40000000000000000000000000000000000B4
:1049040000000000000000000000000000000000A3
:104914000000000000000000000000000000000093
:104924000000000000000000000000000000000083
:104934000000000000000000000000000000000073
:104944000000000000000000000000000000000063
:104954000000000000000000000000000000000053
:104964000000000000000000000000000000000043
:104974000000000000000000000000000000000033
:104984000000000000000000000000000000000023
:104994000000000000000000000000000000000013
:1049A4000000000000000000000000000000000003
:1049B40000000000000000000000000000000000F3
:1049C40000000000000000000000000000000000E3
:1049D40000000000000000000000000000000000D3
:1049E40000000000000000000000000000000000C3
:1049F40000000000000000000000000000000000B3
:104A040000000000000000000000000000000000A2
:104A14000000000000000000000000000000000092
:104A24000000000000000000000000000000000082
:104A34000000000000000000000000000000000072
:104A44000000000000000000000000000000000062
:104A54000000000000000000000000000000000052
:104A64000000000000000000000000000000000042
:104A74000000000000000000000000000000000032
:104A84000000000000000000000000000000000022
:104A94000000000000000000000000000000000012
:104AA4000000000000000000000000000000000002
:104AB40000000000000000000000000000000000F2
:104AC40000000000000000000000000000000000E2
:104AD40000000000000000000000000000000000D2
:104AE40000000000000000000000000000000000C2
:104AF40000000000000000000000000000000000B2
:104B040000000000000000000000000000000000A1
:104B14000000000000000000000000000000000091
:104B24000000000000000000000000000000000081
:104B34000000000000000000000000000000000071
:104B44000000000000000000000000000000000061
:104B54000000000000000000000000000000000051
:104B64000000000000000000000000000000000041
:104B74000000000000000000000000000000000031
:104B84000000000000000000000000000000000021
:104B94000000000000000000000000000000000011
:104BA4000000000000000000000000000000000001
:104BB40000000000000000000000000000000000F1
:104BC40000000000000000000000000000000000E1
:104BD40000000000000000000000000000000000D1
:104BE40000000000000000000000000000000000C1
:104BF40000000000000000000000000000000000B1
:104C040000000000000000000000000000000000A0
:104C14000000000000000000000000000000000090
:104C24000000000000000000000000000000000080
:104C34000000000000000000000000000000000070
:104C44000000000000000000000000000000000060
:104C54000000000000000000000000000000000050
:104C64000000000000000000000000000000000040
:104C74000000000000000000000000000000000030
:104C84000000000000000000000000000000000020
:104C94000000000000000000000000000000000010
:104CA4000000000000000000000000000000000000
:104CB40000000000000000000000000000000000F0
:104CC40000000000000000000000000000000000E0
:104CD40000000000000000000000000000000000D0
:104CE40000000000000000000000000000000000C0
:104CF40000000000000000000000000000000000B0
:104D0400000000000000000000000000000000009F
:104D14000000000000000000C93900080000000085
:104D2400000000000000000000000000010000007E
:104D3400000000000000000000000000000000006F
:104D4400000000000000000000000000000000005F
:104D54004006000000000000B1230008AD21000857
:104D6400000000000000000000000000000000003F
:104D7400000000000000000000000000000000002F
:104D8400000000000000000000000000000000001F
:104D9400000000000000000000000000000000000F
:104DA40000000000000000000000000000000000FF
:104DB40000000000000000000000000000000000EF
:104DC40000000000000000000000000000000000DF
:104DD40000000000000000000000000000000000CF
:104DE40000000000000000000000000000000000BF
:104DF40000000000000000000000000000000000AF
:104E0400000000000000000000000000000000009E
:104E1400000000000000000000000000000000008E
:104E2400000000000000000000000000000000007E
:104E3400000000000000000000000000000000006E
:104E4400000000000000000000000000000000005E
:104E5400000000000000000000000000000000004E
:104E6400000000000000000000000000000000003E
:104E7400000000000000000000000000000000002E
:104E8400000000000000000000000000000000001E
:104E9400000000000000000000000000000000000E
:104EA40000000000000000000000000000000000FE
:104EB40000000000000000000000000000000000EE
:104EC40000000000000000000000000000000000DE
:104ED40000000000000000000000000000000000CE
:104EE40000000000000000000000000000000000BE
:104EF40000000000000000000000000000000000AE
:104F0400000000000000000000000000000000009D
:104F1400000000000000000000000000000000008D
:104F2400000000000000000000000000000000007D
:104F3400000000000000000000000000000000006D
:104F4400000000000000000000000000000000005D
:104F5400000000000000000000000000000000004D
:104F6400000000000000000000000000000000003D
:104F7400000000000000000000000000000000002D
:104F8400000000000000000000000000000000001D
:104F9400000000000000000000000000000000000D
:104FA40000000000000000000000000000000000FD
:104FB40000000000000000000000000000000000ED
:104FC40000000000000000000000000000000000DD
:104FD40000000000000000000000000000000000CD
:104FE40000000000000000000000000000000000BD
:104FF40000000000000000000000000000000000AD
:10500400000000000000000000000000000000009C
:10501400000000000000000000000000000000008C
:10502400000000000000000000000000000000007C
:10503400000000000000000000000000000000006C
:10504400000000000000000000000000000000005C
:10505400000000000000000000000000000000004C
:10506400000000000000000000000000000000003C
:10507400000000000000000000000000000000002C
:10508400000000000000000000000000000000001C
:10509400000000000000000000000000000000000C
:1050A40000000000000000000000000000000000FC
:1050B40000000000000000000000000000000000EC
:1050C40000000000000000000000000000000000DC
:1050D40000000000000000000000000000000000CC
:1050E40000000000000000000000000000000000BC
:1050F40000000000000000000000000000000000AC
:10510400000000000000000000000000000000009B
:10511400000000000000000000000000000000008B
:10512400000000000000000000000000000000007B
:10513400000000000000000000000000000000006B
:10514400000000000000000000000000000000005B
:10515400000000000000000000000000000000004B
:10516400000000000000000000000000000000003B
:10517400000000000000000000000000000000002B
:10518400000000000000000000000000000000001B
:10519400000000000000000000000000000000000B
:1051A40000000000000000000000000000000000FB
:1051B40000000000000000000000000000000000EB
:1051C40000000000000000000000000000000000DB
:1051D40000000000000000000000000000000000CB
:1051E40000000000000000000000000000000000BB
:1051F40000000000000000000000000000000000AB
:10520400000000000000000000000000000000009A
:10521400000000000000000000000000000000008A
:10522400000000000000000000000000000000007A
:10523400000000000000000000000000000000006A
:10524400000000000000000000000000000000005A
:10525400000000000000000000000000000000004A
:10526400000000000000000000000000000000003A
:10527400000000000000000000000000000000002A
:10528400000000000000000000000000000000001A
:10529400000000000000000000000000000000000A
:1052A40000000000000000000000000000000000FA
:1052B40000000000000000000000000000000000EA
:1052C40000000000000000000000000000000000DA
:1052D40000000000000000000000000000000000CA
:1052E40000000000000000000000000000000000BA
:1052F40000000000000000000000000000000000AA
:105304000000000000000000000000000000000099
:105314000000000000000000000000000000000089
:105324000000000000000000000000000000000079
:105334000000000000000000000000000000000069
:105344000000000000000000000000000000000059
:105354000000000000000000000000000000000049
:105364000000000000000000000000000000000039
:105374000000000000000000000000000000000029
:105384000000000000000000000000000000000019
:105394000000000000000000000000000000000009
:1053A40000000000000000000000000000000000F9
:1053B40000000000000000000000000000000000E9
:1053C40000000000000000000000000000000000D9
:1053D40000000000000000000000000000000000C9
:1053E40000000000000000000000000000000000B9
:1053F40000000000000000000000000000000000A9
:105404000000000000000000000000000000000098
:105414000000000000000000000000000000000088
:105424000000000000000000000000000000000078
:105434000000000000000000000000000000000068
:105444000000000000000000000000000000000058
:105454000000000000000000000000000000000048
:105464000000000000000000000000000000000038
:105474000000000000000000000000000000000028
:105484000000000000000000000000000000000018
:105494000000000000000000000000000000000008
:1054A40000000000000000000000000000000000F8
:1054B40000000000000000000000000000000000E8
:1054C40000000000000000000000000000000000D8
:1054D40000000000000000000000000000000000C8
:1054E40000000000000000000000000000000000B8
:1054F40000000000000000000000000000000000A8
:105504000000000000000000000000000000000097
:105514000000000000000000000000000000000087
:105524000000000000000000000000000000000077
:105534000000000000000000000000000000000067
:105544000000000000000000000000000000000057
:105554000000000000000000000000000000000047
:105564000000000000000000000000000000000037
:105574000000000000000000000000000000000027
:105584000000000000000000000000000000000017
:105594000000000000000000000000000000000007
:1055A40000000000000000000000000000000000F7
:1055B40000000000000000000000000000000000E7
:1055C40000000000000000000000000000000000D7
:1055D40000000000000000000000000000000000C7
:1055E40000000000000000000000000000000000B7
:1055F40000000000000000000000000000000000A7
:105604000000000000000000000000000000000096
:105614000000000000000000000000000000000086
:105624000000000000000000000000000000000076
:105634000000000000000000000000000000000066
:105644000000000000000000000000000000000056
:105654000000000000000000000000000000000046
:105664000000000000000000000000000000000036
:105674000000000000000000000000000000000026
:105684000000000000000000000000000000000016
:105694000000000000000000000000000000000006
:1056A40000000000000000000000000000000000F6
:1056B40000000000000000000000000000000000E6
:1056C40000000000000000000000000000000000D6
:1056D40000000000000000000000000000000000C6
:1056E40000000000000000000000000000000000B6
:1056F40000000000000000000000000000000000A6
:105704000000000000000000000000000000000095
:105714000000000000000000000000000000000085
:105724000000000000000000000000000000000075
:105734000000000000000000000000000000000065
:105744000000000000000000000000000000000055
:105754000000000000000000000000000000000045
:105764000000000000000000000000000000000035
:105774000000000000000000000000000000000025
:105784000000000000000000000000000000000015
:105794000000000000000000000000000000000005
:1057A40000000000000000000000000000000000F5
:1057B40000000000000000000000000000000000E5
:1057C40000000000000000000000000000000000D5
:1057D40000000000000000000000000000000000C5
:1057E40000000000000000000000000000000000B5
:1057F40000000000000000000000000000000000A5
:105804000000000000000000000000000000000094
:105814000000000000000000000000000000000084
:105824000000000000000000000000000000000074
:105834000000000000000000000000000000000064
:105844000000000000000000000000000000000054
:105854000000000000000000000000000000000044
:105864000000000000000000000000000000000034
:105874000000000000000000000000000000000024
:105884000000000000000000000000000000000014
:105894000000000000000000000000000000000004
:1058A40000000000000000000000000000000000F4
:1058B40000000000000000000000000000000000E4
:1058C40000000000000000000000000000000000D4
:1058D40000000000000000000000000000000000C4
:1058E40000000000000000000000000000000000B4
:1058F40000000000000000000000000000000000A4
:105904000000000000000000000000000000000093
:105914000000000000000000000000000000000083
:105924000000000000000000000000000000000073
:105934000000000000000000000000000000000063
:105944000000000000000000000000000000000053
:105954000000000000000000000000000000000043
:105964000000000000000000000000000000000033
:105974000000000000000000000000000000000023
:105984000000000000000000000000000000000013
:105994000000000000000000000000000000000003
:1059A40000000000000000000000000000000000F3
:1059B40000000000000000000000000000000000E3
:1059C40000000000000000000000000000000000D3
:1059D40000000000000000000000000000000000C3
:1059E40000000000000000000000000000000000B3
:1059F40000000000000000000000000000000000A3
:105A04000000000000000000000000000000000092
:105A14000000000000000000000000000000000082
:105A24000000000000000000000000000000000072
:105A34000000000000000000000000000000000062
:105A44000000000000000000000000000000000052
:105A54000000000000000000000000000000000042
:105A64000000000000000000000000000000000032
:105A74000000000000000000000000000000000022
:105A84000000000000000000000000000000000012
:105A94000000000000000000000000000000000002
:105AA40000000000000000000000000000000000F2
:105AB40000000000000000000000000000000000E2
:105AC40000000000000000000000000000000000D2
:105AD40000000000000000000000000000000000C2
:105AE40000000000000000000000000000000000B2
:105AF40000000000000000000000000000000000A2
:105B04000000000000000000000000000000000091
:105B14000000000000000000000000000000000081
:105B24000000000000000000000000000000000071
:105B34000000000000000000000000000000000061
:105B44000000000000000000000000000000000051
:105B54000000000000000000000000000000000041
:105B64000000000000000000000000000000000031
:105B74000000000000000000000000000000000021
:105B84000000000000000000000000000000000011
:105B94000000000000000000000000000000000001
:105BA40000000000000000000000000000000000F1
:105BB40000000000000000000000000000000000E1
:105BC40000000000000000000000000000000000D1
:105BD40000000000000000000000000000000000C1
:105BE40000000000000000000000000000000000B1
:105BF40000000000000000000000000000000000A1
:105C04000000000000000000000000000000000090
:105C14000000000000000000000000000000000080
:105C24000000000000000000000000000000000070
:105C34000000000000000000000000000000000060
:105C44000000000000000000000000000000000050
:105C54000000000000000000000000000000000040
:105C64000000000000000000000000000000000030
:105C74000000000000000000000000000000000020
:105C84000000000000000000000000000000000010
:105C94000000000000000000000000000000000000
:105CA40000000000000000000000000000000000F0
:105CB40000000000000000000000000000000000E0
:105CC40000000000000000000000000000000000D0
:105CD40000000000000000000000000000000000C0
:105CE40000000000000000000000000000000000B0
:105CF40000000000000000000000000000000000A0
:105D0400000000000000000000000000000000008F
:105D1400000000000000000000000000000000007F
:105D2400000000000000000000000000000000006F
:105D3400000000000000000000000000000000005F
:105D4400000000000000000000000000000000004F
:105D5400000000000000000000000000000000003F
:105D6400000000000000000000000000000000002F
:105D7400000000000000000000000000000000001F
:105D8400000000000000000000000000000000000F
:105D940000000000000000000000000000000000FF
:105DA40000000000000000000000000000000000EF
:105DB40000000000000000000000000000000000DF
:105DC40000000000000000000000000000000000CF
:105DD40000000000000000000000000000000000BF
:105DE40000000000000000000000000000000000AF
:105DF400000000000000000000000000000000009F
:105E0400000000000000000000000000000000008E
:105E1400000000000000000000000000000000007E
:105E2400000000000000000000000000000000006E
:105E3400000000000000000000000000000000005E
:105E4400000000000000000000000000000000004E
:105E5400000000000000000000000000000000003E
:105E6400000000000000000000000000000000002E
:105E7400000000000000000000000000000000001E
:105E8400000000000000000000000000000000000E
:105E940000000000000000000000000000000000FE
:105EA40000000000000000000000000000000000EE
:105EB40000000000000000000000000000000000DE
:105EC40000000000000000000000000000000000CE
:105ED40000000000000000000000000000000000BE
:105EE40000000000000000000000000000000000AE
:105EF400000000000000000000000000000000009E
:105F0400000000000000000000000000000000008D
:105F1400000000000000000000000000000000007D
:105F2400000000000000000000000000000000006D
:105F3400000000000000000000000000000000005D
:105F4400000000000000000000000000000000004D
:105F5400000000000000000000000000000000003D
:105F6400000000000000000000000000000000002D
:105F7400000000000000000000000000000000001D
:105F8400000000000000000000000000000000000D
:105F940000000000000000000000000000000000FD
:105FA40000000000000000000000000000000000ED
:105FB40000000000000000000000000000000000DD
:105FC40000000000000000000000000000000000CD
:105FD40000000000000000000000000000000000BD
:105FE40000000000000000000000000000000000AD
:105FF400000000000000000000000000000000009D
:10600400000000000000000000000000000000008C
:10601400000000000000000000000000000000007C
:10602400000000000000000000000000000000006C
:10603400000000000000000000000000000000005C
:10604400000000000000000000000000000000004C
:10605400000000000000000000000000000000003C
:10606400000000000000000000000000000000002C
:10607400000000000000000000000000000000001C
:10608400000000000000000000000000000000000C
:1060940000000000000000000000000000000000FC
:1060A40000000000000000000000000000000000EC
:1060B40000000000000000000000000000000000DC
:1060C40000000000000000000000000000000000CC
:1060D40000000000000000000000000000000000BC
:1060E40000000000000000000000000000000000AC
:1060F400000000000000000000000000000000009C
:10610400000000000000000000000000000000008B
:10611400000000000000000000000000000000007B
:10612400000000000000000000000000000000006B
:10613400000000000000000000000000000000005B
:10614400000000000000000000000000000000004B
:10615400000000000000000000000000000000003B
:10616400000000000000000000000000000000002B
:10617400000000000000000000000000000000001B
:10618400000000000000000000000000000000000B
:1061940000000000000000000000000000000000FB
:1061A40000000000000000000000000000000000EB
:1061B40000000000000000000000000000000000DB
:1061C40000000000000000000000000000000000CB
:1061D40000000000000000000000000000000000BB
:1061E40000000000000000000000000000000000AB
:1061F400000000000000000000000000000000009B
:10620400000000000000000000000000000000008A
:10621400000000000000000000000000000000007A
:10622400000000000000000000000000000000006A
:10623400000000000000000000000000000000005A
:10624400000000000000000000000000000000004A
:10625400000000000000000000000000000000003A
:10626400000000000000000000000000000000002A
:10627400000000000000000000000000000000001A
:10628400000000000000000000000000000000000A
:1062940000000000000000000000000000000000FA
:1062A40000000000000000000000000000000000EA
:1062B40000000000000000000000000000000000DA
:1062C40000000000000000000000000000000000CA
:1062D40000000000000000000000000000000000BA
:1062E40000000000000000000000000000000000AA
:1062F400000000000000000000000000000000009A
:106304000000000000000000000000000000000089
:106314000000000000000000000000000000000079
:106324000000000000000000000000000000000069
:106334000000000000000000000000000000000059
:106344000000000000000000000000000000000049
:106354000000000000000000000000000000000039
:106364000000000000000000000000000000000029
:106374000000000000000000000000000000000019
:106384000000000000000000000000000000000009
:1063940000000000000000000000000000000000F9
:1063A40000000000000000000000000000000000E9
:1063B40000000000000000000000000000000000D9
:1063C40000000000000000000000000000000000C9
:1063D40000000000000000000000000000000000B9
:1063E40000000000000000000000000000000000A9
:1063F4000000000000000000000000000000000099
:106404000000000000000000000000000000000088
:106414000000000000000000000000000000000078
:106424000000000000000000000000000000000068
:106434000000000000000000000000000000000058
:106444000000000000000000000000000000000048
:106454000000000000000000000000000000000038
:106464000000000000000000000000000000000028
:106474000000000000000000000000000000000018
:106484000000000000000000000000000000000008
:1064940000000000000000000000000000000000F8
:1064A40000000000000000000000000000000000E8
:1064B40000000000000000000000000000000000D8
:1064C40000000000000000000000000000000000C8
:1064D40000000000000000000000000000000000B8
:1064E40000000000000000000000000000000000A8
:1064F4000000000000000000000000000000000098
:106504000000000000000000000000000000000087
:106514000000000000000000000000000000000077
:106524000000000000000000000000000000000067
:106534000000000000000000000000000000000057
:106544000000000000000000000000000000000047
:106554000000000000000000000000000000000037
:106564000000000000000000000000000000000027
:106574000000000000000000000000000000000017
:106584000000000000000000000000000000000007
:1065940000000000000000000000000000000000F7
:1065A40000000000000000000000000000000000E7
:1065B40000000000000000000000000000000000D7
:1065C40000000000000000000000000000000000C7
:1065D40000000000000000000000000000000000B7
:1065E40000000000000000000000000000000000A7
:1065F4000000000000000000000000000000000097
:106604000000000000000000000000000000000086
:106614000000000000000000000000000000000076
:106624000000000000000000000000000000000066
:106634000000000000000000000000000000000056
:106644000000000000000000000000000000000046
:106654000000000000000000000000000000000036
:106664000000000000000000000000000000000026
:106674000000000000000000000000000000000016
:106684000000000000000000000000000000000006
:1066940000000000000000000000000000000000F6
:1066A40000000000000000000000000000000000E6
:1066B40000000000000000000000000000000000D6
:1066C40000000000000000000000000000000000C6
:1066D40000000000000000000000000000000000B6
:1066E40000000000000000000000000000000000A6
:1066F4000000000000000000000000000000000096
:106704000000000000000000000000000000000085
:106714000000000000000000000000000000000075
:106724000000000000000000000000000000000065
:106734000000000000000000000000000000000055
:106744000000000000000000000000000000000045
:106754000000000000000000000000000000000035
:106764000000000000000000000000000000000025
:106774000000000000000000000000000000000015
:106784000000000000000000000000000000000005
:1067940000000000000000000000000000000000F5
:1067A40000000000000000000000000000000000E5
:1067B40000000000000000000000000000000000D5
:1067C40000000000000000000000000000000000C5
:1067D40000000000000000000000000000000000B5
:1067E40000000000000000000000000000000000A5
:1067F4000000000000000000000000000000000095
:106804000000000000000000000000000000000084
:106814000000000000000000000000000000000074
:106824000000000000000000000000000000000064
:106834000000000000000000000000000000000054
:106844000000000000000000000000000000000044
:106854000000000000000000000000000000000034
:106864000000000000000000000000000000000024
:106874000000000000000000000000000000000014
:106884000000000000000000000000000000000004
:1068940000000000000000000000000000000000F4
:1068A40000000000000000000000000000000000E4
:1068B40000000000000000000000000000000000D4
:1068C40000000000000000000000000000000000C4
:1068D40000000000000000000000000000000000B4
:1068E40000000000000000000000000000000000A4
:1068F4000000000000000000000000000000000094
:106904000000000000000000000000000000000083
:106914000000000000000000000000000000000073
:106924000000000000000000000000000000000063
:106934000000000000000000000000000000000053
:106944000000000000000000000000000000000043
:106954000000000000000000000000000000000033
:106964000000000000000000000000000000000023
:106974000000000000000000000000000000000013
:106984000000000000000000000000000000000003
:1069940000000000000000000000000000000000F3
:1069A40000000000000000000000000000000000E3
:1069B40000000000000000000000000000000000D3
:1069C40000000000000000000000000000000000C3
:1069D40000000000000000000000000000000000B3
:1069E40000000000000000000000000000000000A3
:1069F4000000000000000000000000000000000093
:106A04000000000000000000000000000000000082
:106A14000000000000000000000000000000000072
:106A24000000000000000000000000000000000062
:106A34000000000000000000000000000000000052
:106A44000000000000000000000000000000000042
:106A54000000000000000000000000000000000032
:106A64000000000000000000000000000000000022
:106A74000000000000000000000000000000000012
:106A84000000000000000000000000000000000002
:106A940000000000000000000000000000000000F2
:106AA40000000000000000000000000000000000E2
:106AB40000000000000000000000000000000000D2
:106AC40000000000000000000000000000000000C2
:106AD40000000000000000000000000000000000B2
:106AE40000000000000000000000000000000000A2
:106AF4000000000000000000000000000000000092
:106B04000000000000000000000000000000000081
:106B14000000000000000000000000000000000071
:106B24000000000000000000000000000000000061
:106B34000000000000000000000000000000000051
:106B44000000000000000000000000000000000041
:106B54000000000000000000000000000000000031
:106B64000000000000000000000000000000000021
:106B74000000000000000000000000000000000011
:106B84000000000000000000000000000000000001
:106B940000000000000000000000000000000000F1
:106BA40000000000000000000000000000000000E1
:106BB40000000000000000000000000000000000D1
:106BC40000000000000000000000000000000000C1
:106BD40000000000000000000000000000000000B1
:106BE40000000000000000000000000000000000A1
:106BF4000000000000000000000000000000000091
:106C04000000000000000000000000000000000080
:106C14000000000000000000000000000000000070
:106C24000000000000000000000000000000000060
:106C34000000000000000000000000000000000050
:106C44000000000000000000000000000000000040
:106C54000000000000000000000000000000000030
:106C64000000000000000000000000000000000020
:106C74000000000000000000000000000000000010
:106C84000000000000000000000000000000000000
:106C940000000000000000000000000000000000F0
:106CA40000000000000000000000000000000000E0
:106CB40000000000000000000000000000000000D0
:106CC40000000000000000000000000000000000C0
:106CD40000000000000000000000000000000000B0
:106CE40000000000000000000000000000000000A0
:106CF4000000000000000000000000000000000090
:106D0400000000000000000000000000000000007F
:106D1400000000000000000000000000000000006F
:106D2400000000000000000000000000000000005F
:106D3400000000000000000000000000000000004F
:106D4400000000000000000000000000000000003F
:106D5400000000000000000000000000000000002F
:106D6400000000000000000000000000000000001F
:106D7400000000000000000000000000000000000F
:106D840000000000000000000000000000000000FF
:106D940000000000000000000000000000000000EF
:106DA40000000000000000000000000000000000DF
:106DB40000000000000000000000000000000000CF
:106DC40000000000000000000000000000000000BF
:106DD40000000000000000000000000000000000AF
:106DE400000000000000000000000000000000009F
:106DF400000000000000000000000000000000008F
:106E0400000000000000000000000000000000007E
:106E1400000000000000000000000000000000006E
:106E2400000000000000000000000000000000005E
:106E3400000000000000000000000000000000004E
:106E4400000000000000000000000000000000003E
:106E5400000000000000000000000000000000002E
:106E6400000000000000000000000000000000001E
:106E7400000000000000000000000000000000000E
:106E840000000000000000000000000000000000FE
:106E940000000000000000000000000000000000EE
:106EA40000000000000000000000000000000000DE
:106EB40000000000000000000000000000000000CE
:106EC40000000000000000000000000000000000BE
:106ED40000000000000000000000000000000000AE
:106EE400000000000000000000000000000000009E
:106EF400000000000000000000000000000000008E
:106F0400000000000000000000000000000000007D
:106F1400000000000000000000000000000000006D
:106F2400000000000000000000000000000000005D
:106F3400000000000000000000000000000000004D
:106F4400000000000000000000000000000000003D
:106F5400000000000000000000000000000000002D
:106F6400000000000000000000000000000000001D
:106F7400000000000000000000000000000000000D
:106F840000000000000000000000000000000000FD
:106F940000000000000000000000000000000000ED
:106FA40000000000000000000000000000000000DD
:106FB40000000000000000000000000000000000CD
:106FC40000000000000000000000000000000000BD
:106FD40000000000000000000000000000000000AD
:106FE400000000000000000000000000000000009D
:106FF400000000000000000000000000000000008D
:10700400000000000000000000000000000000007C
:10701400000000000000000000000000000000006C
:10702400000000000000000000000000000000005C
:10703400000000000000000000000000000000004C
:10704400000000000000000000000000000000003C
:10705400000000000000000000000000000000002C
:10706400000000000000000000000000000000001C
:10707400000000000000000000000000000000000C
:1070840000000000000000000000000000000000FC
:1070940000000000000000000000000000000000EC
:1070A40000000000000000000000000000000000DC
:1070B40000000000000000000000000000000000CC
:1070C40000000000000000000000000000000000BC
:1070D40000000000000000000000000000000000AC
:1070E400000000000000000000000000000000009C
:1070F400000000000000000000000000000000008C
:10710400000000000000000000000000000000007B
:10711400000000000000000000000000000000006B
:10712400000000000000000000000000000000005B
:10713400000000000000000000000000000000004B
:10714400000000000000000000000000000000003B
:10715400000000000000000000000000000000002B
:10716400000000000000000000000000000000001B
:10717400000000000000000000000000000000000B
:1071840000000000000000000000000000000000FB
:1071940000000000000000000000000000000000EB
:1071A40000000000000000000000000000000000DB
:1071B40000000000000000000000000000000000CB
:1071C40000000000000000000000000000000000BB
:1071D40000000000000000000000000000000000AB
:1071E400000000000000000000000000000000009B
:1071F400000000000000000000000000000000008B
:10720400000000000000000000000000000000007A
:10721400000000000000000000000000000000006A
:10722400000000000000000000000000000000005A
:10723400000000000000000000000000000000004A
:10724400000000000000000000000000000000003A
:10725400000000000000000000000000000000002A
:10726400000000000000000000000000000000001A
:10727400000000000000000000000000000000000A
:1072840000000000000000000000000000000000FA
:1072940000000000000000000000000000000000EA
:1072A40000000000000000000000000000000000DA
:1072B40000000000000000000000000000000000CA
:1072C40000000000000000000000000000000000BA
:1072D40000000000000000000000000000000000AA
:1072E400000000000000000000000000000000009A
:1072F400000000000000000000000000000000008A
:107304000000000000000000000000000000000079
:107314000000000000000000000000000000000069
:107324000000000000000000000000000000000059
:107334000000000000000000000000000000000049
:107344000000000000000000000000000000000039
:107354000000000000000000000000000000000029
:107364000000000000000000000000000000000019
:107374000000000000000000000000000000000009
:1073840000000000000000000000000000000000F9
:1073940000000000000000000000000000000000E9
:1073A40000000000000000000000000000000000D9
:1073B40000000000000000000000000000000000C9
:1073C40000000000000000000000000000000000B9
:1073D40000000000000000000000000000000000A9
:1073E4000000000000000000000000000000000099
:1073F4000000000000000000000000000000000089
:107404000000000000000000000000000000000078
:107414000000000000000000000000000000000068
:107424000000000000000000000000000000000058
:107434000000000000000000000000000000000048
:107444000000000000000000000000000000000038
:107454000000000000000000000000000000000028
:107464000000000000000000000000000000000018
:107474000000000000000000000000000000000008
:1074840000000000000000000000000000000000F8
:1074940000000000000000000000000000000000E8
:1074A40000000000000000000000000000000000D8
:1074B40000000000000000000000000000000000C8
:1074C40000000000000000000000000000000000B8
:1074D40000000000000000000000000000000000A8
:1074E4000000000000000000000000000000000098
:1074F4000000000000000000000000000000000088
:107504000000000000000000000000000000000077
:107514000000000000000000000000000000000067
:107524000000000000000000000000000000000057
:107534000000000000000000000000000000000047
:107544000000000000000000000000000000000037
:107554000000000000000000000000000000000027
:107564000000000000000000000000000000000017
:107574000000000000000000000000000000000007
:1075840000000000000000000000000000000000F7
:1075940000000000000000000000000000000000E7
:1075A40000000000000000000000000000000000D7
:1075B40000000000000000000000000000000000C7
:1075C40000000000000000000000000000000000B7
:1075D40000000000000000000000000000000000A7
:1075E4000000000000000000000000000000000097
:1075F4000000000000000000000000000000000087
:107604000000000000000000000000000000000076
:107614000000000000000000000000000000000066
:107624000000000000000000000000000000000056
:107634000000000000000000000000000000000046
:107644000000000000000000000000000000000036
:107654000000000000000000000000000000000026
:107664000000000000000000000000000000000016
:107674000000000000000000000000000000000006
:1076840000000000000000000000000000000000F6
:1076940000000000000000000000000000000000E6
:1076A40000000000000000000000000000000000D6
:1076B40000000000000000000000000000000000C6
:1076C40000000000000000000000000000000000B6
:1076D40000000000000000000000000000000000A6
:1076E4000000000000000000000000000000000096
:1076F4000000000000000000000000000000000086
:107704000000000000000000000000000000000075
:107714000000000000000000000000000000000065
:107724000000000000000000000000000000000055
:107734000000000000000000000000000000000045
:107744000000000000000000000000000000000035
:107754000000000000000000000000000000000025
:107764000000000000000000000000000000000015
:107774000000000000000000000000000000000005
:1077840000000000000000000000000000000000F5
:1077940000000000000000000000000000000000E5
:1077A40000000000000000000000000000000000D5
:1077B40000000000000000000000000000000000C5
:1077C40000000000000000000000000000000000B5
:1077D40000000000000000000000000000000000A5
:1077E4000000000000000000000000000000000095
:1077F4000000000000000000000000000000000085
:107804000000000000000000000000000000000074
:107814000000000000000000000000000000000064
:107824000000000000000000000000000000000054
:107834000000000000000000000000000000000044
:107844000000000000000000000000000000000034
:107854000000000000000000000000000000000024
:107864000000000000000000000000000000000014
:107874000000000000000000000000000000000004
:1078840000000000000000000000000000000000F4
:1078940000000000000000000000000000000000E4
:1078A40000000000000000000000000000000000D4
:1078B40000000000000000000000000000000000C4
:1078C40000000000000000000000000000000000B4
:1078D40000000000000000000000000000000000A4
:1078E4000000000000000000000000000000000094
:1078F4000000000000000000000000000000000084
:107904000000000000000000000000000000000073
:107914000000000000000000000000000000000063
:107924000000000000000000000000000000000053
:107934000000000000000000000000000000000043
:107944000000000000000000000000000000000033
:107954000000000000000000000000000000000023
:107964000000000000000000000000000000000013
:107974000000000000000000000000000000000003
:1079840000000000000000000000000000000000F3
:1079940000000000000000000000000000000000E3
:1079A40000000000000000000000000000000000D3
:1079B40000000000000000000000000000000000C3
:1079C40000000000000000000000000000000000B3
:1079D40000000000000000000000000000000000A3
:1079E4000000000000000000000000000000000093
:1079F4000000000000000000000000000000000083
:107A04000000000000000000000000000000000072
:107A14000000000000000000000000000000000062
:107A24000000000000000000000000000000000052
:107A34000000000000000000000000000000000042
:107A44000000000000000000000000000000000032
:107A54000000000000000000000000000000000022
:107A64000000000000000000000000000000000012
:107A74000000000000000000000000000000000002
:107A840000000000000000000000000000000000F2
:107A940000000000000000000000000000000000E2
:107AA40000000000000000000000000000000000D2
:107AB40000000000000000000000000000000000C2
:107AC40000000000000000000000000000000000B2
:107AD40000000000000000000000000000000000A2
:107AE4000000000000000000000000000000000092
:107AF4000000000000000000000000000000000082
:107B04000000000000000000000000000000000071
:107B14000000000000000000000000000000000061
:107B24000000000000000000000000000000000051
:107B34000000000000000000000000000000000041
:107B44000000000000000000000000000000000031
:107B54000000000000000000000000000000000021
:107B64000000000000000000000000000000000011
:107B74000000000000000000000000000000000001
:107B840000000000000000000000000000000000F1
:107B940000000000000000000000000000000000E1
:107BA40000000000000000000000000000000000D1
:107BB40000000000000000000000000000000000C1
:107BC40000000000000000000000000000000000B1
:107BD40000000000000000000000000000000000A1
:107BE4000000000000000000000000000000000091
:107BF4000000000000000000000000000000000081
:107C04000000000000000000000000000000000070
:107C14000000000000000000000000000000000060
:107C24000000000000000000000000000000000050
:107C34000000000000000000000000000000000040
:107C44000000000000000000000000000000000030
:107C54000000000000000000000000000000000020
:107C64000000000000000000000000000000000010
:107C74000000000000000000000000000000000000
:107C840000000000000000000000000000000000F0
:107C940000000000000000000000000000000000E0
:107CA40000000000000000000000000000000000D0
:107CB40000000000000000000000000000000000C0
:107CC40000000000000000000000000000000000B0
:107CD40000000000000000000000000000000000A0
:107CE4000000000000000000000000000000000090
:107CF4000000000000000000000000000000000080
:107D0400000000000000000000000000000000006F
:107D1400000000000000000000000000000000005F
:107D2400000000000000000000000000000000004F
:107D3400000000000000000000000000000000003F
:107D4400000000000000000000000000000000002F
:107D5400000000000000000000000000000000001F
:107D6400000000000000000000000000000000000F
:107D740000000000000000000000000000000000FF
:107D840000000000000000000000000000000000EF
:107D940000000000000000000000000000000000DF
:107DA40000000000000000000000000000000000CF
:107DB40000000000000000000000000000000000BF
:107DC40000000000000000000000000000000000AF
:107DD400000000000000000000000000000000009F
:107DE400000000000000000000000000000000008F
:107DF400000000000000000000000000000000007F
:107E0400000000000000000000000000000000006E
:107E1400000000000000000000000000000000005E
:107E2400000000000000000000000000000000004E
:107E3400000000000000000000000000000000003E
:107E4400000000000000000000000000000000002E
:107E5400000000000000000000000000000000001E
:107E6400000000000000000000000000000000000E
:107E740000000000000000000000000000000000FE
:107E840000000000000000000000000000000000EE
:107E940000000000000000000000000000000000DE
:107EA40000000000000000000000000000000000CE
:107EB40000000000000000000000000000000000BE
:107EC40000000000000000000000000000000000AE
:107ED400000000000000000000000000000000009E
:107EE400000000000000000000000000000000008E
:107EF400000000000000000000000000000000007E
:107F0400000000000000000000000000000000006D
:107F1400000000000000000000000000000000005D
:107F2400000000000000000000000000000000004D
:107F3400000000000000000000000000000000003D
:107F4400000000000000000000000000000000002D
:107F5400000000000000000000000000000000001D
:107F6400000000000000000000000000000000000D
:107F740000000000000000000000000000000000FD
:107F840000000000000000000000000000000000ED
:107F940000000000000000000000000000000000DD
:107FA40000000000000000000000000000000000CD
:107FB40000000000000000000000000000000000BD
:107FC40000000000000000000000000000000000AD
:107FD400000000000000000000000000000000009D
:107FE400000000000000000000000000000000008D
:107FF400000000000000000000000000000000007D
:10800400000000000000000000000000000000006C
:10801400000000000000000000000000000000005C
:10802400000000000000000000000000000000004C
:10803400000000000000000000000000000000003C
:10804400000000000000000000000000000000002C
:10805400000000000000000000000000000000001C
:10806400000000000000000000000000000000000C
:1080740000000000000000000000000000000000FC
:1080840000000000000000000000000000000000EC
:1080940000000000000000000000000000000000DC
:1080A40000000000000000000000000000000000CC
:1080B40000000000000000000000000000000000BC
:1080C40000000000000000000000000000000000AC
:1080D400000000000000000000000000000000009C
:1080E400000000000000000000000000000000008C
:1080F400000000000000000000000000000000007C
:10810400000000000000000000000000000000006B
:10811400000000000000000000000000000000005B
:10812400000000000000000000000000000000004B
:10813400000000000000000000000000000000003B
:10814400000000000000000000000000000000002B
:10815400000000000000000000000000000000001B
:10816400000000000000000000000000000000000B
:1081740000000000000000000000000000000000FB
:1081840000000000000000000000000000000000EB
:1081940000000000000000000000000000000000DB
:1081A40000000000000000000000000000000000CB
:1081B40000000000000000000000000000000000BB
:1081C40000000000000000000000000000000000AB
:1081D400000000000000000000000000000000009B
:1081E400000000000000000000000000000000008B
:1081F400000000000000000000000000000000007B
:10820400000000000000000000000000000000006A
:10821400000000000000000000000000000000005A
:10822400000000000000000000000000000000004A
:10823400000000000000000000000000000000003A
:10824400000000000000000000000000000000002A
:10825400000000000000000000000000000000001A
:10826400000000000000000000000000000000000A
:1082740000000000000000000000000000000000FA
:1082840000000000000000000000000000000000EA
:1082940000000000000000000000000000000000DA
:1082A40000000000000000000000000000000000CA
:1082B40000000000000000000000000000000000BA
:1082C40000000000000000000000000000000000AA
:1082D400000000000000000000000000000000009A
:1082E400000000000000000000000000000000008A
:1082F400000000000000000000000000000000007A
:108304000000000000000000000000000000000069
:108314000000000000000000000000000000000059
:108324000000000000000000000000000000000049
:108334000000000000000000000000000000000039
:108344000000000000000000000000000000000029
:108354000000000000000000000000000000000019
:108364000000000000000000000000000000000009
:1083740000000000000000000000000000000000F9
:1083840000000000000000000000000000000000E9
:1083940000000000000000000000000000000000D9
:1083A40000000000000000000000000000000000C9
:1083B40000000000000000000000000000000000B9
:1083C40000000000000000000000000000000000A9
:1083D4000000000000000000000000000000000099
:1083E4000000000000000000000000000000000089
:1083F4000000000000000000000000000000000079
:108404000000000000000000000000000000000068
:108414000000000000000000000000000000000058
:108424000000000000000000000000000000000048
:108434000000000000000000000000000000000038
:108444000000000000000000000000000000000028
:108454000000000000000000000000000000000018
:108464000000000000000000000000000000000008
:1084740000000000000000000000000000000000F8
:1084840000000000000000000000000000000000E8
:1084940000000000000000000000000000000000D8
:1084A40000000000000000000000000000000000C8
:1084B40000000000000000000000000000000000B8
:1084C40000000000000000000000000000000000A8
:1084D4000000000000000000000000000000000098
:1084E4000000000000000000000000000000000088
:1084F4000000000000000000000000000000000078
:108504000000000000000000000000000000000067
:108514000000000000000000000000000000000057
:108524000000000000000000000000000000000047
:108534000000000000000000000000000000000037
:108544000000000000000000000000000000000027
:108554000000000000000000000000000000000017
:108564000000000000000000000000000000000007
:1085740000000000000000000000000000000000F7
:1085840000000000000000000000000000000000E7
:1085940000000000000000000000000000000000D7
:1085A40000000000000000000000000000000000C7
:1085B40000000000000000000000000000000000B7
:1085C40000000000000000000000000000000000A7
:1085D4000000000000000000000000000000000097
:1085E4000000000000000000000000000000000087
:1085F4000000000000000000000000000000000077
:108604000000000000000000000000000000000066
:108614000000000000000000000000000000000056
:108624000000000000000000000000000000000046
:108634000000000000000000000000000000000036
:108644000000000000000000000000000000000026
:108654000000000000000000000000000000000016
:108664000000000000000000000000000000000006
:1086740000000000000000000000000000000000F6
:1086840000000000000000000000000000000000E6
:1086940000000000000000000000000000000000D6
:1086A40000000000000000000000000000000000C6
:1086B40000000000000000000000000000000000B6
:1086C40000000000000000000000000000000000A6
:1086D4000000000000000000000000000000000096
:1086E4000000000000000000000000000000000086
:1086F4000000000000000000000000000000000076
:108704000000000000000000000000000000000065
:108714000000000000000000000000000000000055
:108724000000000000000000000000000000000045
:108734000000000000000000000000000000000035
:108744000000000000000000000000000000000025
:108754000000000000000000000000000000000015
:108764000000000000000000000000000000000005
:1087740000000000000000000000000000000000F5
:1087840000000000000000000000000000000000E5
:1087940000000000000000000000000000000000D5
:1087A40000000000000000000000000000000000C5
:1087B40000000000000000000000000000000000B5
:1087C40000000000000000000000000000000000A5
:1087D4000000000000000000000000000000000095
:1087E4000000000000000000000000000000000085
:1087F4000000000000000000000000000000000075
:108804000000000000000000000000000000000064
:108814000000000000000000000000000000000054
:108824000000000000000000000000000000000044
:108834000000000000000000000000000000000034
:108844000000000000000000000000000000000024
:108854000000000000000000000000000000000014
:108864000000000000000000000000000000000004
:1088740000000000000000000000000000000000F4
:1088840000000000000000000000000000000000E4
:1088940000000000000000000000000000000000D4
:1088A40000000000000000000000000000000000C4
:1088B40000000000000000000000000000000000B4
:1088C40000000000000000000000000000000000A4
:1088D4000000000000000000000000000000000094
:1088E4000000000000000000000000000000000084
:1088F4000000000000000000000000000000000074
:108904000000000000000000000000000000000063
:108914000000000000000000000000000000000053
:108924000000000000000000000000000000000043
:108934000000000000000000000000000000000033
:108944000000000000000000000000000000000023
:108954000000000000000000000000000000000013
:108964000000000000000000000000000000000003
:1089740000000000000000000000000000000000F3
:1089840000000000000000000000000000000000E3
:1089940000000000000000000000000000000000D3
:1089A40000000000000000000000000000000000C3
:1089B40000000000000000000000000000000000B3
:1089C40000000000000000000000000000000000A3
:1089D4000000000000000000000000000000000093
:1089E4000000000000000000000000000000000083
:1089F4000000000000000000000000000000000073
:108A04000000000000000000000000000000000062
:108A14000000000000000000000000000000000052
:108A24000000000000000000000000000000000042
:108A34000000000000000000000000000000000032
:108A44000000000000000000000000000000000022
:108A54000000000000000000000000000000000012
:108A64000000000000000000000000000000000002
:108A740000000000000000000000000000000000F2
:108A840000000000000000000000000000000000E2
:108A940000000000000000000000000000000000D2
:108AA40000000000000000000000000000000000C2
:108AB40000000000000000000000000000000000B2
:108AC40000000000000000000000000000000000A2
:108AD4000000000000000000000000000000000092
:108AE4000000000000000000000000000000000082
:108AF4000000000000000000000000000000000072
:108B04000000000000000000000000000000000061
:108B14000000000000000000000000000000000051
:108B24000000000000000000000000000000000041
:108B34000000000000000000000000000000000031
:108B44000000000000000000000000000000000021
:108B54000000000000000000000000000000000011
:108B64000000000000000000000000000000000001
:108B740000000000000000000000000000000000F1
:108B840000000000000000000000000000000000E1
:108B940000000000000000000000000000000000D1
:108BA40000000000000000000000000000000000C1
:108BB40000000000000000000000000000000000B1
:108BC40000000000000000000000000000000000A1
:108BD4000000000000000000000000000000000091
:108BE4000000000000000000000000000000000081
:108BF4000000000000000000000000000000000071
:108C04000000000000000000000000000000000060
:108C14000000000000000000000000000000000050
:108C24000000000000000000000000000000000040
:108C34000000000000000000000000000000000030
:108C44000000000000000000000000000000000020
:108C54000000000000000000000000000000000010
:108C64000000000000000000000000000000000000
:108C740000000000000000000000000000000000F0
:108C840000000000000000000000000000000000E0
:108C940000000000000000000000000000000000D0
:108CA40000000000000000000000000000000000C0
:108CB40000000000000000000000000000000000B0
:108CC40000000000000000000000000000000000A0
:108CD4000000000000000000000000000000000090
:108CE4000000000000000000000000000000000080
:108CF4000000000000000000000000000000000070
:108D0400000000000000000000000000000000005F
:108D1400000000000000000000000000000000004F
:108D2400000000000000000000000000000000003F
:108D3400000000000000000000000000000000002F
:108D4400000000000000000000000000000000001F
:108D5400000000000000000000000000000000000F
:108D640000000000000000000000000000000000FF
:108D740000000000000000000000000000000000EF
:108D840000000000000000000000000000000000DF
:108D940000000000000000000000000000000000CF
:108DA40000000000000000000000000000000000BF
:108DB40000000000000000000000000000000000AF
:108DC400000000000000000000000000000000009F
:108DD400000000000000000000000000000000008F
:108DE400000000000000000000000000000000007F
:108DF400000000000000000000000000000000006F
:108E0400000000000000000000000000000000005E
:108E1400000000000000000000000000000000004E
:108E2400000000000000000000000000000000003E
:108E3400000000000000000000000000000000002E
:108E4400000000000000000000000000000000001E
:108E5400000000000000000000000000000000000E
:108E640000000000000000000000000000000000FE
:108E740000000000000000000000000000000000EE
:108E840000000000000000000000000000000000DE
:108E940000000000000000000000000000000000CE
:108EA40000000000000000000000000000000000BE
:108EB40000000000000000000000000000000000AE
:108EC400000000000000000000000000000000009E
:108ED400000000000000000000000000000000008E
:108EE400000000000000000000000000000000007E
:108EF400000000000000000000000000000000006E
:108F0400000000000000000000000000000000005D
:108F1400000000000000000000000000000000004D
:108F2400000000000000000000000000000000003D
:108F3400000000000000000000000000000000002D
:108F4400000000000000000000000000000000001D
:108F5400000000000000000000000000000000000D
:108F640000000000000000000000000000000000FD
:108F740000000000000000000000000000000000ED
:108F840000000000000000000000000000000000DD
:108F940000000000000000000000000000000000CD
:108FA40000000000000000000000000000000000BD
:108FB40000000000000000000000000000000000AD
:108FC400000000000000000000000000000000009D
:108FD400000000000000000000000000000000008D
:108FE400000000000000000000000000000000007D
:108FF400000000000000000000000000000000006D
:10900400000000000000000000000000000000005C
:10901400000000000000000000000000000000004C
:10902400000000000000000000000000000000003C
:10903400000000000000000000000000000000002C
:10904400000000000000000000000000000000001C
:10905400000000000000000000000000000000000C
:1090640000000000000000000000000000000000FC
:1090740000000000000000000000000000000000EC
:1090840000000000000000000000000000000000DC
:1090940000000000000000000000000000000000CC
:1090A40000000000000000000000000000000000BC
:1090B40000000000000000000000000000000000AC
:1090C400000000000000000000000000000000009C
:1090D400000000000000000000000000000000008C
:1090E400000000000000000000000000000000007C
:1090F400000000000000000000000000000000006C
:10910400000000000000000000000000000000005B
:10911400000000000000000000000000000000004B
:10912400000000000000000000000000000000003B
:10913400000000000000000000000000000000002B
:10914400000000000000000000000000000000001B
:10915400000000000000000000000000000000000B
:1091640000000000000000000000000000000000FB
:1091740000000000000000000000000000000000EB
:1091840000000000000000000000000000000000DB
:1091940000000000000000000000000000000000CB
:1091A40000000000000000000000000000000000BB
:1091B40000000000000000000000000000000000AB
:1091C400000000000000000000000000000000009B
:1091D400000000000000000000000000000000008B
:1091E400000000000000000000000000000000007B
:1091F400000000000000000000000000000000006B
:10920400000000000000000000000000000000005A
:10921400000000000000000000000000000000004A
:10922400000000000000000000000000000000003A
:10923400000000000000000000000000000000002A
:10924400000000000000000000000000000000001A
:10925400000000000000000000000000000000000A
:1092640000000000000000000000000000000000FA
:1092740000000000000000000000000000000000EA
:1092840000000000000000000000000000000000DA
:1092940000000000000000000000000000000000CA
:1092A40000000000000000000000000000000000BA
:1092B40000000000000000000000000000000000AA
:1092C400000000000000000000000000000000009A
:1092D400000000000000000000000000000000008A
:1092E400000000000000000000000000000000007A
:1092F400000000000000000000000000000000006A
:109304000000000000000000000000000000000059
:109314000000000000000000000000000000000049
:109324000000000000000000000000000000000039
:109334000000000000000000000000000000000029
:109344000000000000000000000000000000000019
:109354000000000000000000000000000000000009
:1093640000000000000000000000000000000000F9
:1093740000000000000000000000000000000000E9
:1093840000000000000000000000000000000000D9
:1093940000000000000000000000000000000000C9
:1093A40000000000000000000000000000000000B9
:1093B40000000000000000000000000000000000A9
:1093C4000000000000000000000000000000000099
:1093D4000000000000000000000000000000000089
:1093E4000000000000000000000000000000000079
:1093F4000000000000000000000000000000000069
:109404000000000000000000000000000000000058
:109414000000000000000000000000000000000048
:109424000000000000000000000000000000000038
:109434000000000000000000000000000000000028
:109444000000000000000000000000000000000018
:109454000000000000000000000000000000000008
:1094640000000000000000000000000000000000F8
:1094740000000000000000000000000000000000E8
:1094840000000000000000000000000000000000D8
:1094940000000000000000000000000000000000C8
:1094A40000000000000000000000000000000000B8
:1094B40000000000000000000000000000000000A8
:1094C4000000000000000000000000000000000098
:1094D4000000000000000000000000000000000088
:1094E4000000000000000000000000000000000078
:1094F4000000000000000000000000000000000068
:109504000000000000000000000000000000000057
:109514000000000000000000000000000000000047
:109524000000000000000000000000000000000037
:109534000000000000000000000000000000000027
:109544000000000000000000000000000000000017
:109554000000000000000000000000000000000007
:1095640000000000000000000000000000000000F7
:1095740000000000000000000000000000000000E7
:1095840000000000000000000000000000000000D7
:1095940000000000000000000000000000000000C7
:1095A40000000000000000000000000000000000B7
:1095B40000000000000000000000000000000000A7
:1095C4000000000000000000000000000000000097
:1095D4000000000000000000000000000000000087
:1095E4000000000000000000000000000000000077
:1095F4000000000000000000000000000000000067
:109604000000000000000000000000000000000056
:109614000000000000000000000000000000000046
:109624000000000000000000000000000000000036
:109634000000000000000000000000000000000026
:109644000000000000000000000000000000000016
:109654000000000000000000000000000000000006
:1096640000000000000000000000000000000000F6
:1096740000000000000000000000000000000000E6
:1096840000000000000000000000000000000000D6
:1096940000000000000000000000000000000000C6
:1096A40000000000000000000000000000000000B6
:1096B40000000000000000000000000000000000A6
:1096C4000000000000000000000000000000000096
:1096D4000000000000000000000000000000000086
:1096E4000000000000000000000000000000000076
:1096F4000000000000000000000000000000000066
:109704000000000000000000000000000000000055
:109714000000000000000000000000000000000045
:109724000000000000000000000000000000000035
:109734000000000000000000000000000000000025
:109744000000000000000000000000000000000015
:109754000000000000000000000000000000000005
:1097640000000000000000000000000000000000F5
:1097740000000000000000000000000000000000E5
:1097840000000000000000000000000000000000D5
:1097940000000000000000000000000000000000C5
:1097A40000000000000000000000000000000000B5
:1097B40000000000000000000000000000000000A5
:1097C4000000000000000000000000000000000095
:1097D4000000000000000000000000000000000085
:1097E4000000000000000000000000000000000075
:1097F4000000000000000000000000000000000065
:109804000000000000000000000000000000000054
:109814000000000000000000000000000000000044
:109824000000000000000000000000000000000034
:109834000000000000000000000000000000000024
:109844000000000000000000000000000000000014
:109854000000000000000000000000000000000004
:1098640000000000000000000000000000000000F4
:1098740000000000000000000000000000000000E4
:1098840000000000000000000000000000000000D4
:1098940000000000000000000000000000000000C4
:1098A40000000000000000000000000000000000B4
:1098B40000000000000000000000000000000000A4
:1098C4000000000000000000000000000000000094
:1098D4000000000000000000000000000000000084
:1098E4000000000000000000000000000000000074
:1098F4000000000000000000000000000000000064
:109904000000000000000000000000000000000053
:109914000000000000000000000000000000000043
:109924000000000000000000000000000000000033
:109934000000000000000000000000000000000023
:109944000000000000000000000000000000000013
:109954000000000000000000000000000000000003
:1099640000000000000000000000000000000000F3
:1099740000000000000000000000000000000000E3
:1099840000000000000000000000000000000000D3
:1099940000000000000000000000000000000000C3
:1099A40000000000000000000000000000000000B3
:1099B40000000000000000000000000000000000A3
:1099C4000000000000000000000000000000000093
:1099D4000000000000000000000000000000000083
:1099E4000000000000000000000000000000000073
:1099F4000000000000000000000000000000000063
:109A04000000000000000000000000000000000052
:109A14000000000000000000000000000000000042
:109A24000000000000000000000000000000000032
:109A34000000000000000000000000000000000022
:109A44000000000000000000000000000000000012
:109A54000000000000000000000000000000000002
:109A640000000000000000000000000000000000F2
:109A740000000000000000000000000000000000E2
:109A840000000000000000000000000000000000D2
:109A940000000000000000000000000000000000C2
:109AA40000000000000000000000000000000000B2
:109AB40000000000000000000000000000000000A2
:109AC4000000000000000000000000000000000092
:109AD4000000000000000000000000000000000082
:109AE4000000000000000000000000000000000072
:109AF4000000000000000000000000000000000062
:109B04000000000000000000000000000000000051
:109B14000000000000000000000000000000000041
:109B24000000000000000000000000000000000031
:109B34000000000000000000000000000000000021
:109B44000000000000000000000000000000000011
:109B54000000000000000000000000000000000001
:109B640000000000000000000000000000000000F1
:109B740000000000000000000000000000000000E1
:109B840000000000000000000000000000000000D1
:109B940000000000000000000000000000000000C1
:109BA40000000000000000000000000000000000B1
:109BB40000000000000000000000000000000000A1
:109BC4000000000000000000000000000000000091
:109BD4000000000000000000000000000000000081
:109BE4000000000000000000000000000000000071
:109BF4000000000000000000000000000000000061
:109C04000000000000000000000000000000000050
:109C14000000000000000000000000000000000040
:109C24000000000000000000000000000000000030
:109C34000000000000000000000000000000000020
:109C44000000000000000000000000000000000010
:109C54000000000000000000000000000000000000
:109C640000000000000000000000000000000000F0
:109C740000000000000000000000000000000000E0
:109C840000000000000000000000000000000000D0
:109C940000000000000000000000000000000000C0
:109CA40000000000000000000000000000000000B0
:109CB40000000000000000000000000000000000A0
:109CC4000000000000000000000000000000000090
:109CD4000000000000000000000000000000000080
:109CE4000000000000000000000000000000000070
:109CF4000000000000000000000000000000000060
:109D0400000000000000000000000000000000004F
:109D1400000000000000000000000000000000003F
:109D2400000000000000000000000000000000002F
:109D3400000000000000000000000000000000001F
:109D4400000000000000000000000000000000000F
:109D540000000000000000000000000000000000FF
:109D640000000000000000000000000000000000EF
:109D740000000000000000000000000000000000DF
:109D840000000000000000000000000000000000CF
:109D940000000000000000000000000000000000BF
:109DA40000000000000000000000000000000000AF
:109DB400000000000000000000000000000000009F
:109DC400000000000000000000000000000000008F
:109DD400000000000000000000000000000000007F
:109DE400000000000000000000000000000000006F
:109DF400000000000000000000000000000000005F
:109E0400000000000000000000000000000000004E
:109E1400000000000000000000000000000000003E
:109E2400000000000000000000000000000000002E
:109E3400000000000000000000000000000000001E
:109E4400000000000000000000000000000000000E
:109E540000000000000000000000000000000000FE
:109E640000000000000000000000000000000000EE
:109E740000000000000000000000000000000000DE
:109E840000000000000000000000000000000000CE
:109E940000000000000000000000000000000000BE
:109EA40000000000000000000000000000000000AE
:109EB400000000000000000000000000000000009E
:109EC400000000000000000000000000000000008E
:109ED400000000000000000000000000000000007E
:109EE400000000000000000000000000000000006E
:109EF400000000000000000000000000000000005E
:109F0400000000000000000000000000000000004D
:109F1400000000000000000000000000000000003D
:109F2400000000000000000000000000000000002D
:109F3400000000000000000000000000000000001D
:109F4400000000000000000000000000000000000D
:109F540000000000000000000000000000000000FD
:109F640000000000000000000000000000000000ED
:109F740000000000000000000000000000000000DD
:109F840000000000000000000000000000000000CD
:109F940000000000000000000000000000000000BD
:109FA40000000000000000000000000000000000AD
:109FB400000000000000000000000000000000009D
:109FC400000000000000000000000000000000008D
:109FD400000000000000000000000000000000007D
:109FE400000000000000000000000000000000006D
:109FF400000000000000000000000000000000005D
:10A00400000000000000000000000000000000004C
:10A01400000000000000000000000000000000003C
:10A02400000000000000000000000000000000002C
:10A03400000000000000000000000000000000001C
:10A04400000000000000000000000000000000000C
:10A0540000000000000000000000000000000000FC
:10A0640000000000000000000000000000000000EC
:10A0740000000000000000000000000000000000DC
:10A0840000000000000000000000000000000000CC
:10A0940000000000000000000000000000000000BC
:10A0A40000000000000000000000000000000000AC
:10A0B400000000000000000000000000000000009C
:10A0C400000000000000000000000000000000008C
:10A0D400000000000000000000000000000000007C
:10A0E400000000000000000000000000000000006C
:10A0F400000000000000000000000000000000005C
:10A10400000000000000000000000000000000004B
:10A11400000000000000000000000000000000003B
:10A12400000000000000000000000000000000002B
:10A13400000000000000000000000000000000001B
:10A14400000000000000000000000000000000000B
:10A1540000000000000000000000000000000000FB
:10A1640000000000000000000000000000000000EB
:10A1740000000000000000000000000000000000DB
:10A1840000000000000000000000000000000000CB
:10A1940000000000000000000000000000000000BB
:10A1A40000000000000000000000000000000000AB
:10A1B400000000000000000000000000000000009B
:10A1C400000000000000000000000000000000008B
:10A1D400000000000000000000000000000000007B
:10A1E400000000000000000000000000000000006B
:10A1F400000000000000000000000000000000005B
:10A20400000000000000000000000000000000004A
:10A21400000000000000000000000000000000003A
:10A22400000000000000000000000000000000002A
:10A23400000000000000000000000000000000001A
:10A24400000000000000000000000000000000000A
:10A2540000000000000000000000000000000000FA
:10A2640000000000000000000000000000000000EA
:10A2740000000000000000000000000000000000DA
:10A2840000000000000000000000000000000000CA
:10A2940000000000000000000000000000000000BA
:10A2A40000000000000000000000000000000000AA
:10A2B400000000000000000000000000000000009A
:10A2C400000000000000000000000000000000008A
:10A2D400000000000000000000000000000000007A
:10A2E400000000000000000000000000000000006A
:10A2F400000000000000000000000000000000005A
:10A304000000000000000000000000000000000049
:10A314000000000000000000000000000000000039
:10A324000000000000000000000000000000000029
:10A334000000000000000000000000000000000019
:10A344000000000000000000000000000000000009
:10A3540000000000000000000000000000000000F9
:10A3640000000000000000000000000000000000E9
:10A3740000000000000000000000000000000000D9
:10A3840000000000000000000000000000000000C9
:10A3940000000000000000000000000000000000B9
:10A3A40000000000000000000000000000000000A9
:10A3B4000000000000000000000000000000000099
:10A3C4000000000000000000000000000000000089
:10A3D4000000000000000000000000000000000079
:10A3E4000000000000000000000000000000000069
:10A3F4000000000000000000000000000000000059
:10A404000000000000000000000000000000000048
:10A414000000000000000000000000000000000038
:10A424000000000000000000000000000000000028
:10A434000000000000000000000000000000000018
:10A444000000000000000000000000000000000008
:10A4540000000000000000000000000000000000F8
:10A4640000000000000000000000000000000000E8
:10A4740000000000000000000000000000000000D8
:10A4840000000000000000000000000000000000C8
:10A4940000000000000000000000000000000000B8
:10A4A40000000000000000000000000000000000A8
:10A4B4000000000000000000000000000000000098
:10A4C4000000000000000000000000000000000088
:10A4D4000000000000000000000000000000000078
:10A4E4000000000000000000000000000000000068
:10A4F4000000000000000000000000000000000058
:10A504000000000000000000000000000000000047
:10A514000000000000000000000000000000000037
:10A524000000000000000000000000000000000027
:10A534000000000000000000000000000000000017
:10A544000000000000000000000000000000000007
:10A5540000000000000000000000000000000000F7
:10A5640000000000000000000000000000000000E7
:10A5740000000000000000000000000000000000D7
:10A5840000000000000000000000000000000000C7
:10A5940000000000000000000000000000000000B7
:10A5A40000000000000000000000000000000000A7
:10A5B4000000000000000000000000000000000097
:10A5C4000000000000000000000000000000000087
:10A5D4000000000000000000000000000000000077
:10A5E4000000000000000000000000000000000067
:10A5F4000000000000000000000000000000000057
:10A604000000000000000000000000000000000046
:10A614000000000000000000000000000000000036
:10A624000000000000000000000000000000000026
:10A634000000000000000000000000000000000016
:10A644000000000000000000000000000000000006
:10A6540000000000000000000000000000000000F6
:10A6640000000000000000000000000000000000E6
:10A6740000000000000000000000000000000000D6
:10A6840000000000000000000000000000000000C6
:10A6940000000000000000000000000000000000B6
:10A6A40000000000000000000000000000000000A6
:10A6B4000000000000000000000000000000000096
:10A6C4000000000000000000000000000000000086
:10A6D4000000000000000000000000000000000076
:10A6E4000000000000000000000000000000000066
:10A6F4000000000000000000000000000000000056
:10A704000000000000000000000000000000000045
:10A714000000000000000000000000000000000035
:10A724000000000000000000000000000000000025
:10A734000000000000000000000000000000000015
:10A744000000000000000000000000000000000005
:10A7540000000000000000000000000000000000F5
:10A7640000000000000000000000000000000000E5
:10A7740000000000000000000000000000000000D5
:10A7840000000000000000000000000000000000C5
:10A7940000000000000000000000000000000000B5
:10A7A40000000000000000000000000000000000A5
:10A7B4000000000000000000000000000000000095
:10A7C4000000000000000000000000000000000085
:10A7D4000000000000000000000000000000000075
:10A7E4000000000000000000000000000000000065
:10A7F4000000000000000000000000000000000055
:10A804000000000000000000000000000000000044
:10A814000000000000000000000000000000000034
:10A824000000000000000000000000000000000024
:10A834000000000000000000000000000000000014
:10A844000000000000000000000000000000000004
:10A8540000000000000000000000000000000000F4
:10A8640000000000000000000000000000000000E4
:10A8740000000000000000000000000000000000D4
:10A8840000000000000000000000000000000000C4
:10A8940000000000000000000000000000000000B4
:10A8A40000000000000000000000000000000000A4
:10A8B4000000000000000000000000000000000094
:10A8C4000000000000000000000000000000000084
:10A8D4000000000000000000000000000000000074
:10A8E4000000000000000000000000000000000064
:10A8F4000000000000000000000000000000000054
:10A904000000000000000000000000000000000043
:10A914000000000000000000000000000000000033
:10A924000000000000000000000000000000000023
:10A934000000000000000000000000000000000013
:10A944000000000000000000000000000000000003
:10A9540000000000000000000000000000000000F3
:10A9640000000000000000000000000000000000E3
:10A9740000000000000000000000000000000000D3
:10A9840000000000000000000000000000000000C3
:10A9940000000000000000000000000000000000B3
:10A9A40000000000000000000000000000000000A3
:10A9B4000000000000000000000000000000000093
:10A9C4000000000000000000000000000000000083
:10A9D4000000000000000000000000000000000073
:10A9E4000000000000000000000000000000000063
:10A9F4000000000000000000000000000000000053
:10AA04000000000000000000000000000000000042
:10AA14000000000000000000000000000000000032
:10AA24000000000000000000000000000000000022
:10AA34000000000000000000000000000000000012
:10AA44000000000000000000000000000000000002
:10AA540000000000000000000000000000000000F2
:10AA640000000000000000000000000000000000E2
:10AA740000000000000000000000000000000000D2
:10AA840000000000000000000000000000000000C2
:10AA940000000000000000000000000000000000B2
:10AAA40000000000000000000000000000000000A2
:10AAB4000000000000000000000000000000000092
:10AAC4000000000000000000000000000000000082
:10AAD4000000000000000000000000000000000072
:10AAE4000000000000000000000000000000000062
:10AAF4000000000000000000000000000000000052
:10AB04000000000000000000000000000000000041
:10AB14000000000000000000000000000000000031
:10AB24000000000000000000000000000000000021
:10AB34000000000000000000000000000000000011
:10AB44000000000000000000000000000000000001
:10AB540000000000000000000000000000000000F1
:10AB640000000000000000000000000000000000E1
:10AB740000000000000000000000000000000000D1
:10AB840000000000000000000000000000000000C1
:10AB940000000000000000000000000000000000B1
:10ABA40000000000000000000000000000000000A1
:10ABB4000000000000000000000000000000000091
:10ABC4000000000000000000000000000000000081
:10ABD4000000000000000000000000000000000071
:10ABE4000000000000000000000000000000000061
:10ABF4000000000000000000000000000000000051
:10AC04000000000000000000000000000000000040
:10AC14000000000000000000000000000000000030
:10AC24000000000000000000000000000000000020
:10AC34000000000000000000000000000000000010
:10AC44000000000000000000000000000000000000
:10AC540000000000000000000000000000000000F0
:10AC640000000000000000000000000000000000E0
:10AC740000000000000000000000000000000000D0
:10AC840000000000000000000000000000000000C0
:10AC940000000000000000000000000000000000B0
:10ACA40000000000000000000000000000000000A0
:10ACB4000000000000000000000000000000000090
:10ACC4000000000000000000000000000000000080
:10ACD4000000000000000000000000000000000070
:10ACE4000000000000000000000000000000000060
:10ACF4000000000000000000000000000000000050
:10AD0400000000000000000000000000000000003F
:10AD1400000000000000000000000000000000002F
:10AD2400000000000000000000000000000000001F
:10AD3400000000000000000000000000000000000F
:10AD440000000000000000000000000000000000FF
:10AD540000000000000000000000000000000000EF
:10AD640000000000000000000000000000000000DF
:10AD740000000000000000000000000000000000CF
:10AD840000000000000000000000000000000000BF
:10AD940000000000000000000000000000000000AF
:10ADA400000000000000000000000000000000009F
:10ADB400000000000000000000000000000000008F
:10ADC400000000000000000000000000000000007F
:10ADD400000000000000000000000000000000006F
:10ADE400000000000000000000000000000000005F
:10ADF400000000000000000000000000000000004F
:10AE0400000000000000000000000000000000003E
:10AE1400000000000000000000000000000000002E
:10AE2400000000000000000000000000000000001E
:10AE3400000000000000000000000000000000000E
:10AE440000000000000000000000000000000000FE
:10AE540000000000000000000000000000000000EE
:10AE640000000000000000000000000000000000DE
:10AE740000000000000000000000000000000000CE
:10AE840000000000000000000000000000000000BE
:10AE940000000000000000000000000000000000AE
:10AEA400000000000000000000000000000000009E
:10AEB400000000000000000000000000000000008E
:10AEC400000000000000000000000000000000007E
:10AED400000000000000000000000000000000006E
:10AEE400000000000000000000000000000000005E
:10AEF400000000000000000000000000000000004E
:10AF0400000000000000000000000000000000003D
:10AF1400000000000000000000000000000000002D
:10AF2400000000000000000000000000000000001D
:10AF3400000000000000000000000000000000000D
:10AF440000000000000000000000000000000000FD
:10AF540000000000000000000000000000000000ED
:10AF640000000000000000000000000000000000DD
:10AF740000000000000000000000000000000000CD
:10AF840000000000000000000000000000000000BD
:10AF940000000000000000000000000000000000AD
:10AFA400000000000000000000000000000000009D
:10AFB400000000000000000000000000000000008D
:10AFC400000000000000000000000000000000007D
:10AFD400000000000000000000000000000000006D
:10AFE400000000000000000000000000000000005D
:10AFF400000000000000000000000000000000004D
:10B00400000000000000000000000000000000003C
:10B01400000000000000000000000000000000002C
:10B02400000000000000000000000000000000001C
:10B03400000000000000000000000000000000000C
:10B0440000000000000000000000000000000000FC
:10B0540000000000000000000000000000000000EC
:10B0640000000000000000000000000000000000DC
:10B0740000000000000000000000000000000000CC
:10B0840000000000000000000000000000000000BC
:10B0940000000000000000000000000000000000AC
:10B0A400000000000000000000000000000000009C
:10B0B400000000000000000000000000000000008C
:10B0C400000000000000000000000000000000007C
:10B0D400000000000000000000000000000000006C
:10B0E400000000000000000000000000000000005C
:10B0F400000000000000000000000000000000004C
:10B10400000000000000000000000000000000003B
:10B11400000000000000000000000000000000002B
:10B12400000000000000000000000000000000001B
:10B13400000000000000000000000000000000000B
:10B1440000000000000000000000000000000000FB
:10B1540000000000000000000000000000000000EB
:10B1640000000000000000000000000000000000DB
:10B1740000000000000000000000000000000000CB
:10B1840000000000000000000000000000000000BB
:10B1940000000000000000000000000000000000AB
:10B1A400000000000000000000000000000000009B
:10B1B400000000000000000000000000000000008B
:10B1C400000000000000000000000000000000007B
:10B1D400000000000000000000000000000000006B
:10B1E400000000000000000000000000000000005B
:10B1F400000000000000000000000000000000004B
:10B20400000000000000000000000000000000003A
:10B21400000000000000000000000000000000002A
:10B22400000000000000000000000000000000001A
:10B23400000000000000000000000000000000000A
:10B2440000000000000000000000000000000000FA
:10B2540000000000000000000000000000000000EA
:10B2640000000000000000000000000000000000DA
:10B2740000000000000000000000000000000000CA
:10B2840000000000000000000000000000000000BA
:10B2940000000000000000000000000000000000AA
:10B2A400000000000000000000000000000000009A
:10B2B400000000000000000000000000000000008A
:10B2C400000000000000000000000000000000007A
:10B2D400000000000000000000000000000000006A
:10B2E400000000000000000000000000000000005A
:10B2F400000000000000000000000000000000004A
:10B304000000000000000000000000000000000039
:10B314000000000000000000000000000000000029
:10B324000000000000000000000000000000000019
:10B334000000000000000000000000000000000009
:10B3440000000000000000000000000000000000F9
:10B3540000000000000000000000000000000000E9
:10B3640000000000000000000000000000000000D9
:10B3740000000000000000000000000000000000C9
:10B3840000000000000000000000000000000000B9
:10B3940000000000000000000000000000000000A9
:10B3A4000000000000000000000000000000000099
:10B3B4000000000000000000000000000000000089
:10B3C4000000000000000000000000000000000079
:10B3D4000000000000000000000000000000000069
:10B3E4000000000000000000000000000000000059
:10B3F4000000000000000000000000000000000049
:10B404000000000000000000000000000000000038
:10B414000000000000000000000000000000000028
:10B424000000000000000000000000000000000018
:10B434000000000000000000000000000000000008
:10B4440000000000000000000000000000000000F8
:10B4540000000000000000000000000000000000E8
:10B4640000000000000000000000000000000000D8
:10B4740000000000000000000000000000000000C8
:10B4840000000000000000000000000000000000B8
:10B4940000000000000000000000000000000000A8
:10B4A4000000000000000000000000000000000098
:10B4B4000000000000000000000000000000000088
:10B4C4000000000000000000000000000000000078
:10B4D4000000000000000000000000000000000068
:10B4E4000000000000000000000000000000000058
:10B4F4000000000000000000000000000000000048
:10B504000000000000000000000000000000000037
:10B514000000000000000000000000000000000027
:10B524000000000000000000000000000000000017
:10B534000000000000000000000000000000000007
:10B5440000000000000000000000000000000000F7
:10B5540000000000000000000000000000000000E7
:10B5640000000000000000000000000000000000D7
:10B5740000000000000000000000000000000000C7
:10B5840000000000000000000000000000000000B7
:10B5940000000000000000000000000000000000A7
:10B5A4000000000000000000000000000000000097
:10B5B4000000000000000000000000000000000087
:10B5C4000000000000000000000000000000000077
:10B5D4000000000000000000000000000000000067
:10B5E4000000000000000000000000000000000057
:10B5F4000000000000000000000000000000000047
:10B604000000000000000000000000000000000036
:10B614000000000000000000000000000000000026
:10B624000000000000000000000000000000000016
:10B634000000000000000000000000000000000006
:10B6440000000000000000000000000000000000F6
:10B6540000000000000000000000000000000000E6
:10B6640000000000000000000000000000000000D6
:10B6740000000000000000000000000000000000C6
:10B6840000000000000000000000000000000000B6
:10B6940000000000000000000000000000000000A6
:10B6A4000000000000000000000000000000000096
:10B6B4000000000000000000000000000000000086
:10B6C4000000000000000000000000000000000076
:10B6D4000000000000000000000000000000000066
:10B6E4000000000000000000000000000000000056
:10B6F4000000000000000000000000000000000046
:10B704000000000000000000000000000000000035
:10B714000000000000000000000000000000000025
:10B724000000000000000000000000000000000015
:10B734000000000000000000000000000000000005
:10B7440000000000000000000000000000000000F5
:10B7540000000000000000000000000000000000E5
:10B7640000000000000000000000000000000000D5
:10B7740000000000000000000000000000000000C5
:10B7840000000000000000000000000000000000B5
:10B7940000000000000000000000000000000000A5
:10B7A4000000000000000000000000000000000095
:10B7B4000000000000000000000000000000000085
:10B7C4000000000000000000000000000000000075
:10B7D4000000000000000000000000000000000065
:10B7E4000000000000000000000000000000000055
:10B7F4000000000000000000000000000000000045
:10B804000000000000000000000000000000000034
:10B814000000000000000000000000000000000024
:10B824000000000000000000000000000000000014
:10B834000000000000000000000000000000000004
:10B8440000000000000000000000000000000000F4
:10B8540000000000000000000000000000000000E4
:10B8640000000000000000000000000000000000D4
:10B8740000000000000000000000000000000000C4
:10B8840000000000000000000000000000000000B4
:10B8940000000000000000000000000000000000A4
:10B8A4000000000000000000000000000000000094
:10B8B4000000000000000000000000000000000084
:10B8C4000000000000000000000000000000000074
:10B8D4000000000000000000000000000000000064
:10B8E4000000000000000000000000000000000054
:10B8F4000000000000000000000000000000000044
:10B904000000000000000000000000000000000033
:10B914000000000000000000000000000000000023
:10B924000000000000000000000000000000000013
:10B934000000000000000000000000000000000003
:10B9440000000000000000000000000000000000F3
:10B9540000000000000000000000000000000000E3
:10B9640000000000000000000000000000000000D3
:10B9740000000000000000000000000000000000C3
:10B9840000000000000000000000000000000000B3
:10B9940000000000000000000000000000000000A3
:10B9A4000000000000000000000000000000000093
:10B9B4000000000000000000000000000000000083
:10B9C4000000000000000000000000000000000073
:10B9D4000000000000000000000000000000000063
:10B9E4000000000000000000000000000000000053
:10B9F4000000000000000000000000000000000043
:10BA04000000000000000000000000000000000032
:10BA14000000000000000000000000000000000022
:10BA24000000000000000000000000000000000012
:10BA34000000000000000000000000000000000002
:10BA440000000000000000000000000000000000F2
:10BA540000000000000000000000000000000000E2
:10BA640000000000000000000000000000000000D2
:10BA740000000000000000000000000000000000C2
:10BA840000000000000000000000000000000000B2
:10BA940000000000000000000000000000000000A2
:10BAA4000000000000000000000000000000000092
:10BAB4000000000000000000000000000000000082
:10BAC4000000000000000000000000000000000072
:10BAD4000000000000000000000000000000000062
:10BAE4000000000000000000000000000000000052
:10BAF4000000000000000000000000000000000042
:10BB04000000000000000000000000000000000031
:10BB14000000000000000000000000000000000021
:10BB24000000000000000000000000000000000011
:10BB34000000000000000000000000000000000001
:10BB440000000000000000000000000000000000F1
:10BB540000000000000000000000000000000000E1
:10BB640000000000000000000000000000000000D1
:10BB740000000000000000000000000000000000C1
:10BB840000000000000000000000000000000000B1
:10BB940000000000000000000000000000000000A1
:10BBA4000000000000000000000000000000000091
:10BBB4000000000000000000000000000000000081
:10BBC4000000000000000000000000000000000071
:10BBD4000000000000000000000000000000000061
:10BBE4000000000000000000000000000000000051
:10BBF4000000000000000000000000000000000041
:10BC04000000000000000000000000000000000030
:10BC14000000000000000000000000000000000020
:10BC24000000000000000000000000000000000010
:10BC34000000000000000000000000000000000000
:10BC440000000000000000000000000000000000F0
:10BC540000000000000000000000000000000000E0
:10BC640000000000000000000000000000000000D0
:10BC740000000000000000000000000000000000C0
:10BC840000000000000000000000000000000000B0
:10BC940000000000000000000000000000000000A0
:10BCA4000000000000000000000000000000000090
:10BCB4000000000000000000000000000000000080
:10BCC4000000000000000000000000000000000070
:10BCD4000000000000000000000000000000000060
:10BCE4000000000000000000000000000000000050
:10BCF4000000000000000000000000000000000040
:10BD0400000000000000000000000000000000002F
:10BD1400000000000000000000000000000000001F
:10BD2400000000000000000000000000000000000F
:10BD340000000000000000000000000000000000FF
:10BD440000000000000000000000000000000000EF
:10BD540000000000000000000000000000000000DF
:10BD640000000000000000000000000000000000CF
:10BD740000000000000000000000000000000000BF
:10BD840000000000000000000000000000000000AF
:10BD9400000000000000000000000000000000009F
:10BDA400000000000000000000000000000000008F
:10BDB400000000000000000000000000000000007F
:10BDC400000000000000000000000000000000006F
:10BDD400000000000000000000000000000000005F
:10BDE400000000000000000000000000000000004F
:10BDF400000000000000000000000000000000003F
:10BE0400000000000000000000000000000000002E
:10BE1400000000000000000000000000000000001E
:10BE2400000000000000000000000000000000000E
:10BE340000000000000000000000000000000000FE
:10BE440000000000000000000000000000000000EE
:10BE540000000000000000000000000000000000DE
:10BE640000000000000000000000000000000000CE
:10BE740000000000000000000000000000000000BE
:10BE840000000000000000000000000000000000AE
:10BE9400000000000000000000000000000000009E
:10BEA400000000000000000000000000000000008E
:10BEB400000000000000000000000000000000007E
:10BEC400000000000000000000000000000000006E
:10BED400000000000000000000000000000000005E
:10BEE400000000000000000000000000000000004E
:10BEF400000000000000000000000000000000003E
:10BF0400000000000000000000000000000000002D
:10BF1400000000000000000000000000000000001D
:10BF2400000000000000000000000000000000000D
:10BF340000000000000000000000000000000000FD
:10BF440000000000000000000000000000000000ED
:10BF540000000000000000000000000000000000DD
:10BF640000000000000000000000000000000000CD
:10BF740000000000000000000000000000000000BD
:10BF840000000000000000000000000000000000AD
:10BF9400000000000000000000000000000000009D
:10BFA400000000000000000000000000000000008D
:10BFB400000000000000000000000000000000007D
:10BFC400000000000000000000000000000000006D
:10BFD400000000000000000000000000000000005D
:10BFE400000000000000000000000000000000004D
:10BFF400000000000000000000000000000000003D
:10C00400000000000000000000000000000000002C
:10C01400000000000000000000000000000000001C
:10C02400000000000000000000000000000000000C
:10C0340000000000000000000000000000000000FC
:10C0440000000000000000000000000000000000EC
:10C0540000000000000000000000000000000000DC
:10C0640000000000000000000000000000000000CC
:10C0740000000000000000000000000000000000BC
:10C0840000000000000000000000000000000000AC
:10C09400000000000000000000000000000000009C
:10C0A400000000000000000000000000000000008C
:10C0B400000000000000000000000000000000007C
:10C0C400000000000000000000000000000000006C
:10C0D400000000000000000000000000000000005C
:10C0E400000000000000000000000000000000004C
:10C0F400000000000000000000000000000000003C
:10C10400000000000000000000000000000000002B
:10C11400000000000000000000000000000000001B
:10C12400000000000000000000000000000000000B
:10C1340000000000000000000000000000000000FB
:10C1440000000000000000000000000000000000EB
:10C1540000000000000000000000000000000000DB
:10C1640000000000000000000000000000000000CB
:10C1740000000000000000000000000000000000BB
:10C1840000000000000000000000000000000000AB
:10C19400000000000000000000000000000000009B
:10C1A400000000000000000000000000000000008B
:10C1B400000000000000000000000000000000007B
:10C1C400000000000000000000000000000000006B
:10C1D400000000000000000000000000000000005B
:10C1E400000000000000000000000000000000004B
:10C1F400000000000000000000000000000000003B
:10C20400000000000000000000000000000000002A
:10C21400000000000000000000000000000000001A
:10C22400000000000000000000000000000000000A
:10C2340000000000000000000000000000000000FA
:10C2440000000000000000000000000000000000EA
:10C2540000000000000000000000000000000000DA
:10C2640000000000000000000000000000000000CA
:10C2740000000000000000000000000000000000BA
:10C2840000000000000000000000000000000000AA
:10C29400000000000000000000000000000000009A
:10C2A400000000000000000000000000000000008A
:10C2B400000000000000000000000000000000007A
:10C2C400000000000000000000000000000000006A
:10C2D400000000000000000000000000000000005A
:10C2E400000000000000000000000000000000004A
:10C2F400000000000000000000000000000000003A
:10C304000000000000000000000000000000000029
:10C314000000000000000000000000000000000019
:10C324000000000000000000000000000000000009
:10C3340000000000000000000000000000000000F9
:10C3440000000000000000000000000000000000E9
:10C3540000000000000000000000000000000000D9
:10C3640000000000000000000000000000000000C9
:10C3740000000000000000000000000000000000B9
:10C3840000000000000000000000000000000000A9
:10C394000000000000000000000000000000000099
:10C3A4000000000000000000000000000000000089
:10C3B4000000000000000000000000000000000079
:10C3C4000000000000000000000000000000000069
:10C3D4000000000000000000000000000000000059
:10C3E4000000000000000000000000000000000049
:10C3F4000000000000000000000000000000000039
:10C404000000000000000000000000000000000028
:10C414000000000000000000000000000000000018
:10C424000000000000000000000000000000000008
:10C4340000000000000000000000000000000000F8
:10C4440000000000000000000000000000000000E8
:10C4540000000000000000000000000000000000D8
:10C4640000000000000000000000000000000000C8
:10C4740000000000000000000000000000000000B8
:10C4840000000000000000000000000000000000A8
:10C494000000000000000000000000000000000098
:10C4A4000000000000000000000000000000000088
:10C4B4000000000000000000000000000000000078
:10C4C4000000000000000000000000000000000068
:10C4D4000000000000000000000000000000000058
:10C4E4000000000000000000000000000000000048
:10C4F4000000000000000000000000000000000038
:10C504000000000000000000000000000000000027
:10C514000000000000000000000000000000000017
:10C524000000000000000000000000000000000007
:10C5340000000000000000000000000000000000F7
:10C5440000000000000000000000000000000000E7
:10C5540000000000000000000000000000000000D7
:10C5640000000000000000000000000000000000C7
:10C5740000000000000000000000000000000000B7
:10C5840000000000000000000000000000000000A7
:10C594000000000000000000000000000000000097
:10C5A4000000000000000000000000000000000087
:10C5B4000000000000000000000000000000000077
:10C5C4000000000000000000000000000000000067
:10C5D4000000000000000000000000000000000057
:10C5E4000000000000000000000000000000000047
:10C5F4000000000000000000000000000000000037
:10C604000000000000000000000000000000000026
:10C614000000000000000000000000000000000016
:10C624000000000000000000000000000000000006
:10C6340000000000000000000000000000000000F6
:10C6440000000000000000000000000000000000E6
:10C6540000000000000000000000000000000000D6
:10C6640000000000000000000000000000000000C6
:10C6740000000000000000000000000000000000B6
:10C6840000000000000000000000000000000000A6
:10C694000000000000000000000000000000000096
:10C6A4000000000000000000000000000000000086
:10C6B4000000000000000000000000000000000076
:10C6C4000000000000000000000000000000000066
:10C6D4000000000000000000000000000000000056
:10C6E4000000000000000000000000000000000046
:10C6F4000000000000000000000000000000000036
:10C704000000000000000000000000000000000025
:10C714000000000000000000000000000000000015
:10C724000000000000000000000000000000000005
:10C7340000000000000000000000000000000000F5
:10C7440000000000000000000000000000000000E5
:10C7540000000000000000000000000000000000D5
:10C7640000000000000000000000000000000000C5
:10C7740000000000000000000000000000000000B5
:10C7840000000000000000000000000000000000A5
:10C794000000000000000000000000000000000095
:10C7A4000000000000000000000000000000000085
:10C7B4000000000000000000000000000000000075
:10C7C4000000000000000000000000000000000065
:10C7D4000000000000000000000000000000000055
:10C7E4000000000000000000000000000000000045
:10C7F4000000000000000000000000000000000035
:10C804000000000000000000000000000000000024
:10C814000000000000000000000000000000000014
:10C824000000000000000000000000000000000004
:10C8340000000000000000000000000000000000F4
:10C8440000000000000000000000000000000000E4
:10C8540000000000000000000000000000000000D4
:10C8640000000000000000000000000000000000C4
:10C8740000000000000000000000000000000000B4
:10C8840000000000000000000000000000000000A4
:10C894000000000000000000000000000000000094
:10C8A4000000000000000000000000000000000084
:10C8B4000000000000000000000000000000000074
:10C8C4000000000000000000000000000000000064
:10C8D4000000000000000000000000000000000054
:10C8E4000000000000000000000000000000000044
:10C8F4000000000000000000000000000000000034
:10C904000000000000000000000000000000000023
:10C914000000000000000000000000000000000013
:10C924000000000000000000000000000000000003
:10C9340000000000000000000000000000000000F3
:10C9440000000000000000000000000000000000E3
:10C9540000000000000000000000000000000000D3
:10C9640000000000000000000000000000000000C3
:10C9740000000000000000000000000000000000B3
:10C9840000000000000000000000000000000000A3
:10C994000000000000000000000000000000000093
:10C9A4000000000000000000000000000000000083
:10C9B4000000000000000000000000000000000073
:10C9C4000000000000000000000000000000000063
:10C9D4000000000000000000000000000000000053
:10C9E4000000000000000000000000000000000043
:10C9F4000000000000000000000000000000000033
:10CA04000000000000000000000000000000000022
:10CA14000000000000000000000000000000000012
:10CA24000000000000000000000000000000000002
:10CA340000000000000000000000000000000000F2
:10CA440000000000000000000000000000000000E2
:10CA540000000000000000000000000000000000D2
:10CA640000000000000000000000000000000000C2
:10CA740000000000000000000000000000000000B2
:10CA840000000000000000000000000000000000A2
:10CA94000000000000000000000000000000000092
:10CAA4000000000000000000000000000000000082
:10CAB4000000000000000000000000000000000072
:10CAC4000000000000000000000000000000000062
:10CAD4000000000000000000000000000000000052
:10CAE4000000000000000000000000000000000042
:10CAF4000000000000000000000000000000000032
:10CB04000000000000000000000000000000000021
:10CB14000000000000000000000000000000000011
:10CB24000000000000000000000000000000000001
:10CB340000000000000000000000000000000000F1
:10CB440000000000000000000000000000000000E1
:10CB540000000000000000000000000000000000D1
:10CB640000000000000000000000000000000000C1
:10CB740000000000000000000000000000000000B1
:10CB840000000000000000000000000000000000A1
:10CB94000000000000000000000000000000000091
:10CBA4000000000000000000000000000000000081
:10CBB4000000000000000000000000000000000071
:10CBC4000000000000000000000000000000000061
:10CBD4000000000000000000000000000000000051
:10CBE4000000000000000000000000000000000041
:10CBF4000000000000000000000000000000000031
:10CC04000000000000000000000000000000000020
:10CC14000000000000000000000000000000000010
:10CC24000000000000000000000000000000000000
:10CC340000000000000000000000000000000000F0
:10CC440000000000000000000000000000000000E0
:10CC540000000000000000000000000000000000D0
:10CC640000000000000000000000000000000000C0
:10CC740000000000000000000000000000000000B0
:10CC840000000000000000000000000000000000A0
:10CC94000000000000000000000000000000000090
:10CCA4000000000000000000000000000000000080
:10CCB4000000000000000000000000000000000070
:10CCC4000000000000000000000000000000000060
:10CCD4000000000000000000000000000000000050
:10CCE4000000000000000000000000000000000040
:10CCF4000000000000000000000000000000000030
:10CD0400000000000000000000000000000000001F
:10CD1400000000000000000000000000000000000F
:10CD240000000000000000000000000000000000FF
:10CD340000000000000000000000000000000000EF
:10CD440000000000000000000000000000000000DF
:10CD540000000000000000000000000000000000CF
:10CD640000000000000000000000000000000000BF
:10CD740000000000000000000000000000000000AF
:10CD8400000000000000000000000000000000009F
:10CD9400000000000000000000000000000000008F
:10CDA400000000000000000000000000000000007F
:10CDB400000000000000000000000000000000006F
:10CDC400000000000000000000000000000000005F
:10CDD400000000000000000000000000000000004F
:10CDE400000000000000000000000000000000003F
:10CDF400000000000000000000000000000000002F
:10CE0400000000000000000000000000000000001E
:10CE1400000000000000000000000000000000000E
:10CE240000000000000000000000000000000000FE
:10CE340000000000000000000000000000000000EE
:10CE440000000000000000000000000000000000DE
:10CE540000000000000000000000000000000000CE
:10CE640000000000000000000000000000000000BE
:10CE740000000000000000000000000000000000AE
:10CE8400000000000000000000000000000000009E
:10CE9400000000000000000000000000000000008E
:10CEA400000000000000000000000000000000007E
:10CEB400000000000000000000000000000000006E
:10CEC400000000000000000000000000000000005E
:10CED400000000000000000000000000000000004E
:10CEE400000000000000000000000000000000003E
:10CEF400000000000000000000000000000000002E
:10CF0400000000000000000000000000000000001D
:10CF1400000000000000000000000000000000000D
:10CF240000000000000000000000000000000000FD
:10CF340000000000000000000000000000000000ED
:10CF440000000000000000000000000000000000DD
:10CF540000000000000000000000000000000000CD
:10CF640000000000000000000000000000000000BD
:10CF740000000000000000000000000000000000AD
:10CF8400000000000000000000000000000000009D
:10CF9400000000000000000000000000000000008D
:10CFA400000000000000000000000000000000007D
:10CFB400000000000000000000000000000000006D
:10CFC400000000000000000000000000000000005D
:10CFD400000000000000000000000000000000004D
:10CFE400000000000000000000000000000000003D
:10CFF400000000000000000000000000000000002D
:10D00400000000000000000000000000000000001C
:10D01400000000000000000000000000000000000C
:10D0240000000000000000000000000000000000FC
:10D0340000000000000000000000000000000000EC
:10D0440000000000000000000000000000000000DC
:10D0540000000000000000000000000000000000CC
:10D0640000000000000000000000000000000000BC
:10D0740000000000000000000000000000000000AC
:10D08400000000000000000000000000000000009C
:10D09400000000000000000000000000000000008C
:10D0A400000000000000000000000000000000007C
:10D0B400000000000000000000000000000000006C
:10D0C400000000000000000000000000000000005C
:10D0D400000000000000000000000000000000004C
:10D0E400000000000000000000000000000000003C
:10D0F400000000000000000000000000000000002C
:10D10400000000000000000000000000000000001B
:10D11400000000000000000000000000000000000B
:10D1240000000000000000000000000000000000FB
:10D1340000000000000000000000000000000000EB
:10D1440000000000000000000000000000000000DB
:10D1540000000000000000000000000000000000CB
:10D1640000000000000000000000000000000000BB
:10D1740000000000000000000000000000000000AB
:10D18400000000000000000000000000000000009B
:10D19400000000000000000000000000000000008B
:10D1A400000000000000000000000000000000007B
:10D1B400000000000000000000000000000000006B
:10D1C400000000000000000000000000000000005B
:10D1D400000000000000000000000000000000004B
:10D1E400000000000000000000000000000000003B
:10D1F400000000000000000000000000000000002B
:10D20400000000000000000000000000000000001A
:10D21400000000000000000000000000000000000A
:10D2240000000000000000000000000000000000FA
:10D2340000000000000000000000000000000000EA
:10D2440000000000000000000000000000000000DA
:10D2540000000000000000000000000000000000CA
:10D2640000000000000000000000000000000000BA
:10D2740000000000000000000000000000000000AA
:10D28400000000000000000000000000000000009A
:10D29400000000000000000000000000000000008A
:10D2A400000000000000000000000000000000007A
:10D2B400000000000000000000000000000000006A
:10D2C400000000000000000000000000000000005A
:10D2D400000000000000000000000000000000004A
:10D2E400000000000000000000000000000000003A
:10D2F400000000000000000000000000000000002A
:10D304000000000000000000000000000000000019
:10D314000000000000000000000000000000000009
:10D3240000000000000000000000000000000000F9
:10D3340000000000000000000000000000000000E9
:10D3440000000000000000000000000000000000D9
:10D3540000000000000000000000000000000000C9
:10D3640000000000000000000000000000000000B9
:10D3740000000000000000000000000000000000A9
:10D384000000000000000000000000000000000099
:10D394000000000000000000000000000000000089
:10D3A4000000000000000000000000000000000079
:10D3B4000000000000000000000000000000000069
:10D3C4000000000000000000000000000000000059
:10D3D4000000000000000000000000000000000049
:10D3E4000000000000000000000000000000000039
:10D3F4000000000000000000000000000000000029
:10D404000000000000000000000000000000000018
:10D414000000000000000000000000000000000008
:10D4240000000000000000000000000000000000F8
:10D4340000000000000000000000000000000000E8
:10D4440000000000000000000000000000000000D8
:10D4540000000000000000000000000000000000C8
:10D4640000000000000000000000000000000000B8
:10D4740000000000000000000000000000000000A8
:10D484000000000000000000000000000000000098
:10D494000000000000000000000000000000000088
:10D4A4000000000000000000000000000000000078
:10D4B4000000000000000000000000000000000068
:10D4C4000000000000000000000000000000000058
:10D4D4000000000000000000000000000000000048
:10D4E4000000000000000000000000000000000038
:10D4F4000000000000000000000000000000000028
:10D504000000000000000000000000000000000017
:10D514000000000000000000000000000000000007
:10D5240000000000000000000000000000000000F7
:10D5340000000000000000000000000000000000E7
:10D5440000000000000000000000000000000000D7
:10D5540000000000000000000000000000000000C7
:10D5640000000000000000000000000000000000B7
:10D5740000000000000000000000000000000000A7
:10D584000000000000000000000000000000000097
:10D594000000000000000000000000000000000087
:10D5A4000000000000000000000000000000000077
:10D5B4000000000000000000000000000000000067
:10D5C4000000000000000000000000000000000057
:10D5D4000000000000000000000000000000000047
:10D5E4000000000000000000000000000000000037
:10D5F4000000000000000000000000000000000027
:10D604000000000000000000000000000000000016
:10D614000000000000000000000000000000000006
:10D6240000000000000000000000000000000000F6
:10D6340000000000000000000000000000000000E6
:10D6440000000000000000000000000000000000D6
:10D6540000000000000000000000000000000000C6
:10D6640000000000000000000000000000000000B6
:10D6740000000000000000000000000000000000A6
:10D684000000000000000000000000000000000096
:10D694000000000000000000000000000000000086
:10D6A4000000000000000000000000000000000076
:10D6B4000000000000000000000000000000000066
:10D6C4000000000000000000000000000000000056
:10D6D4000000000000000000000000000000000046
:10D6E4000000000000000000000000000000000036
:10D6F4000000000000000000000000000000000026
:10D704000000000000000000000000000000000015
:10D714000000000000000000000000000000000005
:10D7240000000000000000000000000000000000F5
:10D7340000000000000000000000000000000000E5
:10D7440000000000000000000000000000000000D5
:10D7540000000000000000000000000000000000C5
:10D7640000000000000000000000000000000000B5
:10D7740000000000000000000000000000000000A5
:10D784000000000000000000000000000000000095
:10D794000000000000000000000000000000000085
:10D7A4000000000000000000000000000000000075
:10D7B4000000000000000000000000000000000065
:10D7C4000000000000000000000000000000000055
:10D7D4000000000000000000000000000000000045
:10D7E4000000000000000000000000000000000035
:10D7F4000000000000000000000000000000000025
:10D804000000000000000000000000000000000014
:10D814000000000000000000000000000000000004
:10D8240000000000000000000000000000000000F4
:10D8340000000000000000000000000000000000E4
:10D8440000000000000000000000000000000000D4
:10D8540000000000000000000000000000000000C4
:10D8640000000000000000000000000000000000B4
:10D8740000000000000000000000000000000000A4
:10D884000000000000000000000000000000000094
:10D894000000000000000000000000000000000084
:10D8A4000000000000000000000000000000000074
:10D8B4000000000000000000000000000000000064
:10D8C4000000000000000000000000000000000054
:10D8D4000000000000000000000000000000000044
:10D8E4000000000000000000000000000000000034
:10D8F4000000000000000000000000000000000024
:10D904000000000000000000000000000000000013
:10D914000000000000000000000000000000000003
:10D9240000000000000000000000000000000000F3
:10D9340000000000000000000000000000000000E3
:10D9440000000000000000000000000000000000D3
:10D9540000000000000000000000000000000000C3
:10D9640000000000000000000000000000000000B3
:10D9740000000000000000000000000000000000A3
:10D984000000000000000000000000000000000093
:10D994000000000000000000000000000000000083
:10D9A4000000000000000000000000000000000073
:10D9B4000000000000000000000000000000000063
:10D9C4000000000000000000000000000000000053
:10D9D4000000000000000000000000000000000043
:10D9E4000000000000000000000000000000000033
:10D9F4000000000000000000000000000000000023
:10DA04000000000000000000000000000000000012
:10DA14000000000000000000000000000000000002
:10DA240000000000000000000000000000000000F2
:10DA340000000000000000000000000000000000E2
:10DA440000000000000000000000000000000000D2
:10DA540000000000000000000000000000000000C2
:10DA640000000000000000000000000000000000B2
:10DA740000000000000000000000000000000000A2
:10DA84000000000000000000000000000000000092
:10DA94000000000000000000000000000000000082
:10DAA4000000000000000000000000000000000072
:10DAB4000000000000000000000000000000000062
:10DAC4000000000000000000000000000000000052
:10DAD4000000000000000000000000000000000042
:10DAE4000000000000000000000000000000000032
:10DAF4000000000000000000000000000000000022
:10DB04000000000000000000000000000000000011
:10DB14000000000000000000000000000000000001
:10DB240000000000000000000000000000000000F1
:10DB340000000000000000000000000000000000E1
:10DB440000000000000000000000000000000000D1
:10DB540000000000000000000000000000000000C1
:10DB640000000000000000000000000000000000B1
:10DB740000000000000000000000000000000000A1
:10DB84000000000000000000000000000000000091
:10DB94000000000000000000000000000000000081
:10DBA4000000000000000000000000000000000071
:10DBB4000000000000000000000000000000000061
:10DBC4000000000000000000000000000000000051
:10DBD4000000000000000000000000000000000041
:10DBE4000000000000000000000000000000000031
:10DBF4000000000000000000000000000000000021
:10DC04000000000000000000000000000000000010
:10DC14000000000000000000000000000000000000
:10DC240000000000000000000000000000000000F0
:10DC340000000000000000000000000000000000E0
:10DC440000000000000000000000000000000000D0
:10DC540000000000000000000000000000000000C0
:10DC640000000000000000000000000000000000B0
:10DC740000000000000000000000000000000000A0
:10DC84000000000000000000000000000000000090
:10DC94000000000000000000000000000000000080
:10DCA4000000000000000000000000000000000070
:10DCB4000000000000000000000000000000000060
:10DCC4000000000000000000000000000000000050
:10DCD4000000000000000000000000000000000040
:10DCE4000000000000000000000000000000000030
:10DCF4000000000000000000000000000000000020
:10DD0400000000000000000000000000000000000F
:10DD140000000000000000000000000000000000FF
:10DD240000000000000000000000000000000000EF
:10DD340000000000000000000000000000000000DF
:10DD440000000000000000000000000000000000CF
:10DD540000000000000000000000000000000000BF
:10DD6400000000000000000000000000C1260008C0
:10DD7400000000000000000000000000000000009F
:10DD840000000000000000000000000048D5002052
:10DD940060EA000000000101000000000000000033
:10DDA4000000000004000000401F0000D14E0008E5
:10DDB400014F0008194F0008854F0008A5580008B6
:10DDC400015B000845570008C15900080000000025
:10DDD400315800087D570008315A000809570008D7
:10DDE40045590008ED5600084D570008F156000843
:10DDF400FD560008FD590008518E0108538E010894
:10DE0400748A0108558E01085E8601085A8E01083D
:10DE14000800001600000000F76100082D660008E5
:10DE24001167000889660008216200087567000808
:10DE340003640008F3670008C96700085960000814
:10DE440055640008116500088964000881600008B1
:10DE54005D650008CD610008C1650008976500088C
:10DE64006D63000861660008436400081D600008D3
:10DE740021710008C571000865710008C1700008AF
:10DE84001772000879700008F571000845710008E0
:10DE9400ED6F000800093D000100000010000000C3
:10DEA4000000000050D80020000000000000000026
:10DEB400FF0000000000000050D800200000000017
:10DEC400000000000000000000000000000000004E
:10DED40050D800200000FF0000000000E000000017
:10DEE4006DC400089DC30008A9C30008D5C3000879
:10DEF4000000000000000000C5C40008B5C300080D
:10DF040035C8000800000000000000000000000008
:10DF140000000000000E0F0D0109081101000000AF
:10DF2400FF000000FFFFFFFFFFFFFFFF00000000F6
:10DF34000300000068F400204CB200200000000040
:10DF440068F40020D0F4002038F500200000000020
:10DF540000000000000000000000000000000000BD
:10DF640000000000000000000000000000000000AD
:10DF7400000000000000000000000000000000009D
:10DF8400000000000000000043000000000000004A
:10DF9400000000000000000000000000000000007D
:10DFA400000000000000000043000000000000002A
:10DFB400000000000000000000000000000000005D
:10DFC400000000000000000043000000000000000A
:10DFD400000000000000000000000000000000003D
:10DFE40000000000000000004300000000000000EA
:10DFF400000000000000000000000000000000001D
:10E0040000000000000000004300000000000000C9
:10E0140000000000000000000000000000000000FC
:10E0240000000000000000004300000000000000A9
:10E0340000000000000000000000000000000000DC
:10E044000000000000000000430000000000000089
:10E0540000000000000000000000000000000000BC
:10E064000000000000000000A37D01087F7D01087E
:10E0740000000000F82A0208F62A02080A890108AA
:10E084000A8901080A8901080A8901080A8901081C
:10E094000A8901080A8901080A8901080A8901080C
:10E0A400FFFFFFFFFFFFFFFFFFFFFFFFFFFF00007A
:10E0B40001004153434949000000000000000000F2
:10E0C400000000000000000000000000000000004C
:10E0D40000004153434949000000000000000000D3
:10E0E400000000000000000000000000000000002C
:0CE0F400000000006042A20D0000803F10
:0400000508005DE5AD
:00000001FF
