:020000040800F2
:10000000000001203D600008A54F0008A74F000830
:10001000A94F0008AB4F0008AD4F000800000000DA
:10002000000000000000000000000000AF4F0008CA
:10003000B14F000800000000B34F0008B54F0008A2
:100040008D6000088D600008B94F00088D600008C1
:100050008D6000088D6000088D6000088D600008CC
:10006000C54F00088D600008CB4F00088D60000868
:100070008D6000088D6000088D600008D14F000879
:100080008D6000088D6000088D6000088D6000089C
:100090008D6000088D600008DD4F00088D6000084D
:1000A0008D6000088D6000088D6000088D6000087C
:1000B000F54F0008015000088D6000088D600008B1
:1000C0008D6000088D6000088D6000088D6000085C
:1000D0008D6000080D5000088D6000088D600008DC
:1000E0008D6000088D600008195000088D600008C0
:1000F0008D6000088D6000088D6000088D6000082C
:100100008D6000088D600008255000088D60000893
:100110008D6000088D6000088D6000088D6000080B
:100120008D6000088D6000088D6000088D600008FB
:080130008D6000088D600008DD
:1001400010B5054C237833B9044B13B10448AFF311
:1001500000800123237010BDDCB5002000000000EA
:10016000C087010808B5034B1BB103490348AFF32F
:10017000008008BD00000000E0B50020C087010835
:1001800001F0FF01102A2BDB10F0070F08D010F848
:10019000013B013A8B422DD010F0070F42B3F6D14C
:1001A000F0B441EA012141EA014122F007047FF065
:1001B00000070023F0E80256083C85EA010586EABC
:1001C000010685FA47F5A3FA87F586FA47F6A5FAF8
:1001D00087F68EB9EED1F0BC01F0FF0102F0070204
:1001E00032B110F8013B013A83EA010313B1F8D1AF
:1001F0000020704701387047002D06BF3546033890
:10020000073815F0010F07D1013015F4807F02BFC8
:10021000013015F4C03F0130F0BC0138704700BF19
:10022000034613F8012B002AFBD1181A0138704736
:1002300081F0004102E000BF83F0004330B54FEA97
:1002400041044FEA430594EA050F08BF90EA020F04
:100250001FBF54EA000C55EA020C7FEA645C7FEA97
:10026000655C00F0E2804FEA5454D4EB5555B8BFBA
:100270006D420CDD2C4480EA020281EA030382EA2B
:10028000000083EA010180EA020281EA0303362DBD
:1002900088BF30BD11F0004F4FEA01314FF4801C90
:1002A0004CEA113102D0404261EB410113F0004FA2
:1002B0004FEA03334CEA133302D0524263EB430359
:1002C00094EA050F00F0A780A4F10104D5F1200EF7
:1002D0000DDB02FA0EFC22FA05F2801841F1000152
:1002E00003FA0EF2801843FA05F359410EE0A5F126
:1002F00020050EF1200E012A03FA0EFC28BF4CF057
:10030000020C43FA05F3C01851EBE37101F000450C
:1003100007D54FF0000EDCF1000C7EEB00006EEB19
:100320000101B1F5801F1BD3B1F5001F0CD34908A3
:100330005FEA30004FEA3C0C04F101044FEA4452FA
:1003400012F5800F80F09A80BCF1004F08BF5FEA81
:10035000500C50F1000041EB045141EA050130BD61
:100360005FEA4C0C404141EB0101013C28BFB1F573
:10037000801FE9D291F0000F04BF01460020B1FABE
:1003800081F308BF2033A3F10B03B3F120020CDA91
:100390000C3208DD02F1140CC2F10C0201FA0CF06F
:1003A00021FA02F10CE002F11402D8BFC2F1200CD4
:1003B00001FA02F120FA0CFCDCBF41EA0C0190408A
:1003C000E41AA2BF01EB0451294330BD6FEA0404D3
:1003D0001F3C1CDA0C340EDC04F11404C4F12002BE
:1003E00020FA04F001FA02F340EA030021FA04F3D0
:1003F00045EA030130BDC4F10C04C4F1200220FA27
:1004000002F001FA04F340EA0300294630BD21FA64
:1004100004F0294630BD94F0000F83F4801306BF2A
:1004200081F480110134013D4EE77FEA645C18BF1E
:100430007FEA655C29D094EA050F08BF90EA020FB5
:1004400005D054EA000C04BF1946104630BD91EAAD
:10045000030F1EBF0021002030BD5FEA545C05D1B0
:100460004000494128BF41F0004130BD14F58004EF
:100470003CBF01F5801130BD01F0004545F0FE4163
:1004800041F470014FF0000030BD7FEA645C1ABF98
:10049000194610467FEA655C1CBF0B46024650EACF
:1004A000013406BF52EA033591EA030F41F40021FB
:1004B00030BD00BF90F0000F04BF0021704730B581
:1004C0004FF4806404F132044FF000054FF0000156
:1004D00050E700BF90F0000F04BF0021704730B517
:1004E0004FF4806404F1320410F0004548BF4042EC
:1004F0004FF000013EE700BF42004FEAE2014FEA41
:1005000031014FEA02701FBF12F07F4393F07F4F1B
:1005100081F06051704732F07F4208BF704793F01E
:100520007F4F04BF41F40021704730B54FF4607431
:1005300001F0004521F000411CE700BF50EA010234
:1005400008BF704730B54FF000050AE050EA0102DD
:1005500008BF704730B511F0004502D5404261EB4D
:1005600041014FF4806404F132045FEA915C3FF48E
:10057000D8AE4FF003025FEADC0C18BF03325FEA2B
:10058000DC0C18BF033202EBDC02C2F1200300FADC
:1005900003FC20FA02F001FA03FE40EA0E0021FA01
:1005A00002F11444BDE600BF70B54FF0FF0C4CF4EF
:1005B000E06C1CEA11541DBF1CEA135594EA0C0FA1
:1005C00095EA0C0F00F0DEF82C4481EA030621EADC
:1005D0004C5123EA4C5350EA013518BF52EA033517
:1005E00041F4801143F4801338D0A0FB02CE4FF0C9
:1005F0000005E1FB02E506F00042E0FB03E54FF0F9
:100600000006E1FB03569CF0000F18BF4EF0010EF0
:10061000A4F1FF04B6F5007F64F5407404D25FEAEC
:100620004E0E6D4146EB060642EAC62141EA55519F
:100630004FEAC52040EA5E504FEACE2EB4F1FD0CE1
:1006400088BFBCF5E06F1ED8BEF1004F08BF5FEA5F
:10065000500E50F1000041EB045170BD06F0004611
:1006600046EA010140EA020081EA0301B4EB5C04BE
:10067000C2BFD4EB0C0541EA045170BD41F48011B6
:100680004FF0000E013C00F3AB8014F1360FDEBFDB
:10069000002001F0004170BDC4F10004203C35DAB7
:1006A0000C341BDC04F11404C4F1200500FA05F33A
:1006B00020FA04F001FA05F240EA020001F00042DB
:1006C00021F0004110EBD37021FA04F642EB060151
:1006D0005EEA430E08BF20EAD37070BDC4F10C047B
:1006E000C4F1200500FA04F320FA05F001FA04F23F
:1006F00040EA020001F0004110EBD37041F100012B
:100700005EEA430E08BF20EAD37070BDC4F1200535
:1007100000FA05F24EEA020E20FA04F301FA05F29D
:1007200043EA020321FA04F001F0004121FA04F245
:1007300020EA020000EBD3705EEA430E08BF20EA15
:10074000D37070BD94F0000F0FD101F0004640004F
:1007500041EB010111F4801F08BF013CF7D041EAD1
:10076000060195F0000F18BF704703F000465200D5
:1007700043EB030313F4801F08BF013DF7D043EAA6
:100780000603704794EA0C0F0CEA135518BF95EA5C
:100790000C0F0CD050EA410618BF52EA4306D1D1E3
:1007A00081EA030101F000414FF0000070BD50EA02
:1007B000410606BF1046194652EA430619D094EA8C
:1007C0000C0F02D150EA013613D195EA0C0F05D176
:1007D00052EA03361CBF104619460AD181EA0301CA
:1007E00001F0004141F0FE4141F470014FF0000082
:1007F00070BD41F0FE4141F4780170BD70B54FF01D
:10080000FF0C4CF4E06C1CEA11541DBF1CEA13559C
:1008100094EA0C0F95EA0C0F00F0A7F8A4EB05047E
:1008200081EA030E52EA03354FEA013100F0888075
:100830004FEA03334FF0805545EA131343EA12633E
:100840004FEA022245EA111545EA10654FEA0026F3
:100850000EF000419D4208BF964244F1FD0404F5AC
:10086000407402D25B084FEA3202B61A65EB030508
:100870005B084FEA32024FF480104FF4002CB6EBC5
:10088000020E75EB030E22BFB61A754640EA0C0045
:100890005B084FEA3202B6EB020E75EB030E22BF85
:1008A000B61A754640EA5C005B084FEA3202B6EBC6
:1008B000020E75EB030E22BFB61A754640EA9C0085
:1008C0005B084FEA3202B6EB020E75EB030E22BF55
:1008D000B61A754640EADC0055EA060E18D04FEA13
:1008E000051545EA16754FEA06164FEAC30343EAB3
:1008F00052734FEAC2025FEA1C1CC0D111F4801F80
:100900000BD141EA00014FF000004FF0004CB6E778
:1009100011F4801F04BF01430020B4F1FD0C88BF17
:10092000BCF5E06F3FF6AFAEB5EB030C04BFB6EB22
:10093000020C5FEA500C50F1000041EB045170BD15
:100940000EF0004E4EEA113114EB5C04C2BFD4EB42
:100950000C0541EA045170BD41F480114FF0000EC6
:10096000013C90E645EA060E8DE60CEA135594EA42
:100970000C0F08BF95EA0C0F3FF43BAF94EA0C0F45
:100980000AD150EA01347FF434AF95EA0C0F7FF4BA
:1009900025AF104619462CE795EA0C0F06D152EA0E
:1009A00003353FF4FDAE1046194622E750EA4106F2
:1009B00018BF52EA43067FF4C5AE50EA41047FF403
:1009C0000DAF52EA43057FF4EBAE12E74FF0FF3C68
:1009D00006E000BF4FF0010C02E000BF4FF0010C39
:1009E0004DF804CD4FEA410C7FEA6C5C4FEA430CB2
:1009F00018BF7FEA6C5C1BD001B050EA410C0CBF01
:100A000052EA430C91EA030F02BF90EA020F002062
:100A1000704710F1000F91EA030F58BF994208BFC9
:100A200090422CBFD8176FEAE37040F00100704786
:100A30004FEA410C7FEA6C5C02D150EA013C07D1DD
:100A40004FEA430C7FEA6C5CD6D152EA033CD3D028
:100A50005DF8040B704700BF8446104662468C4622
:100A60001946634600E000BF01B5FFF7B7FF002855
:100A700048BF10F1000F01BD4DF808EDFFF7F4FF7E
:100A80000CBF012000205DF808FB00BF4DF808ED09
:100A9000FFF7EAFF34BF012000205DF808FB00BF2C
:100AA0004DF808EDFFF7E0FF94BF012000205DF84E
:100AB00008FB00BF4DF808EDFFF7CEFF94BF012003
:100AC00000205DF808FB00BF4DF808EDFFF7C4FFFC
:100AD00034BF012000205DF808FB00BF4FEA410C45
:100AE0007FEA6C5C02D150EA013C0AD14FEA430C28
:100AF0007FEA6C5C02D152EA033C02D14FF0000065
:100B000070474FF0010070474FEA410212F50012A2
:100B100015D211D56FF47873B3EB625212D94FEA44
:100B2000C12343F0004343EA505311F0004F23FA2E
:100B300002F018BF404270474FF00000704750EA83
:100B4000013005D111F0004008BF6FF00040704740
:100B50004FF00000704700BF4FEA4102B2F1E0439E
:100B600024BFB3F5001CDCF1FE5C0DD901F0004C94
:100B70004FEAC0024CEA5070B2F1004F40EB8300E4
:100B800008BF20F00100704711F0804F21D113F110
:100B90003872BCBF01F00040704741F480114FEA49
:100BA0005252C2F11802C2F1200C10FA0CF320FAD2
:100BB00002F018BF40F001004FEAC1234FEAD323EF
:100BC00003FA0CFC40EA0C0023FA02F34FEA430359
:100BD000CCE77FEA625307D150EA01331EBF4FF0E2
:100BE000FE4040F44000704701F0004040F0FE40FD
:100BF00040F40000704700BF80F0004002E000BFFA
:100C000081F0004142001FBF5FEA410392EA030FF7
:100C10007FEA226C7FEA236C6AD04FEA1262D2EB41
:100C20001363C1BFD218414048404140B8BF5B4246
:100C3000192B88BF704710F0004F40F4000020F0DF
:100C40007F4018BF404211F0004F41F4000121F0F5
:100C50007F4118BF494292EA030F3FD0A2F101023F
:100C600041FA03FC10EB0C00C3F1200301FA03F17D
:100C700000F0004302D5494260EB4000B0F5000FA0
:100C800013D3B0F1807F06D340084FEA310102F15F
:100C90000102FE2A51D2B1F1004F40EBC25008BF11
:100CA00020F0010040EA03007047490040EB0000DB
:100CB000013A28BFB0F5000FEDD2B0FA80FCACF1DC
:100CC000080CB2EB0C0200FA0CF0AABF00EBC25009
:100CD00052421843BCBFD0401843704792F0000FF7
:100CE00081F4000106BF80F400000132013BB5E74A
:100CF0004FEA41037FEA226C18BF7FEA236C21D0C0
:100D000092EA030F04D092F0000F08BF0846704724
:100D100090EA010F1CBF0020704712F07F4F04D1F2
:100D2000400028BF40F00040704712F100723CBF05
:100D300000F50000704700F0004343F0FE4040F42F
:100D4000000070477FEA226216BF08467FEA2363ED
:100D50000146420206BF5FEA412390EA010F40F4D8
:100D6000800070474FF0000304E000BF10F0004324
:100D700048BF40425FEA000C08BF704743F096430B
:100D800001464FF000001CE050EA010208BF704726
:100D90004FF000030AE000BF50EA010208BF7047AD
:100DA00011F0004302D5404261EB41015FEA010CC2
:100DB00002BF84460146002043F0B64308BFA3F1BA
:100DC0008053A3F50003BCFA8CF2083AA3EBC2539C
:100DD00010DB01FA02FC634400FA02FCC2F12002BB
:100DE000BCF1004F20FA02F243EB020008BF20F0F2
:100DF0000100704702F1200201FA02FCC2F1200258
:100E000050EA4C0021FA02F243EB020008BF20EA4C
:100E1000DC7070474FF0FF0C1CEAD0521EBF1CEA7A
:100E2000D15392EA0C0F93EA0C0F6FD01A4480EA68
:100E3000010C400218BF5FEA41211ED04FF0006351
:100E400043EA501043EA5111A0FB01310CF000407D
:100E5000B1F5000F3EBF490041EAD3715B0040EAA3
:100E6000010062F17F02FD2A1DD8B3F1004F40EB73
:100E7000C25008BF20F00100704790F0000F0CF046
:100E8000004C08BF49024CEA502040EA51207F3A0A
:100E9000C2BFD2F1FF0340EAC250704740F40000E5
:100EA0004FF00003013A5DDC12F1190FDCBF00F0D6
:100EB00000407047C2F10002410021FA02F1C2F184
:100EC000200200FA02FC5FEA310040F1000053EA20
:100ED0004C0308BF20EADC70704792F0000F00F06E
:100EE000004C02BF400010F4000F013AF9D040EA74
:100EF0000C0093F0000F01F0004C02BF490011F408
:100F0000000F013BF9D041EA0C018FE70CEAD15305
:100F100092EA0C0F18BF93EA0C0F0AD030F0004C85
:100F200018BF31F0004CD8D180EA010000F0004039
:100F3000704790F0000F17BF90F0004F084691F0F7
:100F4000000F91F0004F14D092EA0C0F01D1420231
:100F50000FD193EA0C0F03D14B0218BF084608D1FA
:100F600080EA010000F0004040F0FE4040F4000044
:100F7000704740F0FE4040F4400070474FF0FF0CD7
:100F80001CEAD0521EBF1CEAD15392EA0C0F93EA1E
:100F90000C0F69D0A2EB030280EA010C49024FEA70
:100FA000402037D04FF0805343EA111143EA101329
:100FB0000CF000408B4238BF5B0042F17D024FF4E1
:100FC000000C8B4224BF5B1A40EA0C00B3EB510FBC
:100FD00024BFA3EB510340EA5C00B3EB910F24BFA5
:100FE000A3EB910340EA9C00B3EBD10F24BFA3EB2A
:100FF000D10340EADC001B0118BF5FEA1C1CE0D1F2
:10100000FD2A3FF650AF8B4240EBC25008BF20F0A4
:10101000010070470CF0004C4CEA50207F32C2BFF8
:10102000D2F1FF0340EAC250704740F400004FF095
:101030000003013A37E792F0000F00F0004C02BFC6
:10104000400010F4000F013AF9D040EA0C0093F090
:10105000000F01F0004C02BF490011F4000F013BEA
:10106000F9D041EA0C0195E70CEAD15392EA0C0F52
:1010700008D142027FF47DAF93EA0C0F7FF470AF8A
:10108000084676E793EA0C0F04D14B023FF44CAFCD
:1010900008466EE730F0004C18BF31F0004CCAD162
:1010A00030F000427FF45CAF31F000437FF43CAF9E
:1010B0005FE700BF4FF0FF3C06E000BF4FF0010CC0
:1010C00002E000BF4FF0010C4DF804CD4FEA4002A2
:1010D0004FEA41037FEA226C18BF7FEA236C11D0EC
:1010E00001B052EA530C18BF90EA010F58BFB2EB9F
:1010F000030088BFC81738BF6FEAE17018BF40F01F
:10110000010070477FEA226C02D15FEA402C05D1D2
:101110007FEA236CE4D15FEA412CE1D05DF8040B57
:10112000704700BF844608466146FFE70FB5FFF7EA
:10113000C9FF002848BF10F1000F0FBD4DF808EDA2
:10114000FFF7F4FF0CBF012000205DF808FB00BF93
:101150004DF808EDFFF7EAFF34BF012000205DF8ED
:1011600008FB00BF4DF808EDFFF7E0FF94BF01203A
:1011700000205DF808FB00BF4DF808EDFFF7D2FF37
:1011800094BF012000205DF808FB00BF4DF808ED7A
:10119000FFF7C8FF34BF012000205DF808FB00BF47
:1011A0004FEA40024FEA41037FEA226C02D15FEA34
:1011B000402C08D17FEA236C02D15FEA412C02D196
:1011C0004FF0000070474FF0010070474FEA4002B7
:1011D000B2F1FE4F0FD34FF09E03B3EB12620DD965
:1011E0004FEA002343F0004310F0004F23FA02F0CF
:1011F00018BF404270474FF00000704712F1610F76
:1012000001D1420205D110F0004008BF6FF000404C
:1012100070474FF00000704742000ED2B2F1FE4F0F
:101220000BD34FF09E03B3EB126209D44FEA0023B5
:1012300043F0004323FA02F070474FF0000070477C
:1012400012F1610F01D1420202D14FF0FF3070471D
:101250004FF00000704700BF53B94AB9002908BFDA
:1012600000281CBF4FF0FF314FF0FF3000F06AB98B
:10127000ADF1080C6DE904CE00F006F8DDF804E0ED
:10128000DDE9022304B070472DE9F047089D0C46C4
:10129000002B4ED194468C458646B2FA82F262D932
:1012A0004AB1C2F12003914020FA03F30CFA02FC88
:1012B000194300FA02FE4FEA1C471FFA8CF6B1FBF5
:1012C000F7F44FEA1E4307FB141143EA014304FB02
:1012D00006F199420AD91CEB030304F1FF3080F0B8
:1012E0001281994240F20F81023C6344591A1FFA5D
:1012F0008EF3B1FBF7F007FB101143EA014300FB4B
:1013000006F69E420AD91CEB030300F1FF3180F080
:10131000FC809E4240F2F980634402389B1B40EA05
:10132000044000211DB1D3400022C5E90032BDE8D0
:10133000F0878B4205D90DB1C5E9000100210846AF
:10134000F5E7B3FA83F1002946D1A34202D39042D4
:10135000C0F0F080861A64EB03030120002DE6D074
:10136000C5E90063E3E7002A40F09080A1EB0C049C
:101370004FEA1C481FFA8CF70121B4FBF8F64FEA3C
:101380001E4308FB164443EA044307FB06F0984259
:1013900008D91CEB030306F1FF3402D2984200F295
:1013A000CD8026461C1A1FFA8EF3B4FBF8F008FB1A
:1013B000104443EA044300FB07F79F4208D91CEBA3
:1013C000030300F1FF3402D29F4200F2B0802046B6
:1013D000DB1B40EA0640A5E7C1F120068B4022FA5C
:1013E00006F71F4320FA06FC04FA01F343EA0C0354
:1013F000F44000FA01F8380C4FEA1349B4FBF0FE50
:101400001FFA87FC00FB1E4449EA04440EFB0CF95A
:10141000A14502FA01F20AD93C190EF1FF3A80F017
:101420008480A14540F28180AEF1020E3C44A4EBE1
:1014300009041FFA83F9B4FBF0F300FB134449EAF3
:10144000044403FB0CFCA44507D93C1903F1FF300D
:1014500067D2A44565D9023B3C4443EA0E40A0FB59
:101460000293A4EB0C049C42CE469C4651D34ED032
:1014700055B1B8EB0E0364EB0C0404FA06F6CB404E
:101480001E43CC40C5E90064002150E7C2F12003AF
:1014900020FA03F10CFA02FC24FA03F394400C4303
:1014A0004FEA1C4800FA02FE1FFA8CF7B3FBF8F073
:1014B00008FB1031230C43EA014300FB07F199427A
:1014C00008D91CEB030300F1FF362CD299422AD92C
:1014D000023863445B1AA4B2B3FBF8F108FB113382
:1014E00044EA034401FB07F3A34208D91CEB0404BC
:1014F00001F1FF3613D2A34211D902396444E41A30
:1015000041EA004139E70446F0E6084606E7C845E7
:10151000AED2B9EB020E63EB070C0138A8E73146F7
:10152000EDE7034699E73046D4E7D6467FE76344C4
:1015300002384DE70646234608460FE7023E63445D
:1015400030E700BF704700BF0121402012F030BFDC
:10155000F8B5154E154C338801339BB2B3F57A7F3D
:10156000338004D9E388A3800123E38033800025FE
:101570002F462278EBB29A4200D8F8BD637002334E
:1015800054F823309A8801329A803288B2F57A7FF3
:1015900024BFDA885A801A6928BFDF8012B11B7A0B
:1015A00003B190470135E4E7FAB50020FCB500200F
:1015B00073B500242246224B009441F28831214821
:1015C000214E13F073F82246204B009440F6B831B8
:1015D0001F4813F06BF8224621461E4B022012F0E2
:1015E000D5FD00F07CFD00F0D7FD1B491B4A1C4BCC
:1015F000126E01254D63284691F8301000F082FAF2
:1016000001F016F9174B00942A464FF4FA61304660
:1016100013F04CF8304613F0F5F8134A21464020F9
:1016200012F090FF2946402012F0C2FE0F4B2246D6
:101630002146022002B0BDE8704012F0A7BD00BFF5
:10164000A92000085CB600202CB60020E520000888
:1016500044B600204988010840B8002010B9002095
:101660008121000861460008491500086A880108C0
:101670000B4B0C4A196812780A441A601B68033332
:101680000CD9BFF34F8F0849084BCA6802F4E062D7
:101690001343CB60BFF34F8F00BFFDE7FFF758BF89
:1016A0000CD7002078B3002000ED00E00400FA051C
:1016B00003680B4A934201D101F07EB9094A934273
:1016C0000DD1094A138801339BB2B3F57A7F138099
:1016D00005D3064BD98B59830021D98311807047DC
:1016E0000048014000440140F8B5002040B200200D
:1016F000042802D0102802D0704703F001B800F08F
:10170000EFBC00002DE9F043012891B005460E46DC
:1017100040F0948000230A93D5238DF82C304A4B57
:1017200008934A4B4A4C09934A4B0D934A4B0C93EE
:1017300008A94A4B0E93204605F0D6F928B14FF080
:10174000FF39484611B0BDE8F0830DF10301204692
:1017500004F0A3FF0028F2D19DF803306B2BEED1EB
:1017600001A9204604F086FD9DF806309DF804107E
:101770009DF80520DFF8E8803A4FC8F804409B0048
:1017800043EA4103384913434B60F007374B7B6012
:1017900009D5012A07D1364A36491B68D16020464F
:1017A00098470028CBD1B10726D47207C7D47B68ED
:1017B000D8F80400DB6808A998478146002840D182
:1017C0009DF82040631E5C425C419DF82130012B56
:1017D0009DF822304FEA440408BF44F00104012B75
:1017E00008BF44F00404032735EA060313D0013F81
:1017F0004FEA4505F8D1A4E79DF80430012BD4D178
:101800001B4B1D4A1A617B68D8F804001B68984777
:101810000028CAD093E735EA0403E8D1174B144AED
:1018200053F82530D8F80400033352F823301B68EE
:1018300098470028DBD06FF0040982E76FF00109B8
:101840007FE76FF006097CE7A5610008916000085A
:1018500074B6002015610008E160000849610008C5
:10186000D4B60020B4B60020ACB6002040B30020AF
:10187000BCB60020F8B200201CB300208C88010800
:1018800001280B4610B5114619D80E4A52F82020EF
:1018900003EA0204934312D10B4A52F8242000EBCE
:1018A00040031344094A52F82330094A1B6A52F88C
:1018B00020009847002818BF6FF0040010BD6FF09B
:1018C0000100FBE7ACB600208C880108BCB6002004
:1018D000D4B60020012808B508D1064B586805F099
:1018E000E8F8002818BF6FF0040008BD6FF0010091
:1018F000FBE700BFD4B60020012808B508D1064B8D
:10190000586805F0E0F8002818BF6FF0040008BD23
:101910006FF00100FBE700BFD4B600202DE9F043D3
:101920000F4691B0002878D17F238DF82C303E4BA4
:1019300008933E4B3E4C09933E4B0D933E4B0A9011
:101940000C9308A93D4B0E93204605F0A5FD28B148
:101950004FF0FF34204611B0BDE8F0830DF10701D0
:10196000204605F01BFD0028F2D19DF80730A02B82
:10197000EED102A9204605F065FC314B9DF8082008
:10198000DFF8C080304D1A60F907304BC8F80040CE
:101990002B6009D5012A07D12D4A2E491B681160F9
:1019A000204698470028D3D12B68D8F80000DB6880
:1019B00008A99847044698BB9DF820506B1E5D42CD
:1019C0005D419DF82130012B9DF8223008BF45F084
:1019D0000205012B08BF45F004054FF0020901265E
:1019E00036EA070307D0B9F1010F4FEA4606B1D036
:1019F0004FF00109F4E736EA0503F4D1164BD8F8A5
:101A0000000053F82620124B53F822301B689847E9
:101A10000028E8D06FF004049CE76FF0010499E718
:101A20006FF0060496E700BFA5610008916000080A
:101A3000DCB6002015610008E1600008496100087B
:101A400014B7002034B700201CB7002064B3002076
:101A500024B7002050B30020A0880108012808B551
:101A600018D80E4B53F8203001EA0302994311D1E4
:101A70000B4B53F822300B4A03EB400352F8233050
:101A8000094A1B6852F820009847002818BF6FF0D9
:101A9000040008BD6FF00100FBE700BF14B7002091
:101AA000A088010824B7002034B70020BFF34F8F6F
:101AB0000549064BCA6802F4E0621343CB60BFF3EA
:101AC0004F8F00BFFDE700BF00ED00E00400FA0506
:101AD00038B504460D4614F081F8291B013190FBFE
:101AE000F1F303FB1100044414F078F8054603F009
:101AF00093FB023005EB5000A4B214F041F82046ED
:101B000038BD00002DE9F341884615461E460746BC
:101B100005F036FE254CC4F8E00005F037FEC4F8A9
:101B2000E40005F039FED4E938325340C4F8E80047
:101B3000584014F025F8002F1D4AC4F8F4600CBF7B
:101B40000123022313701B4A84F8DA7013701A4AB7
:101B50001A4BA4F8D88008BF134605F57A75002201
:101B6000C4F8EC50114600930220154B12F00EFB06
:101B7000144B1B7873B194F8DA30ABB9D4F8EC306D
:101B8000D4F8F02013600022009311460E4B02207F
:101B900012F0FCFA4FF47A716420FFF799FF02B05B
:101BA000BDE8F04103F040BB0023E9E740B7002067
:101BB000A4000020A5000020B4880108B88801080E
:101BC000BD8801083CB70020E988010810B50A4C1F
:101BD0002378012B094B04BF44F620621A601B686E
:101BE0003BB9A0604EF660213220FFF771FFA36879
:101BF0000344A36010BD00BF40B70020A000002038
:101C000007B50B4B9B684EF66021B3FBF1F201FB6D
:101C100012334FF47A71B3FBF1F3CDE900230022C4
:101C2000044B1146022012F0B1FA03B05DF804FB38
:101C300040B7002014890108074B10B5D3F8DC40E9
:101C40003CB9064B22462146022012F09FFA20465C
:101C500010BD0120FCE700BF40B700204F890108FC
:101C6000034B91F909205A80022283F8F92070472A
:101C700040B7002030B5124B93F8D6400E2C1ED83A
:101C8000651C83F8D650105593F8D600441C83F891
:101C9000D6400C0E145493F8D600441C83F8D6405A
:101CA0000C14145493F8D600441C83F8D6400C123C
:101CB000145493F8D600441C83F8D640115430BD18
:101CC00040B7002010B501231078984200D210BD13
:101CD000C818D45C00F8014C0133DBB2F4E7000013
:101CE00037B5304D304CB5F90230626A9A4207D0B0
:101CF0002046042240F8243F4FF4816100F0EEF9C1
:101D000095F8F930D4F8C4209A4207D02748C4F88F
:101D1000C43004224FF4956100F0E0F995F8FA30F0
:101D2000D4F8C8209A4207D02148C4F8C830042209
:101D300040F2AC4100F0D2F9D5F8F03000221B6837
:101D4000009311461B4B022012F020FAAB7900934E
:101D500000221146184B022012F018FAB4F9243070
:101D6000009300221146154B022012F00FFAD4F80E
:101D7000C420134B142505FB0233002200931146A7
:101D8000104B022012F002FAD4F8C8200E4B05FBCB
:101D900002330022009311460C4B022012F0F6F998
:101DA00003B030BD40B7002040B8002004B9002087
:101DB00008B900206D89010897890108B6890108D2
:101DC00050000020D289010800000020F38901089A
:101DD00037B50546FFF730FF00283FD0204CB5B996
:101DE000022384F8F93042F21073A360A571D4F88D
:101DF000DC0012F0B9FCA168D4F8DC0012F03CFD64
:101E0000D4F8DC0003B0BDE8304012F0FBBC6379CD
:101E10000133DBB200226371114600930220114BA3
:101E200012F0B4F963790E2B4FF0000510D9B4F815
:101E3000D8300D4865715843FFF7C8FE012384F878
:101E4000F93084F8FA30FFF74BFFFFF7D9FECEE701
:101E500049F64040FFF7BAFE2B46F0E703B030BD2D
:101E600040B70020148A010880EE360073B55B4C41
:101E70005B4AD4F8F030C4F8DC101968914205468A
:101E800008D900201860574B1B78012B5AD1D4F881
:101E9000F430984794F8F8202B78A12A40F08680F7
:101EA000002B00F09780032684F8F9606D7A002DEE
:101EB0004DD123790133DBB223712A4600932946A1
:101EC000494B022012F062F923796580092B84F8CE
:101ED000FA6039D9434B25711B780226012B84F80F
:101EE000F96023D1D4E93B2329461A6030463F4BA1
:101EF0002A4612F04BF9B4F8D8303D48A571584342
:101F0000FFF764FEFFF7ECFEFFF77AFED4F8DC0083
:101F100012F02AFCA168D4F8DC0012F0ADFCD4F871
:101F2000DC0012F06FFCA06802B070BDFFF7D8FEB5
:101F3000304B2A462946304612F028F94FF47A7081
:101F400003F072F9FFF7B2FD49F64040D8E70025EB
:101F5000294B25712A462946022012F017F9A37948
:101F6000217B0133DBB20222994284F8FA20A3716B
:101F70000FD942F21073A3601A4B1B78012BC1D109
:101F8000D4F8F0301868C4F8EC00D4F8F43098476E
:101F9000B8E7012384F8FA301548B4F8D83084F84B
:101FA000F9205843A571FFF711FEE5E793B10D4BFA
:101FB0001B78012B04BFD4F8EC30EB600022A12386
:101FC00084F8F83011460D4B022012F0DFF8FFF7CD
:101FD00017FEA8E7002384F8F830A4E740B70020F4
:101FE000EED8FFFFA4000020368A0108578A0108B6
:101FF00080EE36007F8A0108A98A0108CF8A01088D
:10200000F8B5274C012384F8D630264B5A6B1B6B4E
:10201000A4F8D830A37984F8DA200327012B0546E9
:102020000E4627731FD0022B2CD00BB10023A371B7
:1020300094F8F830A279A12B14BF0023032384F86D
:10204000F93094F8D630142101FB0242013BDBB297
:1020500093733370A07901FB00420E322946BDE82C
:10206000F840FFF72FBE04F1220202200021FFF703
:1020700001FEA279142303FB02420E323846FFF719
:10208000F9FDD5E704F1360204200021FFF7F2FD47
:10209000A279142303FB02420E320420EFE700BFB3
:1020A00040B7002040B8002010B5094C237873B128
:1020B000084812F059FB08480022202106F0C0FC15
:1020C00005480022802106F0BBFC0023237010BDD0
:1020D0003CB800205CB60020000400487047704700
:1020E00070470000002208B511460A4B022012F08A
:1020F0004DF84FF4FA7003F097F8BFF34F8F06498D
:10210000064BCA6802F4E0621343CB60BFF34F8F03
:1021100000BFFDE7ED8A010800ED00E00400FA05CC
:1021200010B5144C20460FF085FF04F12401002067
:102130000FF0E0FE04F1140101200FF0DBFE04F1CA
:10214000340109200FF0D6FE04F1440108200FF0FD
:10215000D1FE00221146084B022012F017F810F0B1
:1021600007F80022BDE81040044B1146022012F08F
:102170000DB800BF1CB900200A8B0108388B01087C
:10218000044B43F8600F04224FF494711846FFF794
:10219000A5BF00BF10B90020034B012283F8DA204D
:1021A00000221A70FFF7BCBF40B700201749184B38
:1021B00090221A770A69097DB1B1082A12D008DC89
:1021C000022A0AD0042A0BD0002217210120FFF78F
:1021D00093BB102AF8D1042200E000221A76F3E71C
:1021E0000822FBE70C22F9E7082A0DD005DC022AB9
:1021F00008D0042A05D00122E7E7102AFBD10622E5
:1022000000E00A221A76F6E70E22FBE728060020F5
:102210000C2200202DE9F8435A4D5B4CAE686378E0
:10222000B6F5806F30D2002B2CD0584F5849F86843
:10223000FEF7A4FEFEF760F902460B46D4E90C0156
:10224000FDF7FCFFC4E90C0151493869FEF796FE21
:10225000FEF752F902460B46D4E90E01FDF7EEFFF8
:10226000C4E90E014A497869FEF788FEFEF744F991
:1022700002460B46D4E91001FDF7E0FFC4E9100166
:102280000136AE60BDE8F883002BFBD0D4E90C0129
:10229000404B0022FEF788F93E4BC4E912010022B0
:1022A000D4E90E01FEF780F93A4BC4E9140100228B
:1022B000D4E91001FEF778F90222C4E916011621CB
:1022C0000120FFF719FB082215210120FFF714FB5D
:1022D000D4E91889D4E9120142464B46FEF78EFA3A
:1022E000FEF712FC46B242464B46D4E9140184F88C
:1022F0006860FEF783FAFEF707FC4B46424684F817
:102300006900D4E91601FEF779FAFEF7FDFBF2B297
:1023100084F86A0073210120FFF7EEFA94F869202F
:1023200074210120FFF7E8FA94F86A207521012052
:10233000FFF7E2FA7A225C210120FFF7DDFA134B66
:102340005B211A780120FFF7D7FA002256210120DD
:10235000FFF7D2FAC02258210120FFF7CDFAE02280
:102360005E210120FFF7C8FA0023AB6063700123F0
:10237000A3706B7C002B85D1BDE8F843064808F0BC
:1023800069BA00BF40B20020280600200C220020BD
:1023900000007A440000503FA8D2002038B5284BF6
:1023A0001B69082B3BD004DC022B15D0042B25D055
:1023B00038BD102BFCD1234D234CB5F9000004F09F
:1023C000F3FBE060B5F9020004F0EEFB2061B5F923
:1023D000040004F0E9FB0FE01A4D1B4CB5F90000B6
:1023E00004F0C4FBE060B5F9020004F0BFFB20611B
:1023F000B5F9040004F0BAFB6061D9E7114D124C45
:10240000B5F9000004F0BCFBE060B5F9020004F08F
:10241000B7FB2061B5F9040004F0B2FBECE7094D0D
:10242000094CB5F9000004F0B5FBE060B5F9020015
:1024300004F0B0FB2061B5F9040004F0ABFBDBE76E
:1024400028060020402200200C220020000000006E
:102450002DE9F843984E994CB568E378B5F5806F4F
:1024600028D22BB3D4F88830032B79DC944FF96849
:102470000846FEF7CFFC0146E06FFEF7C3FB396963
:10248000E0670846FEF7C6FC0146D4F88000FEF778
:10249000B9FB7969C4F880000846FEF7BBFC014629
:1024A000D4F88400FEF7AEFB0135C4F88400B560B3
:1024B000BDE8F883002BFBD0D4F88830032B4FDC29
:1024C0004FF06A51E06FFEF7A5FC16F03FF84FF0B1
:1024D0006A5105462067D4F88000FEF79BFC16F091
:1024E00035F84FF06A5180466067D4F88400FEF7F3
:1024F00091FC16F02BF841460746284616F040F8A6
:102500000146384616F03CF86E490546FEF734FEA3
:10251000002840F0B8806C492846FEF72DFE0028C0
:1025200040F0B38069492846FEF726FE002814BF14
:10253000042302232361A767C4F88C50FFF736FEFB
:102540005F4B1A7E1B7F10211A430120FFF7D4F93D
:10255000D4F888300133C4F88830E378002BA7D052
:10256000D4F88830042BA3D1A068FDF7C5FF4AA397
:10257000D3E90023FEF718F849A3D3E90023FEF7B7
:1025800013F88046894660685149FEF7F7FCFDF76D
:10259000B3FF42464B46FEF707F8FEF7DDFA054665
:1025A000A0612069FEF7E2FB01464FF08740FEF78D
:1025B000E5FC484907462846FEF72CFC014638460C
:1025C000FEF728FC38A3D3E90023054649464046D8
:1025D000FDF7EAFFFEF7C0FA13F036FA0146284687
:1025E000FEF718FCFDF788FF31A3D3E90023FEF7BF
:1025F00005F9FEF7B1FA4FF07E510546FEF7B2FD40
:10260000002844D134492846FEF7B6FD002840D1C1
:102610002846FEF701FE40F04003DBB2284F7A2245
:102620003B705C2100230120C4F88430C4F8803062
:10263000E367C4F88C30A367636723677D60FFF7A7
:102640005BF93A785B210120FFF756F90022562109
:102650000120FFF751F9C02258210120FFF74CF962
:10266000E0225E210120FFF747F90023B360E37009
:10267000C4F88830737C002B7FF41AAFBDE8F843B0
:10268000164808F0E7B8102354E7082352E741231F
:10269000C4E77F23C2E700BF0492B06F2711913FC8
:1026A00000000060FB211940000000C0E9A8233FA2
:1026B00005A3923A019D334040B200202806002035
:1026C0000C220020002032450040CE4400803B44D4
:1026D00000007A44F304B53F00007C42A8D20020F9
:1026E0002DE9F0473A4DDFF8ECA0DFF8EC9000243C
:1026F0004FF07E582046FEF739FB5146FEF78AFB25
:102700004946FEF73BFC13F0EBF901464046FEF765
:1027100077FA4FF07C51FEF77DFB05F580470646C2
:102720000146B868FEF776FBB86005F500573146FC
:10273000B868FEF76FFBB860A8683146FEF76AFB21
:102740000134B4F5806F45F8080FD3D123492448EC
:10275000244F13F02FF82449214813F02BF8234974
:102760001F4813F027F822492246A1F5005013F024
:10277000A7F820492246A1F5A04013F0A1F81E4970
:102780002246A1F5004013F09BF81C4B194CD3F8DE
:10279000B4014FF06C51FEF73DFB0026054657F89B
:1027A000040F2946FEF736FB386021682846FEF7FD
:1027B00031FB44F8040B2946D4F8FC0FFEF72AFB42
:1027C0000136B6F5806FC4F8FC0FE8D1BDE8F0879C
:1027D00040220020DB0FC94000C07F444862002037
:1027E000E0D10020448200204842002048220020FE
:1027F000488200204892002048A20020B00000201B
:1028000070B1012814BF0320022059B1012914BF5F
:1028100003230223834206DD0A2202FB00307047B5
:102820000120F2E701230A2202FB030070470000A7
:102830002DE9F8430025584C5848A57001232A4635
:102840004FF4806112F096F92580554CE58004F52F
:102850001044237E0BB9607E10B10020BDE8F883E0
:102860000121FFF75BF800287FD10121FFF7F6F87F
:10287000003818BF01204000B0FA80F0637E4009A4
:102880002076002BE5D102210120FEF73BFF012538
:10289000002866D1434F444E3D75336B9847337FD4
:1028A000327E10211A432846FFF726F8B868FDF754
:1028B00023FE31A3D3E90023FDF776FE30A3D3E94D
:1028C0000023FDF771FE8046894678683749FEF798
:1028D00055FBFDF711FE42464B46FDF765FEFEF740
:1028E0003BF90546B8613869FEF740FA01464FF0FA
:1028F0008740FEF743FB2E4907462846FEF78AFA33
:1029000001463846FEF786FA1FA3D3E900230546A1
:1029100049464046FDF748FEFEF71EF913F094F8CD
:1029200001462846FEF776FAFDF7E6FD18A3D3E93F
:102930000023FDF763FFFEF70FF94FF07E510546C8
:10294000FEF710FC98B91B492846FEF715FC80B924
:102950002846FEF761FC40F04003DBB2756033703F
:10296000002585F00105657673E7012084E74123A2
:10297000F4E77F23F2E700BF0492B06F2711913F85
:1029800000000060FB211940000000C0E9A8233FBF
:1029900005A3923A019D3340DCD10020E0D1002014
:1029A00040220020280600200C22002000007A444B
:1029B000F304B53F00007C4237B5214CE38B94F81B
:1029C00026500133E38315BB637E012084F8260083
:1029D000D3B1A4F510420221FEF752FF08B3194803
:1029E00003F0B4FB228C531C9BB2092A238410D918
:1029F000154B1648DD70258407F02CFF144B2A4632
:102A00002946022011F0C2FB002384F8263003B0CF
:102A100030BD00932A460F4B2946022011F0B6FB29
:102A2000F2E70D4B0D4D2084DB6A9847EB69984720
:102A3000AB6A98472B6A98476B6A9847E4E700BFF0
:102A400040B20020B8D60020DCD10020A8D200205F
:102A5000638B0108878B01080C22002028060020C8
:102A60002DE9F8430E46244904461746FEF770FB4D
:102A700088BB2046FDF740FD19A3D3E90023044697
:102A80000D46FDF791FD22462B46FDF78DFD16A361
:102A9000D3E900238046894620462946FDF784FD78
:102AA00002460B4640464946FDF7C8FB10A3D3E952
:102AB0000023FDF7C1FB044638460D46FDF71CFD1B
:102AC00002460B4620462946FDF76EFDFEF744F808
:102AD0003060BDE8F8834FF07E50F9E7AFF3008037
:102AE000691D554D1075FF3E82E2C798BB96903F19
:102AF0003EE8D9ACFA5CFF3F00601F432DE9F84F78
:102B0000002481468A469346984600252646274655
:102B1000ABB298451DD84046FEF728F90146054658
:102B20003846FEF72BFA15F011FD0A9B294618606E
:102B30003046FEF723FA15F009FD0B9B2946186075
:102B40002046FEF71BFA15F001FD0C9B1860BDE84E
:102B5000F88F59F835100846FEF75CF901463846FB
:102B6000FEF750F85AF8351007460846FEF752F9B6
:102B700001463046FEF746F85BF835100646084633
:102B8000FEF748F901462046FEF73CF801350446B9
:102B9000BEE70000000000002DE9F74F3A4B3B4C28
:102BA000D3F81C38019327686668A568DFF8E0A0B1
:102BB00000239B46019A934525D143B1009B636155
:102BC000C4F81890C4F81C8027606660A560266869
:102BD000304615F0BBFC67682062384615F0B6FC3D
:102BE000A5686062284615F0B1FC3946A0623046FF
:102BF000FEF708F82946FEF705F815F0A7FCE06097
:102C000003B0BDE8F08F1EA3D3E90023FAE9020167
:102C1000FDF7F4FDFDF7A0FF19A3D3E90023009011
:102C2000DAE92001FDF7EAFDFDF796FF14A3D3E9E9
:102C300000238146DAE94001FDF7E0FDFDF78CFF56
:102C4000009980460846FEF7E5F801463846FDF74C
:102C5000D9FF494607464846FEF7DCF801463046AC
:102C6000FDF7D0FF414606464046FEF7D3F8014641
:102C70002846FDF7C7FF0BF1010B0546012399E735
:102C8000000000609EA0F63FE019002094B90020EB
:102C9000B8000020000000002DE9F04F93B0124B67
:102CA000124A0493114B0393A2F1180A104B104AD5
:102CB000059300231191044610934FF00009A2F1EF
:102CC000100BDDE910128A4218DC53B1094B029A4D
:102CD000C3F808805F601E60074B5A60019A9D60D0
:102CE0001A6013B0BDE8F08FB8000020680400201F
:102CF000900200208002002050040020206AFDF78E
:102D0000FBFBA9A3D3E90023FDF74EFCFDF724FF4D
:102D10008046E069FDF7F0FBA3A3D3E90023FDF7AC
:102D200043FCFDF719FF0746A069FDF7E5FB9EA3ED
:102D3000D3E90023FDF738FCFDF70EFF049B0646A0
:102D4000F3E902010493FDF707FF049B6061019022
:102D5000D3E92001FDF700FF049B20610290D3E935
:102D60004001FDF7F9FE9249E06005464046FEF756
:102D700051F8019A01461046FEF700F90190FDF75F
:102D8000BBFBCDE90601DDE9062303993846C1E91D
:102D90004A238749FEF73EF8029B01461846FEF794
:102DA000EDF80290FDF7A8FBCDE908010399DDE9F4
:102DB00008233046C1E926237D49FEF72BF801465A
:102DC0002846FEF7DBF80546FDF796FBCDE90A013C
:102DD000DDE90A230399E1E9022340460391FDF767
:102DE0008BFB02460B46DDE90601FDF707FDCDE949
:102DF0000C01DDE90C2305993846C1E94A23FDF7AA
:102E00007BFB02460B46DDE90801FDF7F7FC059B5D
:102E100007468846C3E926783046FDF76DFB024633
:102E20000B46DDE90A01FDF7E9FCCDE90E01DDE91C
:102E30000E230599E1E90223002205914FF4801346
:102E4000DDE90601FDF722FE08B1CDF80490DDE9C9
:102E5000080100224FF48013FDF718FE08B1CDF8E9
:102E60000890DDE90A0100224FF48013FDF70EFE01
:102E700000B14D46DDE90C0100224FF48013FDF74F
:102E800005FE002840F087804A4B0022DDE90C0156
:102E9000FDF78AFBFDF760FE064600224FF4801323
:102EA00038464146FDF7F2FD002876D1414B00221D
:102EB00038464146FDF778FBFDF74EFE0746DDE953
:102EC0000E0100224FF48013FDF7E0FD002866D1CB
:102ED000384B0022DDE90E01FDF766FBFDF73CFEF5
:102EE000804601990846FDF795FFFDF705FB024670
:102EF0000B46DAE94E01FDF7A1F9CAE94E01029944
:102F00000846FDF787FFFDF7F7FA02460B46DAE9B8
:102F10002A01FDF793F9CAE92A0129462846FDF757
:102F200079FFFDF7E9FA02460B46DAE90601FDF7FB
:102F300085F9CAE9060131463046FDF76BFFFDF71A
:102F4000DBFA02460B46DBE94C01FDF777F9CBE9EA
:102F50004C0139463846FDF75DFFFDF7CDFA0246D4
:102F60000B46DBE92801FDF769F9CBE92801414669
:102F70004046FDF74FFFFDF7BFFA0B460246DBE97F
:102F80000401FDF75BF9109B01331093CBE90401B9
:102F90003034012395E64E467FE74F468FE7C8461B
:102FA0009FE700BFAFF30080182D4454FB21194068
:102FB000F304B53F00408F402DE9F04FB84BB94CBA
:102FC000586ADFF8E4B287B0FDF7CCFE0146FDF7A2
:102FD00019FE4FF06A51FDF71DFF06462068FDF708
:102FE000C5FE4FF07C51FDF715FF3146FDF712FF8E
:102FF0000546E0606068FDF7B9FE4FF07C51FDF7D3
:1030000009FF3146FDF706FF20618146A068FDF704
:10301000ADFE4FF07C51FDF7FDFE3146FDF7FAFEA7
:10302000A249606180462846FEF7B0F800284CD0DF
:103030002846FDF761FA98A3D3E90023FDF7B4FA17
:10304000FDF78AFDDBE94E23DFF864A2CDE900231A
:10305000DAE94C23CDE90223964B04460146D86AAF
:10306000FDF78CFFFDF748FA06460F462046CBE9F0
:103070005067FDF741FA02460B4630463946FDF7E8
:10308000BDFB04460D4632463B46CAE94E45304636
:103090003946FDF789FADDE90023FDF7CFF8864BC5
:1030A000CBE94E01002220462946FDF77DFA224653
:1030B0002B46FDF779FA804B0022FDF775FADDE922
:1030C0000223FDF7BBF8CAE94C0178494846FEF7F0
:1030D0005DF800284CD04846FDF70EFA6EA3D3E900
:1030E0000023FDF761FAFDF737FDDBE92A34DFF84D
:1030F000C091CDE90034D9E92834CDE902346D4BD3
:1031000006460146186BFDF739FFFDF7F5F9044651
:103110000D463046CBE92C45FDF7EEF902460B464D
:1031200020462946FDF76AFB06460F4622462B46F7
:10313000C9E92A6720462946FDF736FADDE900236A
:10314000FDF77CF85C4BCBE92A010022304639467A
:10315000FDF72AFA32463B46FDF726FA564B002287
:10316000FDF722FADDE90223FDF768F8C9E9280135
:103170004E494046FEF70AF800284AD04046FDF77F
:10318000BBF9DFF82CA144A3D3E90023FDF70CFA27
:10319000FDF7E2FCDAE90423CDE90023454B0446C0
:1031A0000146586BFDF7EAFEFDF7A6F906460F4605
:1031B0002046CBE90867FDF79FF902460B463046EB
:1031C0003946FDF71BFBDBE9068904460D4632460E
:1031D0003B46CAE9064530463946FDF7E5F9424621
:1031E0004B46FDF72BF8344BCBE906010022204675
:1031F0002946FDF7D9F922462B46FDF7D5F92E4B86
:103200000022FDF7D1F9DDE90023FDF717F8CAE93F
:103210000401DFF894B0DFF898A0DBE9508942465A
:103220004B4640464946FDF7BFF902460B46DBE9EF
:103230004E01FDF703F8DBE92C45CBE94E012246B0
:103240002B4620462946FDF7AFF902460B46DBE93F
:103250002A01FCF7F3FFDBE90823CBE92A0120462A
:103260002946CDE90423FDF79FF902460B46DBE929
:103270000601FCF7E3FFDAE94E23CBE9060110462D
:103280001946CDE90023FDF78FF902460B46DAE92E
:103290004C0113E0AFF30080182D4454FB2119407A
:1032A0000C2200207CB9002050040020000048407F
:1032B0008002002094B9002000408F40FCF7BEFF40
:1032C000DAE92A23CAE94C0110461946CDE902235E
:1032D000FDF76AF902460B46DAE92801FCF7AEFF72
:1032E000DAE90667CAE9280132463B4630463946E4
:1032F000FDF75AF902460B46DAE90401FCF79EFF96
:103300001D4BCAE90401002240464946FDF74CF92D
:10331000194BCBE95001002220462946FDF744F91C
:10332000154BCBE92C010022DDE90401FDF73CF946
:103330000FA3D3E90023CBE90801DDE90001FDF784
:1033400033F90BA3D3E90023CAE94E01DDE90201F9
:10335000FDF72AF906A3D3E90023CAE92A0130467A
:103360003946FDF721F9CAE9060107B0BDE8F08F3B
:103370000000000080842E4100408F402DE9F04F76
:103380008DB000AF1C46BB6D7A60073323F0070396
:10339000ADEB030DC7E90210BA6DC7F828D00021C4
:1033A000684613F0B6F904F540733B61BB6D1E3BF4
:1033B0003B607B6803F10C0ABB6803F10C09FB68F6
:1033C000002503F10C0800230426BD61FD62FB61AA
:1033D0003B627B624EE0731C7B61BB6A9B5D002B92
:1033E00041D1D8F804B0796A5846FDF7CFFE70B1E4
:1033F000D8F800105846FDF7C9FE40B1D8F80810BB
:103400005846FDF7C3FE10B1FE62C7F824B0D9F8E4
:1034100004B0396A5846FDF7B9FE70B1D9F800100A
:103420005846FDF7B3FE40B1D9F808105846FDF7ED
:10343000ADFE10B1BE61C7F820B0DAF804B0F9698A
:103440005846FDF7A3FE70B1DAF800105846FDF7B4
:103450009DFE40B1DAF808105846FDF797FE10B10E
:103460003546C7F81CB07E690AF1040A09F104095F
:1034700008F104083B68B342ADD87B6AA3603B6A9D
:103480006360FB692360FB6AE362BB69BA69F96A3E
:10349000C4E90953FB6A023D023B023A0331002BA7
:1034A00005DBB86D9842C2BFB86A0126C654002A2F
:1034B00005DBB86D9042C2BFB86A01268654002D64
:1034C00005DBB86DA842C2BFB86A01264655013374
:1034D000994205F1010502F10102E0D13B69303466
:1034E0009C427FF466AF3437BD46BDE8F08F0000E4
:1034F0002DE9F04F8FB0454C454A46494648DFF824
:103500001CB14FF400730093454BFFF737FF606A1F
:10351000FDF728FC0146FDF775FBA062404CDBF887
:103520002838DBF82498DBF820A8DBF81C58089032
:1035300000260393A04637460399D8F80800FDF704
:1035400025FE68B1D8F804004946FDF71FFE38B1E2
:10355000D8F800005146FDF719FE08B101350126E3
:103560000137102F08F13008E6D10EB1CBF81C5806
:10357000DBF81C3813B90123CBF81C38294B039313
:1035800000230793254B079AD3F81C38264E934205
:1035900052D8234CE36A206A03F50053023356F8ED
:1035A0002320224B1A60A36A03F5E053023356F836
:1035B00023201F4B1A60636A03F5C053023356F889
:1035C00023201C4B1A60FCF797FF02460B46D4E9F8
:1035D000C401FCF733FEC4E9C401E069FCF78CFFC9
:1035E00002460B46D4E9C601FCF728FEC4E9C60131
:1035F000A069FCF781FF02460B46D4E9C801FCF73D
:103600001DFEC4E9C8010FB0BDE8F08F0C220020F8
:10361000DCB90020DCC10020DCC90020E01900205A
:10362000B8060020B800002040220020D8B90020B1
:10363000D4B90020D0B90020E76A07F50053013360
:1036400056F8238007F500530333404656F82350BD
:103650002946FDF7D5FA09903846FDF783FB014668
:103660008146FDF7CFFA01464046FDF7C9FA2946E3
:10367000FDF7C8FA01460998DFF8EC82FDF77EFCF9
:103680004FF07C51FDF7C6FBA36A049303F5E053AA
:103690000133C8F8040356F823B0049B03F5E05344
:1036A0000333054656F823A058465146FDF7A8FABD
:1036B0000A900498FDF756FB01460D90FDF7A2FA1B
:1036C00001465846FDF79CFA5146FDF79BFA014624
:1036D0000A98FDF753FC4FF07C51FDF79BFBD4F8A3
:1036E00024A0C8F808030AF5C0520AF5C0510331F6
:1036F000013256F821B056F822200590594610465E
:103700000C92FDF77DFA0AF5C05102310B9056F884
:103710002130069319461846FDF774FA0C9A0146B3
:103720001046FDF76DFA5946FDF76CFA01460B9805
:10373000FDF724FC4FF07C51FDF76CFB4FF06A5114
:10374000C8F80C0383460898FDF764FB064601465B
:103750002846FDF75FFB314680464846FDF75AFB99
:1037600001464046FDF74EFA3146814620620598F3
:10377000FDF750FB0D9B804631461846FDF74AFB8E
:1037800001464046FDF73EFAE0610C905046FDF7D9
:10379000E9FA3146FDF73EFB314682465846FDF7D1
:1037A00039FB724E01465046FDF72CFAD6F8C4811B
:1037B000A06182464246311D4846FFF751F90C9BF5
:1037C0004246184606F10801FFF74AF9424606F15B
:1037D0000C015046FFF744F996F8C83183B1F06800
:1037E000FCF78AFE0B4602465DA1D1E90001FDF718
:1037F00005F8FDF7B1F90023C6F8C40186F8C83111
:1038000007F50057DFF868A1023730345AF827006F
:10381000FCF772FE064609980F46FCF76DFE554B05
:103820000022FCF7C1FE804628468946FCF764FE6C
:1038300002460B4640464946FCF7B6FE02460B469A
:1038400030463946FCF7F8FC484D06460F464A48D4
:103850006968FDF7D5F94849FDF790FBFCF74CFE88
:1038600002460B4630463946FCF7C8FF039BE3E9A6
:1038700002010393049B03F5E05302335AF823003B
:10388000FCF73AFE80460A988946FCF735FE394B2C
:103890000022FCF789FE064605980F46FCF72CFE31
:1038A00002460B4630463946FCF77EFE02460B4682
:1038B00040464946FCF7C0FC06460F462E48A9681C
:1038C000FDF79EF92C49FDF759FBFCF715FE024662
:1038D0000B4630463946FCF791FF039BC3E92001B4
:1038E0000698FCF709FE06460B980F46FCF704FE07
:1038F000204B0022FCF758FE804658468946FCF7CC
:10390000FBFD02460B4640464946FCF74DFE02468B
:103910000B4630463946FCF78FFC039B06460F46A4
:10392000C3E94067D5E94401FDF716F9E968C5F830
:10393000AC011148FDF764F90F49FDF71FFBFCF7D7
:10394000DBFD0B46024639463046FCF757FF039B2A
:10395000C3E94001079B0133079313E6AFF30080EF
:1039600090A0F831E62E1940B8060020B0000020E3
:10397000402200200000D03F0000C8422DE9F84F4F
:103980000546061FDFF8A8A0D0F8FC078946904638
:10399000002440F2FF1B56F8041F5C450CBF2F6843
:1039A0007768FDF72FF93946FDF72CF95146FDF7F9
:1039B000E5FA48F824000134B4F5007F05D03068FA
:1039C000E9E7214617E0204629E0002500244FF0D2
:1039D0007E5A00272646EB1BC3F30803214658F8FE
:1039E00023B05846FDF7D2FB0028EAD0594650468E
:1039F000FDF7C4FA01463046FDF704F90137332FCD
:103A00000646E8D10B49FDF7B9FA21460646FDF70F
:103A1000BDFB0028D7D031465046FDF7AFFA49F834
:103A200025000135B5F5007FD3D1BDE8F88F00BF83
:103A30000000404000004C422DE9F0412C4A2D4945
:103A40002D482C4CFFF79AFF2C4A2D492D48FFF7A3
:103A500095FF2D4A2D492E48FFF790FF00254FF482
:103A600000782E462F4654F8041B3846FDF7CAF856
:103A7000D4F8FC1707463046FDF7C4F8D4F8FC1F0D
:103A800006462846FDF7BEF8B8F101080546EAD11A
:103A9000204C4FF06C51E760266160613846FDF7BD
:103AA000B9F94FF06C51206007463046FDF7B2F986
:103AB0004FF06C51606006462846FDF7ABF9164999
:103AC000A06005463846FDF7A5F904F58054124973
:103AD000C4F828083046FDF79DF90F49C4F82408BA
:103AE0002846FDF797F9C4F82008BDE8F08100BF2B
:103AF000DCC90020F809002048A20020DCC1002019
:103B0000F811002048920020DCB90020F8190020AC
:103B100048820020E00900200000704238B5184CAF
:103B20004FF400552A460021204612F0F2FD2A46A5
:103B30000021A4F5005012F0ECFD2A4600214FF4BC
:103B40008055A4F5804012F0E4FD2A46002104F5DA
:103B5000005012F0DEFD2A46002104F5405012F01C
:103B6000D8FD2A46002104F5804012F0D2FD054B15
:103B700000229A605A601A60034B00229A6038BD96
:103B80004862002094B9002040B200202DE9F04F97
:103B90008FB006460193189B0893199B09931A9BB3
:103BA0000A934B4B059018684A4B0091069119688F
:103BB0000C91904607920B90FDF7CAFA041E18BFAD
:103BC00001240EAB03EB840353F80C1C424B186822
:103BD000FDF7DCFA002875D184F0010A4FF00209E4
:103BE0000EAB03EB840503EB890755F8182C57F847
:103BF000181C03921046FDF703F820F000430293CF
:103C00000EAB03EB8A0B039A5BF8181C1046FCF70B
:103C1000F7FF324920F00040FDF7A4FA029BA8B953
:103C20002E4955F8246C1846FDF79CFA00283AD125
:103C3000304614F08BFC2A49FDF7ECF80546002CC1
:103C40003ED0012C14BF0320022029E0234918464E
:103C5000FDF788FAA0B100993046FCF7D3FF414642
:103C6000FCF7D0FF14F072FC1D49FDF7D3F80546B0
:103C70001C48019B1D601C4B18610FB0BDE8F08F04
:103C80005BF8241C55F8240CFCF7BCFF14F05EFC18
:103C90001349FDF7BFF8514605462046FEF7B0FD33
:103CA000FDF764F8E5E757F8241C3046FCF7AAFF57
:103CB00014F04CFC0A49FDF7ADF849460546ECE71F
:103CC0000120EDE74FF0000A02244FF0010987E7D9
:103CD000D8B90020D4B90020D0B900200000A040FD
:103CE00000007A440000F642500400202DE9F04F15
:103CF000DFF8B0A0DAE9064587B029462046FCF790
:103D00002BFF059014F022FC2749FDF783F8FCF700
:103D1000F3FBDAE92A67CAE9280139463046FCF79D
:103D20001BFF834614F012FC1F49FDF773F8FCF7E4
:103D3000E3FBDAE94E89CAE94C0149464046FCF703
:103D40000BFF049014F002FC1749FDF763F8FCF731
:103D5000D3FB164B059ACAE9700199690291D9699A
:103D600001911B6A0498009359460AF10C03FFF76E
:103D70000DFF42464B4630463946FCF75FFA224675
:103D80002B46FCF75BFAFCF7E7FE14F0DFFB064975
:103D9000FDF740F8FCF7B0FBCAE9720107B0BDE8D7
:103DA000F08F00BF5004002000007A44B8060020C5
:103DB0002DE9F04FDFF8B0A0DAE9044587B02946D5
:103DC0002046FCF7C9FE059014F0C0FB2749FDF71B
:103DD00021F8FCF791FBDAE92867CAE926013946A0
:103DE0003046FCF7B9FE834614F0B0FB1F49FDF7DF
:103DF00011F8FCF781FBDAE94C89CAE94A01494626
:103E00004046FCF7A9FE049014F0A0FB1749FDF70B
:103E100001F8FCF771FB164B059ACAE96E01996926
:103E20000291D96901911B6A0498009359460AF1DD
:103E30000C03FFF7ABFE42464B4630463946FCF7D3
:103E4000FDF922462B46FCF7F9F9FCF785FE14F044
:103E50007DFB0649FCF7DEFFFCF74EFBCAE970016B
:103E600007B0BDE8F08F00BF8002002000007A4458
:103E7000B80600202DE9F04F914E924DB36895B0F1
:103E8000D6E900980027059306971297002405F5B8
:103E9000804A2146DAF808B05846FDF76DF928B196
:103EA000DAF810002146FDF753F950B9214658467B
:103EB000FDF74EF950B1DAF810002146FDF75CF934
:103EC00020B1059B013305930123129305F5005A98
:103ED0002146DAF808B05846FDF74EF928B1DAF86D
:103EE00010002146FDF734F950B921465846FDF738
:103EF0002FF948B1DAF810002146FDF73DF918B165
:103F0000012308F101080693D5F808A02146504680
:103F1000FDF732F920B128692146FDF719F948B9B2
:103F200021465046FDF714F938B128692146FDF7BE
:103F300023F910B109F101090127634B08359D42AE
:103F4000A5D10FB1C6F80090069B0BB1C6F804804E
:103F5000129B0BB1059BB3605C4B5D4CB3F81C1816
:103F60005C485D4EFFF728F8E36A05935B4B059AC2
:103F70001A60236B12935A4B129A1A60594BD4F859
:103F800034B0C3F800B0D6E94E23CDE90623D6E914
:103F90002A23CDE90823D6E90623CDE90A23484B95
:103FA000DDE90A01DF68D3F81080D3F81490FCF73C
:103FB000D3FD8246DDE90801FCF7CEFD0546DDE9CB
:103FC0000601FCF7C9FD2946474DCDF8089006F1DA
:103FD0000C035246CDF804800097FFF7D7FDD5E9D2
:103FE0004C23CDE90C23D5E92823CDE90E23D5E9CF
:103FF000042319461046CDE91023FCF7ADFD1390BC
:10400000DDE90E01FCF7A8FD8246DDE90C01FCF7B5
:10401000A3FD139ACDF8089005F10C035146CDF895
:1040200004800097FFF7B2FD59465846FCF7F2FEB0
:10403000129983460846FCF7EDFE0599824608462C
:10404000FCF7E8FE04F110035A465146CDF80890FB
:10405000CDF804800097FFF799FD20692349FCF70C
:104060008DFFDDE908232061DDE90601FCF7E6F8B4
:10407000DDE90A23FCF7E2F8FCF76EFD14F066FABE
:104080001A49FCF7C7FEFCF737FADDE90E23C6E94B
:104090007201DDE90C01FCF7D1F8DDE91023FCF732
:1040A000CDF8FCF759FD14F051FA1049FCF7B2FEB7
:1040B000FCF722FAC5E9700115B0BDE8F08F00BF2A
:1040C0007CB900204022002038420020E019002066
:1040D00094B90020B806002050040020D8B9002070
:1040E000D4B90020D0B900208002002000007A441A
:1040F0002DE9FF41FEF7F4FA2B4D2C4CFFF79CFC09
:10410000FFF7F6F9FEF748FD294B2846B3F81C18CF
:10411000FEF7C2FDA16A666AD4F820800846FCF763
:1041200079FE314607463046FCF774FE41460646A6
:104130004046FCF76FFEAB690293EB6901932B6A73
:1041400000933A4604F110033146FFF71FFD194969
:104150002069FCF713FF2061FFF7C8FDFFF728FE79
:10416000154B1A69154B082A1CD012DC022A14D0F0
:10417000042A15D01A7E1B7F10211A430120FDF757
:10418000BBFB00221721012004B0BDE8F041FDF780
:10419000B3BB102AEED1042200E000221A76E9E730
:1041A0000822FBE70C22F9E7B806002094B90020AA
:1041B000E019002000007A44280600200C2200208C
:1041C0002DE9F041434C94F8903194F89151012B32
:1041D0002ED1D4F8AC8140484FF08043C4F8B431BC
:1041E0004146FCF70DFD3C49064620F00040FCF737
:1041F000C5FE05F1640704EB870737497860304650
:10420000FCF7BCFE0146D4F8B801FCF7FBFC4146C4
:10421000C4F8B801D4F8BC01FCF7F4FC0135002364
:10422000C4F8BC0184F8915184F89031BDE8F08164
:10423000022B33D10023D4F8B001284F1E46B542DB
:104240002FDC0BB1C4F8B0012846FCF78FFD064601
:104250000146D4F8B001FCF791FE31460546D4F88A
:10426000BC01FCF78BFE4FF08041C4F8BC01064650
:10427000FCF778FFE0B129462846FCF7C3FC4FF075
:104280008041FCF7BFFCC4F8B4010023C4F8B83186
:10429000C4F8B0310023A4F89031C7E7052DC5D18B
:1042A000C8E757F8041FFCF7ADFC01360123C6E749
:1042B0004FF080413046FCF769FF0028E5D02946E1
:1042C0002846FCF79FFC01464FF08040FCF798FC25
:1042D000D9E700BFB0000020F304354040020020C1
:1042E000F0B50022474B85B0114602200FF04EFF7B
:1042F000454B9B68B3F5806F72D1444C0294221FEA
:104300000192A4F108020092414A343CA2F5005106
:10431000A1F50050FEF7F2FBE16A276B666B0846D9
:10432000FCF778FD394605463846FCF773FD014633
:104330002846FCF767FC314605463046FCF76AFD27
:1043400001462846FCF75EFC324D14F0FFF82B7D49
:10435000A063002B46D0FFF78DFD606B0021FCF7BA
:1043600015FFB0B12A690023082A2B752A4B47D0C4
:104370003FDC022A42D0042A3FD01A7E1B7F102144
:104380001A430120FDF7B8FA012217211046FDF764
:10439000B3FAFFF7C3FB2148214900242C70C0F871
:1043A0001C48204D20482C6000220023C1E9062330
:1043B000C1E92A23C1E94E23C0E90423C0E9282327
:1043C000C0E94C23C5E90144C0E90623C0E92A231A
:1043D000C0E94E23C1E90823C1E92C23C1E95023D8
:1043E00005B0F0BDFFF784FEFFF7EAFE01232B7551
:1043F000B3E7102AC1D1062200E00A221A76BCE7F0
:104400000E22FBE7B08B010840B20020C8B90020A3
:1044100048620020280600200C220020E01900201D
:10442000500400207CB90020800200202DE9F047D4
:10443000344D354B05F510471B78BE68B6F5806FD7
:1044400039D2B3B3DFF8C4803149D8F80C00FCF797
:1044500095FD3049FCF7DEFC740004F102092C499B
:1044600045F82900D8F81000FCF788FD2949FCF729
:10447000D1FC04F60209264945F82900D8F81400B1
:10448000FCF77CFD2349FCF7C5FC41F20209631CE3
:1044900004EB090AE11C4B4404F60304002245F82E
:1044A0002A00013645F8212045F8242045F823202C
:1044B000BE60BDE8F087002BFBD07A225C21012092
:1044C000FDF71AFA114B5B211A780120FDF714FA57
:1044D000002256210120FDF70FFAC02258210120A9
:1044E000FDF70AFAE0225E210120FDF705FAFFF749
:1044F000F7FE7B7C002BDCD1BDE8F047064806F0D8
:10450000A9B900BF40220020280600200C2200206C
:1045100000007A440AE81C41A8D200202DE9F04F9F
:10452000DFF8188198F8033089B0002B70D0444B25
:104530001A78002A6CD15A78002A69D1DB78059361
:10454000002B65D13F4D0DF11F0205F510461B21D3
:104550000120FDF7BFF99DF81F30B46883F0100308
:10456000C3F30013B4F5806F337454D2364F374918
:10457000F868FCF703FD3649FCF74CFC640004F1D5
:104580000208324945F828003869FCF7F7FC304941
:10459000FCF740FC04F602092C4945F8290078692B
:1045A000FCF7ECFC2A49FCF735FC41F2020B631CDA
:1045B0005B4404EB0B0A002245F82A00E11C45F895
:1045C000232004F6030445F8212045F8242055F85B
:1045D0002A001E49FCF71EFCFCF7F8FD029055F876
:1045E00029001A49FCF716FCFCF7F0FD0190174969
:1045F00055F82800FCF70EFCFCF7E8FD059A154B72
:104600000090114602200FF0C1FDB3680133B36082
:1046100009B0BDE8F08FFFF763FE347C002CF7D1C2
:104620000D4888F80340747406F014F90B4B2246C9
:10463000214602200FF0AAFDEAE700BFDCD10020EE
:1046400028060020402200200C22002000007A448E
:104650000AE81C41DA8B0108A8D20020638B01080C
:1046600010B5254C236833F47F0344D0637823B31B
:10467000A37813B3002216210120FDF73DF9002293
:1046800015210120FDF738F9002273210120FDF7E3
:1046900033F9002274210120FDF72EF90022752143
:1046A0000120FDF729F900230022C4E91023C4E901
:1046B0000E23C4E90C230023A37000225C210120F7
:1046C000FDF71AF900225B210120FDF715F9002200
:1046D00056210120FDF710F9002258210120FDF795
:1046E0000BF900225E210120FDF706F9BDE810401C
:1046F000024806F089B810BD28060020A8D2002084
:10470000F7B51F4D00F088FD2B6898421BD31D4F55
:10471000FE787EBB00F080FD2B681B4C6433984212
:1047200088BF26702678731C237076B900F074FD5C
:10473000237800F5FA702860324600933146134B17
:1047400002200FF023FD03B0F0BD00252A46104BD8
:104750002570294602200FF019FDFFF7DFF90D4BF8
:104760000D485D610122FA705A7403B0BDE8F04053
:1047700006F04AB800F050FD00F57A702860E2E7D4
:10478000A8000020DCD1002078B90020E68B0108C9
:10479000158C010840B20020A8D200201348144A0A
:1047A00008B54FF00043C0E9002304224261012212
:1047B0000023C2614FF480510722C0E90233C0E9EF
:1047C0000933C0E90C1203610383837680F820303B
:1047D00080F82C30826380F83C30C36403F050F8DA
:1047E00018B1BDE8084000F03FBB08BDF4D100207F
:1047F000002401400268084B9A4282B00AD14FF06F
:10480000B0431A6E42F400721A661B6E03F4007312
:104810000193019B02B07047002401400268054BE0
:104820009A4201BF4FF0B042136E23F40073136637
:10483000704700BF0024014030B585B00024054614
:10484000CDE901440394FFF7A9FF144803F0ACFB42
:1048500008B100F009FB1148039401A9CDE9015406
:1048600003F06CF908B100F0FFFA0C4803F0C6FA47
:1048700008B100F0F9FA4FF0FF31084803F000F9F1
:10488000064803F073FB054803F054F90446034857
:1048900003F016FB204605B030BD00BFF4D1002068
:1048A000014B024A1A607047F4D1002000240140F5
:1048B00008B50948FFF7C0FF68B1084BB3F8AA3044
:1048C0004FF6FF72934216BF40F6E442044B534347
:1048D000B3FBF0F398B208BD002000B40075FF1FD1
:1048E000D8084C0013B50023ADF80630FFF7E0FF01
:1048F00004461948FFF7A0FF184BB3F8C820B3F8D7
:10490000A8108A4204FB00F018D040F6E443B0FB44
:10491000F3F364205B1A4343521A93FBF2F31E3302
:104920001BB2ADF80630BDF806305BB21B02ADF825
:104930000630BDF8060000B202B010BD4FF47A7226
:1049400040F6FF73B0FBF3F35343A3F53923A3F50C
:104950000C6340F6C412E0E7001000B00075FF1FC2
:104960004FF0B04307B59A6C42F004029A649A6C17
:1049700002F004020192019A9A6C42F001029A64D8
:104980009B6C002203F00103009311460F20009B53
:1049900003F0A8FB0F2003B05DF804EB03F0D4BBD9
:1049A00008B503F04DFE10B16FF0040008BD064BD2
:1049B0009A6942F040429A614CF2FA321A6103F06D
:1049C00051FE0028F2D0EFE700400058F0B585B066
:1049D00000230D4600930646A8B3FFF7E1FF044607
:1049E00070BB03F02DFE88BB1A481B4A02230193BB
:1049F000D0F8E01506F1784302EA8121B3FBF1F724
:104A000001FB1733DB0A0293D0F8E00505F178418A
:104A10000139314402EA8022B1FBF2F002FB1011AD
:104A2000C3EBD1230133694601A8039303F09AFE37
:104A300020B1022814BF6FF00104012403F012FE1C
:104A4000204605B0F0BD6FF00504F9E76FF00404EF
:104A5000F6E700BF0070FF1F00FCFF03014B18606A
:104A60000020704758D200202DE9F04FB0F1006FC0
:104A700089B006460F469046C0F0C080DFF890919E
:104A8000644DD9F8E03505EA832303F10063013B67
:104A9000984200F2B380002900F0B38040EA02039C
:104AA0005B0740F0AE80FFF77BFF044690BB03F04E
:104AB000C7FD002840F0A880D9F8E015009705EA66
:104AC000812106F17842B2FBF1F301FB132208F1D8
:104AD0007843013B3344B3FBF1F001FB1033DB0AB5
:104AE00001334FEAD22AA3EBD222012A039388BFD3
:104AF000C6F30A050AF58037C6F108038CBFC5F571
:104B000000654546FF02B3460693039B9A4505D3CD
:104B100003F0A8FD204609B0BDE8F08FA6F1080318
:104B2000069A1A4495421CD8009B04950193CDF82F
:104B300014B04FF00009059B09EB0301049B994554
:104B40003DD3009BAB442B44A8EB0505B5F5006FA6
:104B5000009328BF4FF400650AF1010A07F50067CA
:104B6000D3E753F8081F5A68B2F1FF3F08BFB1F10D
:104B7000FF3FD5D0284B186810B96FF00504C7E780
:104B800027B14FF4006239460FF006FCDFF8889039
:104B90000099D9F80030CBF30A001844AAB20FF0FC
:104BA000FBFB4FF400613846FFF710FF00BBD9F85C
:104BB000003001934FF4006305970493B9E7019B1C
:104BC00007914B4402930120D3E9002303F084FDB5
:104BD00088B90799019BD1E9000259F80310029B9B
:104BE0005B689A4208BF884205D109F10809A2E72B
:104BF0006FF001048CE76FF0030489E74FF0FF3496
:104C000088E76FF0050485E76FF0040482E700BFD2
:104C10000070FF1F00FCFF0358D20020B1F1006FAD
:104C200070B510D30B4BD3F8E0650B4B03EA86232A
:104C300003F10063013B994205D838B192B20FF0FD
:104C4000ABFB002070BD4FF0FF30FBE76FF00500BD
:104C5000F8E700BF0070FF1F00FCFF03B0F1006F1A
:104C600010B40DD3084BD3F8E045084B03EA842376
:104C700003F10063013B984202D810BCFFF7A6BEC7
:104C80004FF0FF3010BC70470070FF1F00FCFF03A7
:104C90004FF0B04382B0DA6C0243DA64DB6C03405D
:104CA0000193019B02B07047F0B587B01422002138
:104CB00001A811F02EFD0420FFF7EAFF0220374D76
:104CC000FFF7E6FF0120FFF7E3FF8020FFF7E0FF9B
:104CD000202100222846002403F0B2FE03264FF6CE
:104CE0004A6301A92846CDE90136039403F088FD03
:104CF00042F2440301A92A480394CDE9013603F0A6
:104D00007FFD48F2F37301A94FF09040CDE90136E1
:104D10000827039403F074FD01A922480394CDE908
:104D2000017603F06DFD022604224FF4041301A95D
:104D30002846CDE90123039603F062FD4FF4881362
:104D40004FF4C871CDE90113284601A9039603F079
:104D500057FD01232020CDE9010301A92846CDE913
:104D6000036403F04DFD22462146384603F0BAF9AC
:104D7000384603F0E9F9224621460A2003F0B2F949
:104D80000A2003F0E1F922462146162003F0AAF991
:104D9000162003F0D9F907B0F0BD00BF00040048A9
:104DA00000080048001C004800B59BB048220021C4
:104DB00008A811F0AEFC1C22002101A811F0A9FCEA
:104DC00004F01CFA4FF0B0420120D2F8903023F0EA
:104DD0001803C2F89030D2F8003423F4C06343F4CF
:104DE0000073C2F80034D2F8003403F4C0630093B7
:104DF000009B2423089381230B930023CDE9100308
:104E0000B02208A8CDE9122304F070FB08B172B6F5
:104E1000FEE74F23CDE90130CDE90300059007906F
:104E2000022101A804F0FCFD08B172B6FEE71BB038
:104E30005DF804FB08B502F07FFCFFF7B5FFFFF754
:104E400033FF00F073FD00F097FA00F07BFA4FF4A7
:104E5000FA7000F0E9F9034805F0D6FC00F06DFDAA
:104E6000FCE700BFF4D2002072B6FEE700B58DB0BB
:104E70002C22002101A811F04CFC1748174B0360AD
:104E80001F2383604FF080420023C0E90433C0E950
:104E9000072383614FF48073436205F081F808B102
:104EA000FFF7E2FF0C4805F0A7F908B1FFF7DCFFB8
:104EB0004FF0005300220793074808924FF4807385
:104EC00001A9029206920B9305F0CAF808B1FFF708
:104ED000CBFF0DB05DF804FB5CD200200028004041
:104EE00010B5044690B03822002102A811F011FC40
:104EF0002268194B9A422CD14FF48033029302A8B6
:104F00004FF480730F9304F0C9FE08B1FFF7ACFFB4
:104F10004FF0B0430220D3F8902042F40042C3F88F
:104F200090209A6D42F480629A659B6D002203F492
:104F3000806311460193019B03F0D4F8022003F033
:104F400003F900222A20114603F0CCF82A2003F0AE
:104F5000FBF810B010BD00BF0028004070470000F3
:104F600008B502F0FFFB044B0120C3F88800BDE840
:104F7000084004F09BB900BF0004005802F0F9BBE0
:104F800008B502F0F6FBBDE8084000F069BC08B5C2
:104F900002F0E8FBBDE808400121002004F036B92A
:104FA00070477047FEE7FEE7FEE7FEE7FEE7704763
:104FB00070477047FCF75CBB014805F043B900BF80
:104FC0005CD20020042003F059BD102003F056BD30
:104FD000014803F0A3BA00BF48D3002008B58020E1
:104FE00003F04CFDBDE80840014803F0FDBA00BFE6
:104FF000F0B20020014805F049BC00BFF4D2002007
:10500000014805F043BC00BFA8D20020014805F0CC
:1050100035BE00BFA8D30020014804F047BF00BF41
:105020005CD20020014805F036BB00BF94D20020BE
:10503000054808B50823036005F04AF918B1BDE832
:105040000840FFF711BF08BD94D200204FF0B043D5
:1050500007B55A6E42F001025A665B6E002203F0F9
:105060000103019311463220019B03F03BF83220EB
:1050700003B05DF804EB03F067B800000CB407B5AB
:10508000054A05AB102101930FF052FC03B05DF807
:1050900004EB02B0704700BF548C010830B585B0F6
:1050A000044602A80D460FF0BBFABDF90C30064AC3
:1050B00000931021029B2046FFF7E0FF2046FBF7FC
:1050C000AFF8288005B030BD548C01084FF0B042D5
:1050D00010B5936823F4004393600FF0DDFA0E4B94
:1050E00001241C7000F0A6F80EF0E6FF0B480EF04D
:1050F000FDFF0B4B4FF400421A6102200EF0FCFF43
:10510000FFF7CEFB00F0C4F80FF0F0F82146204680
:10511000BDE810400FF00AB9A0D200209D50000851
:10512000004000580FF018B908B5FFF7C1FB40F672
:10513000B83398420CD8B0F5E16F0BD3FE23A0F53D
:10514000E16058434FF49663B0FBF3F0C0B208BD82
:10515000FE20FCE70020FAE77FB5684600F07CF807
:105160000198FCF733F800B207B05DF804FB0000CB
:10517000194A38B5D2F88035591C044619D102F0C5
:10518000FFFA054602F008FB054402F0FFFA2B0E79
:10519000E3712B0CA3712B0A6371030EE370C0F350
:1051A0000742C0F307232571C0B2A270637020705C
:1051B00038BD190AC3718171190C1B0E417103713D
:1051C000D2F88435C370D2F88405C0F30722C0F347
:1051D0000743000EE9E700BF0070FF1F38B5094B19
:1051E000D3F8803503600133054609D102F0C8FACF
:1051F000044602F0CBFA444002F0CEFA44402C6060
:1052000038BD00BF0070FF1F012102200FF078B8E9
:10521000002102200FF074B8024B187808B100F09A
:105220003FB97047A0D2002082B00190019802B02F
:1052300000F0D2B9074A08B5D2F8903043F4804361
:10524000C2F8903002F0AEFA02F0B4FABDE80840BD
:1052500002F0B8BA0008005810B50446FFF742FB48
:10526000074BA36040F30F20FBF780FD054B064A78
:105270002360064B6060C4E90323002010BD00BF1B
:105280000000484200007A440D093E00AB030500CF
:10529000002070470120704708B511F08DFA1623E1
:1052A00003604FF0FF3008BD08B511F085FA1623F2
:1052B0000360FEE770B50D4614460E46731B9C4214
:1052C00001DC204670BDAFF3008006F8010BF5E766
:1052D00070B50D4614460E46731B9C4201DC2046F9
:1052E00070BD16F8010BAFF30080F5E74FF0FF300B
:1052F00070474FF400534B60002070470120704707
:10530000002070470B4A116810B5034609B90A49D5
:105310001160106809490A4C0344091B8B4206D9E5
:1053200011F04AFA0C2303604FF0FF3010BD1360F8
:10533000FCE700BFA4D20020F0F50020000001200F
:10534000000800000A480B4A08B52F23C0E90023D3
:10535000002340F2E732C0E90232C0E9043383613E
:1053600005F076FB18B1BDE80840FFF77DBD08BD2C
:10537000F4D20020004401400E4B0F480F4A596AF6
:105380002F2310B5C0E900230D4B00224C00A3EBE6
:105390004103B3FBF4F3043BC0E903328023826092
:1053A0004261836105F054FB18B1BDE81040FFF77E
:1053B0005BBD10BD0C220020A8D200200048014097
:1053C00040420F0007B50368184A934215D14FF0C9
:1053D000B0431C201A6E42F400321A661B6E002283
:1053E00003F4003300931146009B02F07BFE1C2067
:1053F00003B05DF804EB02F0A7BE0D4A934211D151
:105400004FF0B0431D201A6E42F480221A661B6EC4
:1054100003F48023019300220521019B02F062FE28
:105420001D20E5E703B05DF804FB00BF0044014028
:1054300000480140014B1868704700BF40D300206E
:105440000320704708B501464FF47A7200238002AA
:10545000890DFBF701FF08BD4FF47A73A0FB03032E
:10546000800A40EA83507047034B98689A689042DC
:10547000FBD1C043704700BF0028004008B5FFF7CC
:10548000F3FF014B186008BD40D3002008B5FFF7BB
:10549000EBFF024B1B68C01A08BD00BF40D30020C1
:1054A000024B187808B1FFF7DFBF704744D30020E4
:1054B00010B5074B074C0122DA654FF48071204686
:1054C00004F0BAFC4FF0FF332363002010BD00BF8F
:1054D000002800405CD2002002460021014804F070
:1054E000C2BE00BF5CD2002002460121014804F088
:1054F000BABE00BF5CD2002010B58CB02C220021B7
:10550000044601A811F005F9FFF7D2FF0C4B0D4836
:105510001B681C440023089306934FF00053E44398
:10552000079301224FF4807301A902940B9304F0B6
:1055300097FD08B1FFF798FC00200CB010BD00BF2C
:1055400040D300205CD2002038B50546FFF78CFF21
:1055500002210446074804F08DFEC4F309024FF40B
:105560007A71A2FB0121920AA30A2A8043EA8050A1
:1055700038BD00BF5CD200200148002104F07ABE93
:105580005CD200200148012104F074BE5CD20020EE
:10559000F8B50F4D2E78CEB90E4C4FF0FF3727637C
:1055A000FFF764FCFFF784FF4FF48071204604F09E
:1055B00043FC2046276304F001FE324620460221C8
:1055C00004F051FEFFF75AFF01232B700020F8BDB5
:1055D00044D300205CD20020014610B54FF47A720B
:1055E00000238002890DFBF737FE0146FFF73CFFE1
:1055F0000446FFF739FF031B8B4200D310BD00BFE9
:10560000F7E70FF051B9000010B5064C0221204613
:1056100004F030FE0221421C2046BDE8104004F098
:1056200022BE00BF5CD200201648174A08B54FF4CE
:105630001653C0E9002300230C22C0E90233C0E95D
:105640000523C0E90733C0E90933036106F0FFF819
:1056500008B1FFF709FC0B48002106F070FA08B109
:10566000FFF702FC0748002106F089FA08B1FFF7AE
:10567000FBFB044806F043FA18B1BDE80840FFF709
:10568000F3BB08BDA8D300200044004030B597B05C
:1056900005461422002103A811F03BF8382200210E
:1056A00008A811F036F82A682C4B9A4253D10223ED
:1056B000089308A82A4B0A9304F0F0FA08B1FFF700
:1056C000D3FB4FF0B04301219A6D264C42F40032D7
:1056D0009A659A6D02F400320292029ADA6C42F0F4
:1056E0000102DA64DB6C03F0010301930C22019BDD
:1056F0000223CDE903230323CDE905134FF09040A6
:10570000072303A9079303F07BF817481423C4E980
:1057100000034FF0100C002380222046C4E902C38E
:10572000C4E90423C4E90633236202F081FD08B111
:10573000FFF79AFB0B48102102F046FF08B1FFF774
:1057400093FB00222520EC671146A56202F0CAFCFB
:10575000252002F0F9FC17B030BD00BF0044004026
:1057600004000C0048D300205800024002680C4B93
:105770009A4210B5044612D14FF0B0420C21936DFD
:1057800023F4003393654FF0904003F0E5F8E06FA9
:1057900002F0C0FDBDE81040252002F0E3BC10BDC2
:1057A0000044004008B50A460146024805F0CAF91F
:1057B000002008BDA8D3002013B5114B114C186070
:1057C0004FF40013009302AB13E90600204606F0E5
:1057D0003AF92368DA69D103FCD4DA695202FCD5BC
:1057E0009A68084842F480029A6006F072F9064905
:1057F0000448012206F0E0F8002002B010BD00BF0E
:105800003CD40020A8D3002044D4002008B5074B86
:105810001860FFF7A5F8FFF707FF054AD2F88030B8
:1058200043F00063C2F88030002008BD40D400205F
:105830000008005808B54FF0B04308489A6B42F48E
:1058400000329A639A6B22F400329A63FFF78EFF5C
:105850000F2002F087FC002008BD00BFA8D3002065
:1058600008B5074805F0F3FF08B1FFF7FDFA054852
:1058700002F0DEFC18B1BDE80840FFF7F5BA08BD3C
:10588000A8D3002048D300200268044B9A4203D1D9
:10589000034B00201B681847704700BF00440040BE
:1058A00040D4002002680B4B9A4210B504460FD139
:1058B000094B1B682BB1D0F8902012B90748012181
:1058C000984720460549BDE81040012206F074B80B
:1058D00010BD00BF004400403CD4002044D4002050
:1058E000014B00221A70704745D40020014B1878F4
:1058F000704700BF45D4002010B5034C03492278FF
:105900000EF04AFD207810BD45D4002046D400207A
:1059100010B504490446F2220348FCF771FB204607
:1059200010BD00BF45D4002046D4002008B5FFF7C5
:10593000CDFBBDE8084000F087BA4FF0FF300EF015
:105940006FBD704770470000014BD870704700BFB3
:1059500074B20020014B1874704700BF74B200206D
:1059600007B5064B00221B5C00931146044B022036
:105970000EF00CFC03B05DF804FB00BFCA8C0108FC
:10598000B08C010808B5022000210EF011FDBDE821
:10599000084001480EF036BF8CD6002000210120BF
:1059A0000EF006BD10B54EF66023084C002818BF57
:1059B0000346074823600EF0D7FE216804480EF026
:1059C0005BFFBDE8104002480EF01CBF70B2002023
:1059D0008CD600201FB50446002837D00378002B52
:1059E0002ED01F480EF00EFF002211461D4B022044
:1059F0000EF0CCFB94F91830039394F90A3002931B
:105A0000237C0193E368009300221146164B032088
:105A10000EF0BCFB0022154B114602200EF0B6FB27
:105A2000237A012B14D1617A114A124B002918BF35
:105A300013460022009311460F4B02200EF0A6FBE6
:105A40000E492046FCF712FA0D4B186004B010BD49
:105A500000220C4B114602200EF098FBF0E700BF2D
:105A600068D50020D38C0108048D0108358D01080C
:105A7000CF8C0108CE8C0108428D01088CD6002005
:105A800070B20020538D010837B5044628B390F951
:105A9000065025BB13480EF067FE134B2A462946D5
:105AA00002200EF073FBE379012B0CBF0F4B104B60
:105AB0000022114602200EF069FB94F90600FCF763
:105AC00087F994F90530019394F90430009300228A
:105AD000084B114603200EF059FB03B030BD064BB6
:105AE000E6E700BF38D50020618D0108768D0108FA
:105AF000938D0108C78D0108B08D01080A46014940
:105B0000FFF78CB800F0030838B51B480EF02CFEE8
:105B100006F09EFC044650B10022184B11460220AC
:105B20000EF034FBBDE8384015480EF06BBE154B47
:105B3000154D0246014602200EF028FB134B1B7840
:105B4000012B11D10220124B2870224621460EF063
:105B50001DFB104806F008FB2878012106F05CF8D0
:105B600005480EF04FFEDDE701232B7022460A4B5D
:105B700021460220EBE700BF8CD60020F08D010803
:105B800074D600200E8E0108A4000020A50000207D
:105B9000228E010874B20020428E010800B503462F
:105BA0008DB000282CD0407802280AD003282AD0B3
:105BB000164B0022114602200DB05DF804EB0EF0EA
:105BC000E5BA1A7F0B92DA7E0A929A7E09925A7E81
:105BD00008921A7E0792DA7D06929A7D05925A689B
:105BE0000492DA68039293F914200292B3F9122016
:105BF00001921B7C00930022054B11460EF0C6FA61
:105C00000DB05DF804FB034BD3E700BF618E0108C4
:105C1000788E0108EA8E010801284FF000020CBFBF
:105C2000024B034B114602200EF0B0BA098F010857
:105C30001B8F0108054B1A78054B1B789A4203D13C
:105C4000002108200EF0B4BB704700BFA400002064
:105C5000A500002008B506F004FC80B906F0C2F8E3
:105C600001280CD1BFF34F8F0549064BCA6802F4D7
:105C7000E0621343CB60BFF34F8F00BFFDE708BD69
:105C800000ED00E00400FA0530B5044687B00D468B
:105C9000002953D02A480EF0B5FD2B78EBB1E4B1C2
:105CA0006368D3B11B780193237800930022254BBE
:105CB000114602200EF06AFA2378022B2ED0032B15
:105CC0000BD16378012B08D163681878012802D0C2
:105CD000022800D008B906F079F92B7C052B16D8DC
:105CE00095F90A20059295F909200492164A52F86E
:105CF0002330039395F90830029323780193EB68DE
:105D000000930022114B114603200EF03FFA294662
:105D1000204607B0BDE83040FBF7A2BF6378012BF7
:105D2000DBD163681A7812F0010216BF0022084B1B
:105D3000084B114603200EF029FACEE707B030BD1C
:105D400050D500202F8F0108D8B200205F8F0108A6
:105D50004C8F0108568F010838B504460D46074898
:105D60004FF40061FEF77AFF30B92A462146034816
:105D7000BDE83840FEF778BE38BD00BF00F003082C
:105D800010B506F003FC10F1080F07D1064B0022F6
:105D9000BDE81040114602200EF0F8B9013001D1E3
:105DA000024BF4E710BD00BFA68F0108BC8F0108AD
:105DB00037B506F02BF80446002837D11C4D0223D6
:105DC0002B70FFF78DFD2046FFF7A2FD194C686888
:105DD000FFF792FDFFF78AFD637A687033B106F032
:105DE00001F8012802D120460EF0BEFC124B1048EB
:105DF000D978002206F020F8024638B90F4B014648
:105E0000012003B0BDE830400EF0C0B906320DD11C
:105E100005F0E2FF50B100224FF47A731146B0FB57
:105E2000F3F0074B009001200EF0B0F903B030BD45
:105E300068B2002038D5002074B20020D48F010849
:105E4000E38F010870477047F0B587B00024012543
:105E50000327504B029422462146CDE900570220E9
:105E6000022605940EF092F90623CDE9006322463E
:105E7000494B0295214630460EF088F9474B009574
:105E800022462146CDE9017530460EF07FF905A97D
:105E9000204606F0CBFA059BC3F307220292C3F318
:105EA00007421B0E0192009322463D4B214630468D
:105EB0000EF06CF905A9284606F0B8FA059BDAB28F
:105EC0000392C3F307220292C3F307421B0E01920F
:105ED00000932246334B214630460EF057F9324BA1
:105EE0003248009422464FF4FA710EF0DFFB304B3B
:105EF0003048009422464FF4FA710EF0D7FB2E4B37
:105F00002E4800942A464FF4FA710EF0CFFB20463B
:105F1000FEF7A4FD08B1FEF7A7FF294B009400226D
:105F20004FF4FA6127480EF0C1FB274A00210120F7
:105F30000EF008FB254A002102200EF003FB244A44
:105F4000002104200EF0FEFA224A002108200EF063
:105F5000F9FA00F051F82049204806F01DFA2048CF
:105F600006F002F9FBF724FB14480EF04BFC1D4B26
:105F70000121187805F050FE1B4900941B4B09685D
:105F80001B4800220EF092FB19480EF03BFC07B0B4
:105F9000F0BD00BF01900108229001084390010864
:105FA00064900108859001084359000868D50020D5
:105FB000475E000850D50020455E000838D5002017
:105FC000355C000874D600206DBF0008B15D000884
:105FD000815D0008095B0008000003018CB200200D
:105FE00074B20020A400002070B20020855900087F
:105FF0008CD60020FBF77CBB034B0022C3E90222B6
:106000000122C3E900227047A4D60020004870474F
:10601000A4D6002008B501F0DDFB08BD08B501F0ED
:1060200003FC08BD0020704708B501F01BFC08BD4B
:1060300008B501F019FC08BD01F018BC0D488546F3
:1060400001F053FB0C480D490D4A002302E0D458DF
:10605000C4500433C4188C42F9D30A4A0A4C0023B2
:1060600001E013600432A242FBD310F0ABFBFEF759
:10607000E1FEFEE70000012000000020DCB500206A
:106080004C2F0208DCB50020ECF50020FEE70000F4
:10609000114A08B513680BB9002008BD013B136015
:1060A000002BF9D14FF0B0424FF40061936D23F40F
:1060B000800393654FF0904002F04EFC4FF090400B
:1060C0004FF4805102F048FC044802F06DFE0028B5
:1060D000E2D06FF00700E0E7B4D60020B8D6002089
:1060E0001FB54FF48054CDE90134009201230A46D4
:1060F0000146074802F072FE40B1054803F029F856
:10610000042814BF6FF003006FF0650004B010BDE9
:10611000B8D600201FB54FF48054CDE90134009269
:1061200001230A460146074802F032FF40B1054804
:1061300003F00FF8042814BF6FF003006FF0650040
:1061400004B010BDB8D60020FFF766B8134A144B50
:1061500070B50026C0E900230123C0E90263C0E94D
:106160000466C0E906660662044602F0C7FD3146D1
:106170000546204602F0EFFF0543EDB2AD1B314668
:10618000204618BF012503F00CF8B04218BF0125C6
:106190004FF4001003F02AF8284670BD0058004064
:1061A000190B20002DE9F0432F4A304E304B33605D
:1061B0001368591C97B011601BB1002017B0BDE8DF
:1061C000F083304602F0C2FF05460028F5D13422A4
:1061D000014609A810F09DFA4FF0B04480230893BF
:1061E00008A84FF440230E9303F058FDE36C43F0EE
:1061F0000103E364E36C03F001030293029B4FF09D
:1062000012094FF400634FF00108042703A94FF06F
:106210009040CDE90339CDE90585079702F0F0FA02
:106220004FF4805303A94FF09040CDE90339CDE9F5
:106230000585079702F0E4FAA36D43F48003A36594
:10624000A36D03F4800301933046019BFFF77EFFAB
:10625000014610B16FF00700B0E7304602F07BFF57
:106260000028AAD0F6E700BFB4D60020B8D6002098
:106270000058004040F201124FF47A63C1E9002354
:1062800000201023C1E90230024B0B614B61002357
:106290008B6170470058D04510B44469007BA44618
:1062A00010BC604710B40469007BA44610BC604772
:1062B00010B590F83130012B044608D090F8331017
:1062C000203000F07FFE20B9012384F83130002017
:1062D00010BD4FF0FF30FBE770B590F831500C4621
:1062E000012D06464649204647D1FAF73BFF0028D4
:1062F0002BD144492046FAF735FF00282FD14249D7
:106300002046FAF72FFF60BB40492046FAF72AFFE4
:1063100048BB3F492046FAF725FF30BB3D492046A0
:10632000FAF720FF18BB3C492046FAF71BFF00BBD9
:106330003A492046FAF716FFE8B939492046FAF7F4
:1063400011FF002814BF09250A25294606F120005F
:1063500000F038FE003818BF0120404270BD022511
:10636000F3E70325F1E70425EFE70525EDE706252B
:10637000EBE70725E9E70825E7E7FAF7F3FE00284A
:106380002ED120492046FAF7EDFE58BB1E49204683
:10639000FAF7E8FE40BB1D492046FAF7E3FE28BBAA
:1063A0001B492046FAF7DEFE10BB1A492046FAF7D1
:1063B000D9FEF8B918492046FAF7D4FEE0B91749D2
:1063C0002046FAF7CFFEC8B915492046FAF7CAFEAB
:1063D000002814BF09230A2386F833300020BDE7C4
:1063E0000123F9E70223F7E70323F5E70423F3E7A3
:1063F0000523F1E70623EFE70723EDE70823EBE7A3
:10640000000048410000D041000050420000D0424E
:10641000000050430000D043004050440040D044AE
:1064200000405045022908B50DDD04290DDD08297D
:10643000CCBF01210321203000F0C0FB003818BF81
:106440000120404208BD0021F5E70221F3E710B525
:1064500090F83230012B044608D090F834102030E8
:1064600000F050FE20B9012384F83230002010BD26
:106470004FF0FF30FBE7000070B590F832500C464B
:10648000012D06464649204647D1FAF76BFE002803
:106490002BD144492046FAF765FE00282FD1424906
:1064A0002046FAF75FFE60BB40492046FAF75AFEE5
:1064B00048BB3F492046FAF755FE30BB3D492046D0
:1064C000FAF750FE18BB3C492046FAF74BFE00BBDA
:1064D0003A492046FAF746FEE8B939492046FAF724
:1064E00041FE002814BF09250A25294606F120008F
:1064F00000F008FE003818BF0120404270BD0225A0
:10650000F3E70325F1E70425EFE70525EDE7062589
:10651000EBE70725E9E70825E7E7FAF723FE002878
:106520002ED120492046FAF71DFE58BB1E492046B1
:10653000FAF718FE40BB1D492046FAF713FE28BBA8
:106540001B492046FAF70EFE10BB1A492046FAF7FF
:1065500009FEF8B918492046FAF704FEE0B91749D0
:106560002046FAF7FFFDC8B915492046FAF7FAFDAB
:10657000002814BF09230A2386F834300020BDE721
:106580000123F9E70223F7E70323F5E70423F3E701
:106590000523F1E70623EFE70723EDE70823EBE701
:1065A000000048410000D041000050420000D042AD
:1065B000000050430000D043004050440040D0440D
:1065C0000040504570B500F12004054601212046E9
:1065D00000F009FC10B14FF0FF3070BD01212046E2
:1065E00000F04DFC0028F6D10121204600F030FCDF
:1065F0000028F0D10121204600F041FC0028EAD11A
:106600000121204600F09CFB01460028E3D12046F2
:1066100000F04CFC01460028DDD1042685F83360EB
:10662000204600F0CFFC01460028D4D1204600F0DF
:10663000C5FA01460028CED185F83460204600F026
:1066400061FD0028C7D10C21204600F012FB002874
:10665000C1D1012385F83030BFE77D2908B514DDAD
:10666000FA2914DDB1F5FA7F13DDB1F57A7F12DD79
:10667000B1F5FA6FCCBF01210C21203000F0F9FAFE
:10668000003818BF0120404208BD0221F5E7002173
:10669000F3E70421F1E70821EFE708B5203000F027
:1066A000D0FB003818BF0120404208BD38B590F833
:1066B0003130044693B100F1200500F13301284642
:1066C00000F0A8FA014610B14FF0FF3038BD28465F
:1066D00000F078FC0028F7D184F831000020F5E7BD
:1066E00013B50C4620300DF1070100F093FA18BBEA
:1066F0009DF807300A2B1FD8DFE803F0060A0C0EBE
:1067000010121416181A1C000023236002B010BDCA
:106710000B4BFAE70B4BF8E70B4BF6E70B4BF4E7A9
:106720000B4BF2E70B4BF0E70B4BEEE70B4BECE7B9
:106730000B4BEAE70B4BE8E74FF0FF30E6E700BF13
:10674000000048410000D041000050420000D0420B
:10675000000050430000D043004050440040D0446B
:10676000004050450058D04513B50C4620300DF17F
:10677000070100F03AFA88B99DF80730032B0DD8CD
:10678000DFE803F0020A0608064B236002B010BDE2
:10679000054BFAE7054BF8E7054BF6E74FF0FF30FE
:1067A000F4E700BF23DB793D23DBF93D23DB793EB2
:1067B00023DBF93E13B50C4620300DF1070100F044
:1067C00014FA88B99DF80730032B0DD8DFE803F0E1
:1067D000020A06080223236002B010BD0423FAE770
:1067E0000823F8E71023F6E74FF0FF30F4E713B57E
:1067F0000C462030694600F0D8FA50B9BDF8003098
:106800002380BDF802306380BDF80430A38002B05D
:1068100010BD4FF0FF30FAE77FB504460D46002368
:1068200002A92030019300F0C0FA20B14FF0FF34EC
:10683000204604B070BD204601A9FFF795FF04462D
:106840000028F3D1019EBDF90800FAF78FFA31460E
:10685000FAF7E0FAFAF7BAFC2860BDF90A00FAF78D
:1068600085FA3146FAF7D6FAFAF7B0FC6860BDF956
:106870000C00FAF77BFA3146FAF7CCFAFAF7A6FCE5
:10688000A860D5E738B590F83230044693B100F1EE
:10689000200500F13401284600F026FA014610B127
:1068A0004FF0FF3038BD284600F02CFC0028F7D10F
:1068B00084F832000020F5E710B50446FFF7F6FE35
:1068C00010B14FF0FF3010BD2046FFF7DBFF00286E
:1068D000F7D184F8330084F8340084F83000F2E70C
:1068E00013B50C4620300DF1070100F0FDF918BB7F
:1068F0009DF807300A2B1FD8DFE803F0060A0C0EBC
:1069000010121416181A1C000023236002B010BDC8
:106910000B4BFAE70B4BF8E70B4BF6E70B4BF4E7A7
:106920000B4BF2E70B4BF0E70B4BEEE70B4BECE7B7
:106930000B4BEAE70B4BE8E74FF0FF30E6E700BF11
:10694000000048410000D041000050420000D04209
:10695000000050430000D043004050440040D04469
:10696000004050450058D04513B50C4620300DF17D
:10697000070100F095F9D0B99DF807300C2B16D817
:10698000DFE803F00B1307150D1515150F15151579
:106990001100084B236002B010BD074BFAE7074B0C
:1069A000F8E7074BF6E7074BF4E7074BF2E74FF042
:1069B000FF30F0E700008C4000000C4100008C41EB
:1069C00000000C4200008C4200000C4313B50C4642
:1069D00020300DF1070100F063F9F0B99DF80730A0
:1069E0000C2B1AD8DFE803F00B1607190D1919192B
:1069F0001019191913007D23236002B010BDFA236A
:106A0000FAE74FF4FA73F7E74FF47A73F4E74FF4C9
:106A1000FA63F1E74FF47A63EEE74FF0FF30ECE70B
:106A200013B50C462030694600F0A1F950B9BDF805
:106A300000302380BDF802306380BDF80430A380AD
:106A400002B010BD4FF0FF30FAE77FB504460D46A7
:106A5000203002A900F08BF920B14FF0FF3420461E
:106A600004B070BD204601A9FFF77EFF0446002850
:106A7000F3D1019EBDF90800FAF778F93146FAF72B
:106A8000C9F9FAF7A3FB2860BDF90A00FAF76EF915
:106A90003146FAF7BFF9FAF799FB6860BDF90C00C7
:106AA000FAF764F93146FAF7B5F9FAF78FFBA860FF
:106AB000D5E708B52030012300F04CF8003818BFA6
:106AC0000120404208BD07B501238DF80720203082
:106AD0000DF1070200F044F8003818BF01204042D1
:106AE00003B05DF804FB000010B5044610B94FF088
:106AF000FF3010BD4A680B6842608A68036082609C
:106B00000A7B02730A6902614A6942618A69826189
:106B10000E4A42620E4A0262CA69C0E90A20002B8C
:106B2000E5D098470028E2D1A368022BE1D194F880
:106B30003030002BDDD10C2212212046FFF7C3FF9D
:106B4000003818BF01204042D3E700BF9962000817
:106B5000A562000810B44468C068A44610BC604731
:106B600010B40468C068A44610BC604708B5FAF7C2
:106B7000FDF80249FAF74EF908BD00BF23DB793D65
:106B800008B5FAF7F3F80249FAF744F908BD00BF6F
:106B900023DBF93D08B5FAF7E9F80249FAF73AF9C3
:106BA00008BD00BF23DB793E08B5FAF7DFF80249DC
:106BB000FAF730F908BD00BF23DBF93E37B50123F2
:106BC0000D4601AA10210446FFF7C4FF58B99DF8ED
:106BD000043065F383038DF8043001AA01231021EA
:106BE0002046FFF7BDFF03B030BD13B501230C46AF
:106BF00001AA1021FFF7AEFF9DF80430C3F3810313
:106C0000022B04D0032B02D05A1E5342534123704F
:106C100002B010BD13B501230C4601AA1021FFF7E5
:106C200099FF9DF804301B09013B0A2B1FD8DFE8B0
:106C300003F0060A0C0E10121416181A1C00012379
:106C4000237002B010BD0223FAE70323F8E7042300
:106C5000F6E70523F4E70623F2E70723F0E7082326
:106C6000EEE70923ECE70A23EAE70B23E8E7002332
:106C7000E6E737B501230D4601AA11210446FFF7C7
:106C800069FF58B99DF8043065F303038DF80430AB
:106C900001AA012311212046FFF762FF03B030BD96
:106CA00013B501230C4601AA1121FFF753FF9DF8EC
:106CB000043003F00F030C2B14D8DFE803F00711A6
:106CC00013130B1313130D1313130F00002323704F
:106CD00002B010BD0423FAE70823F8E70C23F6E717
:106CE0000123F4E70223F2E713B501230C4601AABE
:106CF0001121FFF72FFF9DF804301B09013B092BE1
:106D00001CD8DFE803F005090B0D0F111315171937
:106D10000123237002B010BD0223FAE70323F8E732
:106D20000423F6E70523F4E70623F2E70723F0E759
:106D30000823EEE70923ECE70A23EAE70023E8E764
:106D400037B501230D4601AA12210446FFF702FFC1
:106D500058B99DF8043065F386138DF8043001AA04
:106D6000012312212046FFF7FBFE03B030BD13B50F
:106D700006230C466A462221FFF7ECFE9DF801200F
:106D80009DF8003003EB022323809DF803209DF83B
:106D9000023003EB022363809DF805209DF8043048
:106DA00003EB0223A38002B010BD13B506230C46EB
:106DB0006A462821FFF7CEFE9DF801209DF800309D
:106DC00003EB022323809DF803209DF8023003EBA0
:106DD000022363809DF805209DF8043003EB022315
:106DE000A38002B010BD37B501230D4601AA1821BA
:106DF0000446FFF7AFFE58B99DF8043065F3410330
:106E00008DF8043001AA012318212046FFF7A8FEBF
:106E100003B030BD37B501230D4601AA194604461B
:106E2000FFF798FE58B99DF8043065F387138DF885
:106E30000430012301AA19462046FFF791FE03B052
:106E400030BD08B50A4601230F21FFF783FE08BDB8
:106E500037B501230D4601AA12210446FFF77AFE39
:106E600058B99DF8043065F300038DF8043001AA89
:106E7000012312212046FFF773FE03B030BD37B562
:106E800001230D4601AA12210446FFF763FE58B9FB
:106E90009DF8043065F382038DF8043001AA0123C4
:106EA00012212046FFF75CFE03B030BD37B5012349
:106EB0000D4601AA0A210446FFF74CFE58B99DF879
:106EC000043065F302038DF8043001AA01230A217E
:106ED0002046FFF745FE03B030BD38B50D46022110
:106EE0000446FFF797FF98B901232A46462120461A
:106EF000FFF730FE60B90123EA1847212046FFF76B
:106F000029FE28B901462046BDE83840FFF782BF78
:106F100038BD37B50C4602210546FFF77BFF50B957
:106F2000012301AA5F212846FFF714FE18B9014684
:106F30002846FFF76FFF9DF80430C3F3C103022B0F
:106F400004D0032B02D05A1E53425341237003B086
:106F500030BD37B50D4602210446FFF75BFF78B917
:106F6000012301AA05212046FFF7F4FD40B901469F
:106F70002046FFF74FFF9DF80430C3F300132B703A
:106F800003B030BD37B50D4602210446FFF742FF7E
:106F9000B0B9012301AA60212046FFF7DBFD78B9D3
:106FA0009DF80430C3F30113022B04D0032B02D04D
:106FB0005A1E534253412B7000212046FFF72AFFEF
:106FC00003B030BD73B50D4601A90446FFF785FF38
:106FD00000286ED19DF80420C2F34001C2F30003E3
:106FE0000B43C2F380010B43C2F3C0010B43C2F356
:106FF00000110B43C2F340110B43C2F380110B434A
:1070000043EAD2139DF80520C2F300010B43C2F3FB
:1070100040010B43C2F380010B43C2F3C0010B4399
:10702000C2F300110B43C2F340110B43C2F38011B2
:107030000B4343EAD213DB073BD50DF10101204698
:10704000FFF767FF002834D19DF801302E46032B4F
:1070500006D8DFE803F00222262A012D38BF0126D8
:1070600000238DF8023000284AD10DF1020120469C
:10707000FFF76FFF9DF80230012B2DD10DF10301B9
:107080002046FFF77FFF00283AD19DF80330032BFD
:1070900014D8DFE803F01015191D022D38BF0226A1
:1070A000DEE7032D38BF0326DAE7042D38BF0426B8
:1070B000D6E72E46D4E7012D38BF01252E460CE039
:1070C000022D38BF0225F9E7032D38BF0325F5E768
:1070D000042D38BF0425F1E790B901236A46102139
:1070E0002046FFF737FD58B99DF8003066F30713C7
:1070F0008DF800306A46012310212046FFF730FD4D
:1071000002B070BD73B50D4601A90446FFF7E5FE58
:1071100000286ED19DF80420C2F34001C2F30003A1
:107120000B43C2F380010B43C2F3C0010B43C2F314
:1071300000110B43C2F340110B43C2F380110B4308
:1071400043EAD2139DF80520C2F300010B43C2F3BA
:1071500040010B43C2F380010B43C2F3C0010B4358
:10716000C2F300110B43C2F340110B43C2F3801171
:107170000B4343EAD213DB073BD50DF10101204657
:10718000FFF7C7FE002834D19DF801302E46032BAF
:1071900006D8DFE803F00222262A012D38BF012697
:1071A00000238DF8023000284AD10DF1020120465B
:1071B000FFF7CFFE9DF80230012B2DD10DF1030119
:1071C0002046FFF7DFFE00283AD19DF80330032B5D
:1071D00014D8DFE803F01015191D022D38BF022660
:1071E000DEE7032D38BF0326DAE7042D38BF042677
:1071F000D6E72E46D4E7012D38BF01252E460CE0F8
:10720000022D38BF0225F9E7032D38BF0325F5E726
:10721000042D38BF0425F1E790B901236A461121F6
:107220002046FFF797FC58B99DF8003066F3071326
:107230008DF800306A46012311212046FFF790FCAB
:1072400002B070BD0123054A0B60002000230871C5
:107250008B60CA600B614B61704700BF0000484300
:107260002DE9F84384680546884691461E466CB170
:107270000020BDE8F88308EB040109EB04026F6904
:10728000287B012389B2B847013410B9B442F2D146
:10729000EEE74FF0FF30ECE72DE9F8438468054650
:1072A000884691461E466CB10020BDE8F88308EB85
:1072B000040109EB04022F69287B012389B2B84736
:1072C000013410B9B442F2D1EEE74FF0FF30ECE7F1
:1072D00038B590F83030044623B1012384F83030BB
:1072E000002038BD4FF07E5300F12005436301219B
:1072F000284600F0B5F910B14FF0FF30F1E7012159
:10730000284600F0DBF901460028F5D1284600F0B8
:10731000F9F80028E1D0EFE738B50C4605464FF004
:107320007E512046F9F71EFFD0B910492046F9F7E3
:1073300019FFB8B90E492046F9F714FFA0B90D4955
:107340002046F9F70FFF002814BF2221322105F152
:10735000200000F0D7F8003818BF0120404238BDA7
:107360000421F4E70221F2E71221F0E70000C8410E
:10737000000048420000C84210B590F83130012B9F
:10738000044606D0416BFFF7C7FF20B9012384F8FC
:107390003130002010BD4FF0FF30FBE713B50C4635
:1073A00020300DF1070100F082F920B99DF8073077
:1073B000237002B010BD4FF0FF30FAE713B50C4652
:1073C00020300DF1070100F025F948B99DF807308C
:1073D000122B10D007D8022B0FD010D9042B10D0AD
:1073E0004FF0FF3005E0222B0ED0322BF8D1074BA7
:1073F000236002B010BD064BFAE7064BF8E7002306
:10740000F6E74FF07E53F3E7034BF1E70000484304
:10741000000048420000C8410000C84210B590F882
:107420003130044683B100F13401FFF7C7FF014654
:1074300010B14FF0FF3010BD04F1200000F062F8F1
:107440000028F6D184F831000020F4E710B590F858
:107450003030012B044603D0002084F8300010BDEA
:10746000FFF7DCFF0028F7D04FF0FF30F7E737B524
:107470000D4620300DF1060100F009F9044638B937
:10748000BDF9060000F034F82860204603B030BD96
:107490004FF0FF34F9E70000B0B14A680B68426072
:1074A0008A68036082600A7B02730A6902614A6922
:1074B00042618A698261064A4262064A0262CA6978
:1074C000C0E90A2003B118474FF0FF30704700BFF2
:1074D000617200089972000810B44468C068A4463C
:1074E00010BC604710B40468C068A44610BC604774
:1074F00008B5F9F73BFC0249F9F740FD08BD00BFAC
:107500000000C84237B501230C4601AA04210546F4
:10751000FFF7E2FF28B901236A460C212846FFF74E
:10752000DBFF012C35D190BB9DF8003043F0020306
:107530008DF800306A4623460C212846FFF7D2FF1B
:1075400028BB9DF8003060F341038DF800306A4697
:1075500001230C212846FFF7C5FFC0B9C4F3400240
:1075600004F0010343EA820304F0300213439DF860
:107570000420A40802F04A0243EAC41313438DF81E
:10758000043001AA012304212846FFF7ABFF03B012
:1075900030BD04F0DF03022B01D0122B1FD19DF868
:1075A00004305B071BD40028F1D19DF8003043F074
:1075B00002038DF800306A4601230C212846FFF7AC
:1075C00091FF0028E3D19DF8003060F341038DF86E
:1075D00000306A4601230C212846FFF783FF042C64
:1075E000BBD10028D3D19DF8003023F0420343F0F3
:1075F00042038DF800306A4601230C212846FFF72C
:1076000071FF0028C3D19DF8003023F0420343F0FE
:1076100040039AE713B5012301AA0C460421FFF7A2
:107620005BFF9DF80430DA09C3F38001920042EA5F
:10763000410203F031031343122B07D009DC022B64
:1076400004D0042B02D05A1E53425341237002B07F
:1076500010BD222BFAD0322B0CBF32230023F5E7CA
:1076600037B501230D4601AA04210446FFF734FF74
:1076700058B99DF8043065F386138DF8043001AADB
:10768000012304212046FFF72DFF03B030BD13B5C1
:1076900002230C4601AA0621FFF71EFF9DF80520D4
:1076A0009DF8043003EB0223238002B010BD08B51F
:1076B00001230A461946FFF70FFF08BD37B501231E
:1076C0000D4601AA04210446FFF706FF58B99DF8AC
:1076D000043065F3C3038DF8043001AA01230421AB
:1076E0002046FFF7FFFE03B030BD704738B5104CA1
:1076F000237805460BB9012038BD01F0E7FE22785A
:107700004FF47A73B3FBF2F3B0FBF3F000F03CFDFF
:1077100004460028EFD10F2DEDD8024629464FF040
:10772000FF3000F0DFFC034B20461D60E4E700BFA4
:1077300078B300207CB3002010B5032000F0C0FC1B
:1077400001F0C4FE064B18600020FFF7CFFF04468F
:1077500018B9FDF726FC204610BD0124FBE700BF49
:1077600074B300204FF0E022136923F00203136189
:1077700070474FF0E022136943F002031361704732
:10778000014BD3F8900570470070FF1F014BD3F8F1
:10779000940570470070FF1F014BD3F898057047A0
:1077A0000070FF1F024A536843F0010353607047A3
:1077B000002004E0024A536843F00203536070471C
:1077C000002004E0024A536843F00403536070470A
:1077D000002004E04FF0B04330B5DA6C114842F0BD
:1077E0000402DA64DB6C87B003F004030093009BAF
:1077F000382501230022CDE9015301A90323CDE956
:10780000032300F0FDFF0748294601F022F9044652
:1078100020B902462946034801F012F9204607B074
:1078200030BD00BF0008004808B5032815D8DFE8C0
:1078300000F002090B1100220948382101F000F97B
:10784000002008BD0122F7E718222021044801F09A
:10785000FCF8F5E728221021F8E70120F1E700BF46
:10786000000800480120704701207047002814BF1D
:1078700016200F2070478068C0F38000704700001A
:10788000F7B5002301930446002800F0E980856DD8
:1078900025B9FCF7AFFFE56584F8545023689A6872
:1078A000D00040F1A1809A68D10000F1B480A26DAF
:1078B00042F01002A265E26D42F00102E26501258C
:1078C0001846FFF7D8FFA26D02F01002024340F005
:1078D000C980A26D206922F4817242F00202A26581
:1078E0009A68D2075DD4226BA67E94F82CC0003A29
:1078F00018BF01221703D4E902120A43217E42EA8B
:107900008132617E42EAC13242EA4632002842EACE
:107910004C02B4BF20F000414FF400113A430A4337
:1079200094F82010012903D1002E76D142F4803240
:10793000616A21B1A66A01F4E07131430A43D96852
:10794000E66C21F4FE3121F4FF711143D96094F803
:107950003C206168012A01F0404C4CEA060609D13E
:10796000D4E910273A433243A66C324342EA0C0270
:1079700042F001061F693E4A3A4032431A6121F043
:107980000042B2F1804F0CD0B1F1004F09D0394E16
:10799000D6F8082701F4701122F470120A43C6F8D1
:1079A00008275A69666BA16B22F0070232435A61BD
:1079B0005A6922F0700242EA01125A61002835D158
:1079C0009A6A62F00F029A625B6903F007039E42B3
:1079D0003CD10023E365A36D23F0030343F00103CF
:1079E000A365284603B0F0BD9A68234922F01042EF
:1079F00022F0170242F080529A60204A1268B2FBCD
:107A0000F1F2013252000192019A002A3FF44BAF89
:107A1000019A013AF7E7002552E7A16D41F02001F4
:107A2000A165E16D41F00101E16581E7B0F5001F5D
:107A3000CAD19A6AE269013A92006FF00F0102F02E
:107A40001C0201FA02F2216E0A43BCE7A36D23F087
:107A5000120343F01003A365E36D43F00103E365F4
:107A60000125BEE7A36D43F01003A365F8E700BF4F
:107A700002FCFF1F00200140400D030074B30020F2
:107A8000F8B54569082D04460E460AD00368DB6840
:107A9000D80705D5A36D43F02003A3650120F8BDE9
:107AA0000425FDF7B9FB074623681A682A4220D04F
:107AB000A26D42F40072A265DA6812F4406F14D12C
:107AC000A27E92B91A6812070FD51846FFF7D3FEA7
:107AD00020BB5A6822F00C025A60A26D22F4807218
:107AE00022F0010242F00102A265227EFAB10020DA
:107AF000D5E7711CD9D0FDF78FFBC01BB04201D870
:107B0000002ED1D123681B682B40CDD1A26D84F803
:107B1000543042F00402A2650320C0E7A26D42F097
:107B20002002A265E26D42F00102E265DDE70C226F
:107B30001A60DCE70368186C70470000F7B5002393
:107B4000019390F85430012B044600F0C080056882
:107B50000269012380F854302846FFF78CFE002884
:107B600040F0AF80D1E90030022822F004027ED03C
:107B7000B2F1004FC3F3110E35D1AA6A42EA0E02E8
:107B8000AA628A68686902EA032222F07C4222F033
:107B9000FF0220EA03210A43002B6A611DDA4D4AE5
:107BA0004D4DD2F80817AB4201F0E07043D10D0201
:107BB00013D4D2F8083723F0E073034343F40003EF
:107BC000C2F80837454B1A68454BB2FBF3F20C2359
:107BD00002FB03330193019B53BB0020002384F875
:107BE000543003B0F0BD226E00F01F074FF00F0CB1
:107BF0000CFA07FC6FEA0C0622EA0C0CBEF1000F2F
:107C000011D1C3F38462BA4042EA0C0222668008B2
:107C1000E26901309042B4D8A86AC3F38362BA40E3
:107C200006403243ACE793FAA3F2B2FA82F2EAE7F3
:107C3000019B013BCEE72B4DAB420BD1C901CCD40C
:107C4000D2F8083723F0E073034343F08073C2F89F
:107C50000837C2E7244DAB42BFD14B02BDD4D2F8A6
:107C6000083723F0E073034343F48003EFE7B2F1F6
:107C7000004F01BFAA6AC3F311018A43AA62002B15
:107C8000ABDA154813498342D1F8082709D1D1F856
:107C9000083702F0A07223F0E0731A43C1F80827F6
:107CA0009BE71048834204D1D1F8083702F4400220
:107CB000F1E70D48834290D1D1F8083702F0C07245
:107CC000E9E7A26D42F02002A265184686E702208D
:107CD00087E700BF00200140001000B074B300200F
:107CE000400D0300004000B8002000B4026838B521
:107CF00004461046FFF7BFFD08B9002038BD936861
:107D0000990707D4936823F0004323F0170343F047
:107D100010039360FDF780FA054623689B685B07B4
:107D2000EBD5FDF779FA401B0228F6D923689B684A
:107D30005A07F2D5A36D43F01003A365E36D43F03A
:107D40000103E3650120D9E773B5002302680193BD
:107D50009368DD07044602D5002002B070BD91682B
:107D6000214B194209D0A36D43F01003A365E36DC5
:107D700043F00103E3650120EFE7936823F000433C
:107D800023F0170343F001039360184BD3F808372F
:107D900018021CD4637E012BDED0FDF73DFA144E91
:107DA000054622681368DB07D6D49368D9075FBFFE
:107DB0009368334043F001039360FDF72DFA401BB5
:107DC0000228EED923681B68DA07EAD4CBE7094B0F
:107DD000094A1B68B3FBF2F301330193019B002BAB
:107DE000D8D0019B013BF8E717000080002001403C
:107DF000E8FFFF7F74B30020400D030038B5044650
:107E00000068FFF738FD054620BB94F85430012B7D
:107E100020D0012384F854302046FFF795FFB0B9F5
:107E2000A36D226823F4706323F0010343F480738D
:107E3000A3651C23E065136084F85400936823F065
:107E4000004323F0170343F00403936038BD84F824
:107E50005450FBE70220F9E7026838B5936891684F
:107E60000446C80701D4002038BD9907FBD49368A5
:107E700003F00503012B19D1936823F0004323F08D
:107E8000170343F00203936003231360FDF7C4F963
:107E9000054623689B68DB07E5D5FDF7BDF9401B68
:107EA0000228F6D923689B68DA07F2D5A36D43F060
:107EB0001003A365E36D43F00103E3650120D3E7FD
:107EC00070B5044600284BD0836D43F002038365F0
:107ED000FFF70CFF054668B92046FFF7BDFF0546D2
:107EE00008B90123A3652268936823F0104323F0A7
:107EF0001703936023685A6822F4677222F0030222
:107F00005A6040F29F321A60D968164A0A40DA6015
:107F10005A6922F007025A6100269A6A9E621A6A1A
:107F200002F0F0221A625A6A02F0F0225A62DA6A09
:107F300002F0F022DA621A6922F040421A610A4A1B
:107F4000D2F8083723F0FE73C2F808372046FCF752
:107F500065FCE6652666A66584F85460284670BD13
:107F60000125FBE700023E830020014010B590F898
:107F70005430012B044615D0012380F85430FFF70C
:107F8000B5FE58B92046FFF767FF38B9A36D23F453
:107F9000807323F0010343F00103A365002384F8F9
:107FA000543010BD0220FCE7F7B50023019390F890
:107FB0005430012B04467FD0012380F85430FFF762
:107FC0004BFF23689A6812F00102054607D0A36DA3
:107FD00043F01003A365002384F854302DE0A16D15
:107FE000364F21F4817141F00201A165DE68D96844
:107FF00026F4FF4626F07C0621F40041360421F0E9
:108000000301360CD96008209968394041F00041DD
:1080100099609968002913DA019901310191019958
:10802000B1F52E3FF5D3A36D23F0120343F01003F7
:10803000A365002384F854300125284603B0F0BD21
:10804000D3F8B410013801F07F010A44DCD19968FB
:108050001A48014041F001019960D3F8B41021F0B1
:108060007F0141EAD202C3F8B4209A68024042F08C
:1080700002029A60FDF7D0F8074623689A68D20793
:1080800008D4DA683243DA60A36D23F0030343F0C7
:1080900001039FE7FDF7C0F8C01B0228EDD9236854
:1080A0009B68D907E9D5A36D43F01003A365E36D81
:1080B00043F00103E365BFE70225BEE7E8FFFF7F6A
:1080C0000749CA6822F4E0620302120403F4E06381
:1080D000120C134343F0BF6343F40033CB6070478B
:1080E00000ED00E0164B30B5DC68C4F30224C4F1A7
:1080F0000703251D042B28BF0423062D4FF0FF3551
:108100008CBF033C002405FA03F321EA0303A540D6
:1081100022EA0502A340002843EA0203ACBF00F1B3
:108120006040084A4FEA0313B8BF00F00F00DBB20B
:10813000AABF00F56140135480F8003330BD00BF82
:1081400000ED00E014ED00E0002807DB044A4109DF
:10815000012300F01F00834042F82130704700BF28
:1081600000E100E000280CDB4309064900F01F0095
:1081700020330122824041F82320BFF34F8FBFF309
:108180006F8F704700E100E00138B0F1807F0BD2C3
:108190004FF0E023054A5861F02182F823100020B7
:1081A000072298611A6170470120704700ED00E0D6
:1081B00070B5D0E913456560446D14B1D0E916453A
:1081C0006560D0E9105404F01C060124B4406C60D2
:1081D000046863608368102B0BBFA260A160E1603C
:1081E000E26070BD0268416CD3B210B5083B142444
:1081F000B3FBF4F30B4CA24288BF0B4A21F00301FE
:1082000099BF01F1804202F50232521807338264AD
:10821000064AC26403F01F03012202FA03F3036556
:1082200010BD00BF070402401C0802408008024045
:1082300038B500285CD002682E4B9A424FF01401EA
:108240004AD82D4B1344B3FBF1F32C499B00C0E9F2
:108250001013022380F825301368056923F4FF43C7
:1082600023F070031360D0E9024323432B43456995
:1082700011682B4385692B43C5692B43056A2B4342
:108280000B431360FFF7AEFFB4F5804F04BF00232C
:1082900043604368816C03F07F020A60D0E91314E5
:1082A000013B032B4C601ED8154B164981651344C6
:1082B0009B000121013A01FA02F200214365C265E7
:1082C0001960114B5A6400230122C36380F82430E3
:1082D00080F82520184638BD0C4B1344B3FBF1F34E
:1082E0000B499B00B3E70023C0E91533C365EAE7F8
:1082F0000120F0E707040240F8FFFDBF0000024044
:108300003F8200104009024000090240F8FBFDBF17
:108310000004024038B5002841D00268136823F0F9
:10832000010313601F4B9A424FF0140130D81E4BCB
:108330001344B3FBF1F31D499B00C0E91013012462
:1083400003F01C0304FA03F3002515604B60FFF7EC
:1083500049FF836C41681D60D0E913325A604A1EA0
:10836000032A06D8124B0B449B0094401D60114B0E
:108370005C640023C363C0E91533C0E90B33C0E973
:108380000D33C36580F8253080F82430184638BD99
:10839000094B1344B3FBF1F308499B00CDE70120DF
:1083A000F5E700BF07040240F8FFFDBF00000240F0
:1083B0003F82001000090240F8FBFDBF00040240AC
:1083C00070B590F82450012D04463BD090F82560FC
:1083D0000125AE4280F824504FF000062CD1022532
:1083E00080F825500568C6632E6826F001062E60C9
:1083F000FFF7DEFE036BBBB12B6843F00E032B606F
:10840000A36C1A68D20342BF1A6842F480721A60E1
:10841000636D1BB11A6842F480721A602B6843F0D6
:1084200001032B60002070BD2B6823F004032B6038
:108430002B6843F00A03E2E78023C36380F82460DB
:108440002846F0E70220EEE7034640B190F82520E9
:10845000022A06D00422C263002280F824200120D0
:1084600070470268806C116821F00E01116001688C
:1084700021F480710160116821F001011160D3E9DC
:10848000100202F01C0101228A404260D3E913214C
:1084900051605A6D32B1116821F480711160D3E9D5
:1084A000162151600122002083F8252083F8240042
:1084B000704708B590F82530022B03D00423C3631E
:1084C000012008BD03681A6822F00E021A601A68BB
:1084D00022F001021A60826C136823F48073136027
:1084E000D0E9101303F01C02012393404B60D0E944
:1084F00013325A60436D33B11A6822F480721A60E5
:10850000D0E916325A60012380F82530002380F824
:108510002430836B03B198470020D2E770B4426CDB
:10852000046C036826681D6802F01C020421914057
:1085300031420FD015F0040F0CD01A6892065EBFBE
:108540001A6822F004021A60036B6160002B33D0BA
:1085500070BC184702219140314217D015F0020F2C
:1085600014D01A68940606D41A6822F00A021A6017
:10857000012280F82520114A93428CBF104B114BE9
:108580005960002380F82430C36ADFE70821914056
:10859000314211D029070FD5196821F00E01196059
:1085A000012303FA02F26260C36380F825300023DE
:1085B00080F82430436BC9E770BC704780000240EC
:1085C000000402400000024060B10268C80613685F
:1085D00005D5C9024CBF43F4801323F48013136004
:1085E0000020704701207047036803F01F01C3F3A8
:1085F00000435B0103F1B04301228A40D3F80C1819
:10860000114204D0C3F80C28436803B118477047DF
:108610000A4A536943F4802330B55361EFF3108461
:1086200072B60023CD58C5500433B3F5807FF9D11D
:108630001369DB03FCD484F3108830BD004000587C
:10864000064B5A69002ABFBF054A9A6002F1883278
:108650009A60BABF5869C00F0020704700400058A8
:1086600023016745044B5A6942F000425A61586938
:10867000C043C00F704700BF0040005870B50546AA
:10868000FCF7CAFD124E04463369D90313D433698B
:10869000DA0744BF012232614CF2FA32134011D1A1
:1086A0000B4E306910F480200BD0FCF7B5FD001B99
:1086B000A842F6D304E0FCF7AFFD001BA842E3D3C9
:1086C000032070BD024A1361024A01205360F8E79B
:1086D0000040005810D700202DE9F041184D984671
:1086E0002B78012B06460C46174626D001232B700B
:1086F0004FF47A7000236B60FFF7C0FFA0B9012E22
:1087000016D1104A536943F0010353612760BFF348
:108710006F8FC4F804804FF47A70FFF7AFFF094AF7
:10872000536923EA0603536100232B70BDE8F081EF
:1087300039462046FFF76CFFEDE70220F6E700BF61
:1087400010D7002000400058054A536923F47E7377
:1087500043EAC00040F4803040F0020050617047AE
:10876000004000582DE9F041234F3B78012B05468E
:1087700088463FD001233B704FF47A7000237B6022
:10878000FFF77CFF044688B92B68042B13D11B4AE2
:10879000536943F4803343F0040353614FF47A7018
:1087A000FFF76CFF0446154B1A681B6800233B70EB
:1087B0002046BDE8F0814FF0FF33C8F800306E6806
:1087C000D5E901321344B3420AD93046FFF7BCFF62
:1087D0004FF47A70FFF752FF50B1C8F800600446BA
:1087E000064A536923F47E7323F002035361DAE7E8
:1087F0000136E5E70224DBE710D7002000400058EF
:108800002DE9F04F524C00234FF00F090A6832FA5D
:1088100003F501D1BDE8F08F012505FA03F818EA48
:10882000020200F08E804E68032706F003054FEA2F
:10883000430E07FA0EFC6F1E012F6FEA0C0C32D8A4
:10884000876807EA0C0ACF6807FA0EF747EA0A07B3
:108850008760476827EA0808C6F300179F4047EA81
:1088600008074760C76807EA0C088F6807FA0EF721
:1088700047EA0807022DC76017D14FEAD30800EB7B
:10888000880803F0070AD8F820704FEA8A0A09FA24
:108890000AFB27EA0B0B0F6907FA0AF747EA0B07EF
:1088A000C8F8207001E0032DDCD1076805FA0EF549
:1088B00007EA0C073D4316F4403F056041D023F022
:1088C000030707F1804707F5803703F0030CBD6805
:1088D0004FEA8C0C4FF0070E0EFA0CFEB0F1904FE1
:1088E00025EA0E0E2FD01B4DA8422ED005F580652F
:1088F000A84214BF0725022505FA0CF545EA0E0526
:10890000BD602568D74316F4801F0CBF3D4015435A
:108910002560656816F4001F0CBF3D401543656077
:10892000D4F8805016F4803F0CBF3D401543C4F886
:108930008050D4F88450B60354BF3D401543C4F86A
:108940008450013362E70025D6E70125D4E700BF54
:108950000008005800040048374A2DE9F04F002372
:108960004FF0010A4FF0070B4FF00F0931FA03F4F3
:1089700001D1BDE8F08F0AFA03FC1CEA010654D0CD
:1089800023F0030404F1804404F5803403F003076A
:10899000A568BF000BFA07F8B0F1904F08EA050E82
:1089A00045D0264DA84244D005F58065A8420CBFAD
:1089B00002250725BD40754517D1D2F8805025EA1C
:1089C0000605C2F88050D2F8845025EA0605C2F8A0
:1089D0008450156825EA06051560556825EA0605E0
:1089E0005560A56825EA0805A560056803265C00B2
:1089F00006FA04F423FA06F6254300EB8606056022
:108A000003F00705376AAD0009FA05F527EA0507FF
:108A10003762856825EA04058560456825EA0C0506
:108A20004560C56825EA0404C46001339EE700255B
:108A3000C0E70125BEE700BF000800580004004859
:108A40000AB1816170478162704742EA01428261E6
:108A5000704782B04FF480330193019B0B43019325
:108A6000019BC361C161019BC361C3690193C0697B
:108A700080F48030C0F3004002B07047044AD168EF
:108A8000014208B502D0D060FDF7B4FA08BD00BFBE
:108A90000008005803689A69910744BF00229A624F
:108AA0009A69D2075EBF9A6942F001029A617047E3
:108AB00030B5039D04682B4343EA0243064A6068CD
:108AC000C1F309010B4342EA555223F0004320EA67
:108AD00002000343636030BDFF63FF0303682DE9B9
:108AE000F0419C6914F0100405460F4616466FD0FD
:108AF00010220024DA61A0462B689A69900661D49E
:108B0000B8F1000F35D044F0040401202E68B36999
:108B1000D90541BF4FF48072F26144F00104012095
:108B20005A0541BF4FF4806244F00804F26101200D
:108B30009B054FD54FF4007344F00204F3612846BF
:108B4000FFF7A8FF736823F0FF7323F48B3323F43C
:108B5000FF7323F0010373606B6C23436B6420236A
:108B600085F84130002385F8423085F840300120F7
:108B700032E07A1CC1D0FCF74FFB801BB84201D811
:108B8000002FB9D12B68596895F8422098690004E4
:108B9000D2B20AD5490408D4202A06D05A6842F431
:108BA00080425A60FCF738FB06462B689B699B069F
:108BB000A2D4FCF731FB801B1928F6D920244FF0F2
:108BC000010899E7B8F1000F9DD12022DA619AE7F8
:108BD00020469BE70028B2D1BDE8F08170B504467D
:108BE0000D46164623689B699B0701D500201FE0B0
:108BF000324629462046FFF771FFC0B96A1CF1D002
:108C0000FCF70AFB801BA84201D8002DEAD123689B
:108C10009B6913F00203E5D1626C84F8403042F0A6
:108C200020026264202284F8412084F8423001202E
:108C300070BD2DE9F041DDF8188004460F46164658
:108C40001D4623689B6937EA03030CBF01230023F9
:108C5000B34201D0002025E0424629462046FFF7D6
:108C60003DFFF0B96B1CECD0FCF7D6FAA0EB080086
:108C7000A84201D8002DE4D123689B6937EA030399
:108C80000CBF01230023B342DBD1636C43F020030C
:108C90006364202384F84130002384F8423084F850
:108CA00040300120BDE8F08170B504460D461646FF
:108CB00023689B699B0601D500201DE032462946AA
:108CC0002046FFF70BFFB0B9FCF7A6FA801BA842BD
:108CD00001D8002DECD123689B6913F02003E7D164
:108CE000626C84F8403042F020026264202284F8F2
:108CF000412084F84230012070BD704710B5044611
:108D000000284ED090F8413003F0FF021BB980F8E4
:108D10004020FFF7F2FF242384F8413023681A68CB
:108D200022F001021A60626822F070621A619A6889
:108D300022F400429A60D4E90221012906D142F4CA
:108D400000429A605A6822F4006207E042F404424A
:108D500002299A60F6D15A6842F400625A605A6851
:108D600042F0007242F400425A60DA6822F4004293
:108D7000DA60D4E904210A43A16942EA0122DA60F7
:108D8000D4E907210A431A601A6842F001021A6006
:108D900000202023606484F84130206384F842007E
:108DA00010BD0120FCE7704710B5044698B1026879
:108DB000242380F84130136823F001031360FFF788
:108DC000F2FF0020606484F8400084F841002063D2
:108DD00084F8420010BD0120FCE700002DE9F74FA8
:108DE000994690F84130BDF834A0DDF83880202B4A
:108DF00004460F46164640F0C6800C9B13B1BAF1EC
:108E0000000F06D14FF400736364012003B0BDE886
:108E1000F08F90F84030012B00F0B5804FF0010B3F
:108E200080F840B0FCF7F8F91923054600905A463F
:108E30004FF400412046FFF7FCFE0028E5D1212336
:108E400084F84130402384F842300C9B63624F4BDE
:108E500060646063A4F82AA05FFA89F2009339463F
:108E600020464FF08073FFF723FE2A4641462046F6
:108E7000FFF7B4FE18BBB9F1010F236815D1F6B2A4
:108E80009E6200220095434680212046FFF7D1FED6
:108E9000A8B9638D9BB2FF2B15D8628D92B2228543
:108EA0004FF000730090D2B212E0320A9A6241464B
:108EB0002A462046FFF792FE08B92368DFE7002321
:108EC00084F84030A1E7FF2222854FF080730090A4
:108ED00039462046FFF7ECFD2A4641462046FFF77B
:108EE0007DFE002891D1636A226813F8011B91620C
:108EF0006362638D228D013B9BB26385638D013A72
:108F000092B29BB22285B3B1AAB9009543468021A3
:108F10002046FFF78EFE00287FF477AF638D9BB26B
:108F2000FF2B28D9FF2222854FF08073009039460D
:108F30002046FFF7BDFD638D9BB2002BCCD12A46A6
:108F400041462046FFF7B0FE00287FF45EAF23685D
:108F50002021D9615A6822F0FF7222F48B3222F468
:108F6000FF7222F001025A6084F8411084F8400038
:108F700084F842004AE7628D92B222854FF0007376
:108F80000090D2B2D3E7022040E700BF002000806B
:108F90002DE9F74F994690F84130BDF834A0DDF83F
:108FA0003880202B04460F46164640F0C9800C9BA3
:108FB00013B1BAF1000F06D14FF4007363640120BE
:108FC00003B0BDE8F08F90F84030012B00F0B8807E
:108FD0004FF0010B80F840B0FCF71EF91923009008
:108FE00005465A464FF400412046FFF722FE03464D
:108FF0000028E4D1222284F84120402284F8422033
:109000000C9A62624F4A60646063A4F82AA03946F1
:10901000009220465FFA89F2FFF74AFD2A46414650
:109020002046FFF7DBFD20BBB9F1010F236816D105
:10903000F6B29E6200220095434640212046FFF78B
:10904000F8FDB0B9638D9BB2FF2B3F4B15D8628DF5
:1090500092B222850093D2B24FF0007312E0320A2E
:109060009A6241462A462046FFF7B8FD08B92368B0
:10907000DEE7002384F84030A1E7FF222285009339
:109080004FF0807339462046FFF712FD00954346A6
:10909000002204212046FFF7CCFD00288FD1236851
:1090A0005A6A636A1A70636A228D01336362638D40
:1090B000013B9BB26385638D013A92B29BB22285DC
:1090C000B3B1AAB90095434680212046FFF7B1FD10
:1090D00000287FF474AF638D9BB2FF2B28D9FF2249
:1090E00022854FF08073009039462046FFF7E0FC60
:1090F000638D9BB2002BC9D12A4641462046FFF71B
:10910000D3FD00287FF45BAF23682021D9615A6822
:1091100022F0FF7222F48B3222F4FF7222F001025D
:109120005A6084F8411084F8400084F8420047E710
:10913000628D92B222854FF000730090D2B2D3E7D5
:1091400002203DE7002000800024008090F84100CC
:109150007047406C704710B590F84120202A0346B4
:10916000D4B21CD190F84020012A18D0242280F8D3
:1091700041200268106820F001001060106820F49F
:10918000805010601068014311601168002041F0A8
:109190000101116083F8414083F8400010BD0220B6
:1091A000FCE710B590F84120202A0346D4B21BD129
:1091B00090F84020012A17D0242280F8412002682C
:1091C000106820F001001060106820F4706040EA20
:1091D000012111601168002041F00101116083F844
:1091E000414083F8400010BD0220FCE7024A53686A
:1091F00003435360704700BF00000140024A1368F8
:1092000043F4807313607047000400580D4B10B591
:109210005B690C4628B99A0507D500F027F820B1FC
:1092200010BD9B0501D400F019F8074A1369012C01
:1092300023F00403136101D130BFF1E740BF20BF29
:1092400020BFEDE70004005800ED00E0024B186875
:1092500000F4C060704700BF00040058024A136861
:1092600043F4804313607047000400580C4A1368AD
:1092700023F4804313600B4B1B6832214B430A4994
:10928000B3FBF1F35169890500D533B9536913F480
:10929000007F14BF032000207047013BF2E700BFAE
:1092A0000004005874B3002040420F000B4A1368BA
:1092B00023F0070343F002031360094B1A690128E6
:1092C00042F004021A6105D130BF1A6922F004028B
:1092D0001A61704740BF20BF20BFF6E70004005866
:1092E00000ED00E04FF0B0431868C0F34040704715
:1092F0004FF0B0431868C0F3400070474FF0B042E1
:10930000536823F47F4343EA0023536070474FF0D0
:10931000B0431868C0F34060704700007FB54FF05D
:10932000B0432C4AD3F80831C0F3031003F00F0305
:1093300052F82040284A52F82330B4FBF3F4FFF7E8
:1093400085FF264B054693E80700B5F5007F04AB83
:1093500003E9070010D0224B9C4218D303F5B70352
:1093600003F67F539C4229D903F5741303F5106368
:109370009C4225D802230BE01A4B9C4207D91A4B7A
:109380009C421BD903F5370303F5D853F0E70023BC
:1093900004AA02EB830353F80C4C144D2B6823F002
:1093A000070323432B60FBF737FF06462B6803F0C8
:1093B00007039C4206D1002004B070BD0123E7E7FB
:1093C0000024EAE7FBF728FF801B0228EED90320E0
:1093D000F2E700BFB890010818910108D88701088A
:1093E000C0CF6A00BFEA21013F9334020040005819
:1093F0004FF0B04310B59A68D96812F00C0205D04E
:109400000C2A4AD101F00303012B51D14FF0B04196
:109410002B480B6813F0080306D00B6813F0080301
:1094200037D1D1F8941007E00C68240756BFD1F863
:1094300094300968C3F3032350F82330002A0CBF8B
:10944000184600204FF0B0418A6802F00C020C2A46
:109450001ED1CA6802F00302022A2ED0032A06D1C6
:109460000B68184A13F4801F174B18BF13464FF0B0
:10947000B042D068D168D268C0F306205843C1F327
:1094800002130133B0FBF3F0530F0133B0FBF3F0E1
:1094900010BD0B68C3F30313CEE7042A05D0082AD6
:1094A00006D11B6813F4801305D006480023C9E7D2
:1094B00000231846C6E70448C4E7024BD7E700BFBD
:1094C000B89001080024F4000048E80108B5FFF74F
:1094D0008FFF4FF0B043044A9B68C3F3031352F865
:1094E0002330B0FBF3F008BD189101082DE9F041DD
:1094F0000446002853D04FF0B0439D68DE680368EF
:109500009B0605F00C0506F0030668D5026A1DB13E
:109510000C2D46D1012E44D1002A40D04FF0B0434B
:10952000A16A1A68170756BFD3F894301B681B0945
:1095300003F0F00399421FD90846FFF7EFFE002819
:109540002DD14FF0B042136843F008031360136845
:10955000A16A23F0F0030B431360606AFFF7CEFEAD
:10956000FFF7B4FFAB4B1860AB4B1868FEF7BEF8C3
:10957000002834D0BDE8F0814FF0B042136843F0CA
:1095800008031360136823F0F0030B431360606A51
:10959000FFF7B4FE0846FFF7C1FE0028E0D0012027
:1095A000E8E74FF0B043002A54D01A6842F00102B5
:1095B0001A60FBF731FE0746FFF79AFE002842D0FB
:1095C0004FF0B042136843F0080313601368A16AB8
:1095D00023F0F0030B431360606AFFF78FFE2368EC
:1095E000D80748D42368990700F18C8023681E07A8
:1095F00040F1FA80A3694FF0B046002B00F0E18003
:10960000D6F89430E16903F01002914200F0C48072
:1096100003F00302022AC2D0D80740F1B380D6F883
:10962000943023F00103C6F89430FBF7F5FD0746AC
:10963000D6F89430990740F1A580FBF7EDFDC31BE8
:10964000112BF5D904E0FBF7E7FDC01B0228B3D9C5
:1096500003208FE71A6822F001021A60FBF7DCFD95
:109660000746FFF745FE0028B9D0FBF7D5FDC01B24
:109670000228F6D9ECE7082D03D00C2D05D1032ED6
:1096800003D16368002BADD189E74FF0B043A168E7
:109690001A6822F480120A431A606268B2F5803FA9
:1096A00010D11A6842F480321A60FBF7B5FD074604
:1096B000FFF718FE002895D1FBF7AEFDC01B64280C
:1096C000F6D9C5E7B2F5041F04D11A6842F40012B6
:1096D0001A60E6E7196821F480311960196821F4ED
:1096E00000111960002AE0D1FBF796FD0746FFF74D
:1096F000F9FD00283FF476AFFBF78EFDC01B642810
:10970000F5D9A5E7042D236903D00C2D0ED1022E27
:109710000CD1002B3FF443AF4FF0B0426169536866
:1097200023F0FE4343EA016353605FE74FF0B04626
:10973000BBB1336843F480733360FBF76DFD0746BC
:1097400033685A0505D4FBF767FDC31B022BF7D915
:109750007EE77368626923F0FE4343EA0263736045
:1097600044E7336823F480733360FBF755FD074605
:1097700033685B057FF53AAFFBF74EFDC31B022B49
:10978000F6D965E74FF0B042E169D2F8943023F0A2
:1097900010030B43C2F894304FF0B047D7F8943021
:1097A00043F00103C7F89430FBF736FD0646D7F8BF
:1097B00094309A0718D4FBF72FFD831B112BF6D991
:1097C00046E7D6F8943023F00103C6F89430FBF74F
:1097D00023FD0746D6F894309B0705D5FBF71CFD03
:1097E000C31B112BF6D933E72368580754D50B4F09
:1097F0003B68D90514D4FFF701FDFBF70DFD0646C4
:109800003B68DA050CD4FBF707FD831B022BF7D965
:109810001EE700BF74B300207CB300200004005892
:10982000E3684FF0B046002B58D023F08003052B9F
:1098300002BFD6F8903043F00403C6F890304FF0E2
:10984000B046FBF7E9FCD6F8903043F00103074639
:10985000C6F8903041F28838D6F890309B0705D48E
:10986000FBF7DAFCC31B4345F6D9F1E6E36823F0C6
:109870000403812B1BD1FBF7CFFCD6F8903043F0CB
:109880008003C6F8903007464FF0B04641F2883862
:10989000D6F89030180504D5E36A002B4AD1002091
:1098A00068E6FBF7B9FCC01B4045F1D9D0E6FBF7F1
:1098B000B3FCD6F8903023F08003C6F8903007460A
:1098C0004FF0B04641F28838D6F890301905E3D50C
:1098D000FBF7A2FCC01B4045F6D9B9E6FBF79CFCA0
:1098E000D6F8903023F080030746C6F8903041F256
:1098F0008838D6F890301A0516D4FBF78DFCD6F8C8
:10990000903023F00103C6F8903007464FF0B0487E
:1099100041F28836D8F890309B07BDD5FBF77CFC28
:10992000C31BB342F6D993E6FBF776FCC01B404558
:10993000DFD98DE60C2D4ED0022B4FF0B0431A68C4
:1099400022F080721A6033D1FBF766FC0546FFF700
:10995000DEFC38BBD4E90C314FF0B0420B43D06889
:109960002D4901400B43E16B0B43216C0B43616CB0
:109970000B43A16B43EA0123D360136843F0807368
:109980001360D36843F08053D360FBF745FC044673
:10999000FFF7BDFC002882D1FBF73EFC001B0A2824
:1099A000F6D955E6FBF738FC401B0A28CFD94FE61D
:1099B000FBF732FC0446FFF7AAFC30B94FF0B04287
:1099C000164BD1680B40D36069E7FBF725FC001B01
:1099D0000A28F0D93CE6012B3FF4E1AD4FF0B0434B
:1099E000D868236B00F003029A427FF4D8AD626B13
:1099F00000F0700393427FF4D2ADA26B00F4FE43FB
:109A0000B3EB022F7FF4CBAD636C00F06040C01A63
:109A100018BF0120AEE500BF8C80C111FCFFFEEE37
:109A20002DE9F0410D46044610B90120BDE8F08152
:109A3000754E336803F007038B4216D323689807EB
:109A400027D54FF0B047A268BB6823F0F00313435B
:109A5000BB60FBF7E1FB0646BB68D90319D4FBF7F3
:109A6000DBFB831B022BF7D911E0336823F00703DC
:109A70000B433360FBF7D0FB0746336803F0070363
:109A8000AB42DBD0FBF7C8FBC01B0228F5D9032093
:109A9000CCE723689A0616D54FF0B0476269D7F82D
:109AA000083123F0F0031343C7F80831FBF7B4FB88
:109AB0000646D7F808319B0305D4FBF7ADFB831BA3
:109AC000022BF6D9E3E72368580617D54FF0B047C5
:109AD000A269D7F8083123F00F0343EA1213C7F83D
:109AE0000831FBF799FB0646D7F80831D90305D4AE
:109AF000FBF792FB831B022BF6D9C8E723685A07B2
:109B000013D54FF0B047E268BB6823F4E06313431A
:109B1000BB60FBF781FB0646BB689B0305D4FBF7E4
:109B20007BFB831B022BF7D9B1E72368180714D5F9
:109B30004FF0B0472269BB6823F4605343EAC20385
:109B4000BB60FBF769FB0646BB68590305D4FBF70E
:109B500063FB831B022BF7D999E72368DA070FD43D
:109B6000294C236803F00703AB4239D8FFF7AEFC5A
:109B7000264B1860264BBDE8F0411868FDF7B6BDCE
:109B80006268022A1DD1FFF7ADFB00283FF44DAFFC
:109B90004FF0B04641F28838B36823F00303134313
:109BA000B360FBF739FB0746B368626803F00C0348
:109BB000B3EB820FD4D0FBF72FFBC01B4045F3D98A
:109BC00065E7032A02D1FFF7A2FBDEE712B9FFF730
:109BD0008FFBDAE74FF0B0431B685B05D8D424E76E
:109BE000236823F007032B432360FBF715FB06468E
:109BF000236803F00703AB42B8D0FBF70DFB801BD3
:109C00000228F5D943E700BF0040005874B3002094
:109C10007CB3002008B5FFF759FC4FF0B043044A6D
:109C20009B68C3F3022352F82330D84008BD00BF1D
:109C3000F890010808B5FFF749FC4FF0B043044A1B
:109C40009B68C3F3C22352F82330D84008BD00BF3D
:109C5000F89001084FF0B043D3F89000C0F34000F3
:109C600070474FF0B0410209D1F8883002F47F22EA
:109C7000000123EA020300F47F200343C1F8883087
:109C800070474FF0B041020CD1F88830120423EA3B
:109C9000020343EA0040C1F8880070470368DA0312
:109CA00070B5044639D5FFF7A9FAFBF7B5FA614E4E
:109CB00005463368DB0532D54FF0B043616BD3F80E
:109CC000902002F4407291421DD0D3F89010D3F846
:109CD000902042F48032C3F89020D3F8902021F4F1
:109CE000407022F480328D07C3F89020C3F89000B2
:109CF00009D5FBF791FA41F288360546FFF7AAFF2E
:109D0000012840F090804FF0B042616BD2F8903063
:109D100023F440730B43C2F89030002605E0FBF7B4
:109D20007BFA401B0228C4D903262568E8070AD518
:109D30004FF0B0416268D1F8883023EA124392B202
:109D40001343C1F88830A9070AD54FF0B041A26883
:109D5000D1F8883023EA124392B21343C1F8883015
:109D6000AA0609D54FF0B0422169D2F8883023F411
:109D700040630B43C2F88830AB0502D5206AFFF779
:109D800080FF680502D5606AFFF77BFF290502D5D1
:109D9000A06AFFF776FF6A0602D56069FFF761FFE8
:109DA0002B0602D5A069FFF75CFFE80502D5E06944
:109DB000FFF757FFE90610D54FF0B042E168D2F83F
:109DC000883023F440730B43C2F88830B1F5807FAC
:109DD00002BFD36843F08073D3602A040ED54FF0DE
:109DE000B042216BD2F8883023F040430B43C2F8D5
:109DF000883019B9D36843F08073D3606B0410D5F1
:109E00004FF0B042E16AD2F8883023F040530B4360
:109E1000B1F1005FC2F8883003D1D36843F48033D6
:109E2000D360304670BDFBF7F7F9401BB0427FF6B8
:109E300065AF79E70004005830B590F82C30012B5D
:109E400002464FF0020022D0174B82F82D00CA24A0
:109E5000012582F82C505C6253245C62B1F5807F4E
:109E6000146B996914D121F488519961596C24F0CB
:109E7000010421F0004159641463DD650A4BFF21A0
:109E800059620020012382F82D3082F82C0030BD69
:109E900021F408519961D96C24F0020421F00041A9
:109EA000D9641463D865E9E70028004070B50B4E0B
:109EB000036B756D1D40EA07044603D50123F36566
:109EC000FBF79FFBAB0704D50223F365204600F0A8
:109ED000C9F9012384F82D3070BD00BF002800406F
:109EE00038B50A4CE36823F02003E360FBF794F9EC
:109EF0000546E3689B0601D5002038BDFBF78CF9C9
:109F0000401BB0F57A7FF4D90320F6E70028004023
:109F1000F8B5114DEC6814F0400406461AD1EB6810
:109F200043F08003EB60FBF777F923460746EC68C4
:109F300014F0400401D1032B01D11846F8BDFBF702
:109F40006BF9C01BB0F57A7F234684BF032386F8E4
:109F50002D30ECE70023F0E70028004038B50F4C27
:109F6000E36823F08003E360A3699B06054606D4FB
:109F7000FFF7B6FF10B1032085F82D0038BDA369A7
:109F800023F02003A361FFF7ABFF10B1032085F896
:109F90002D00A36943F02003A361EFE700280040F0
:109FA00038B5044600284BD090F82D3003F0FF025E
:109FB0001BB980F82C20FAF793FF0223214D84F877
:109FC0002D30EB68DB0636D4CA236B6253236B62F9
:109FD0002046FFF79DFF10B1FF236B6238BDAB69D0
:109FE00023F08E6323F04003AB6121696368AA69A3
:109FF0000B431343A2691343AB61D4E9022343EA41
:10A0000002432B61D4E90931EA680B4322F4F85288
:10A010001343EB602046FFF7A1FF0028DCD1D4E911
:10A020000713AA690B4322F060421343626913438A
:10A03000AB61FF236B62012384F82D300020CDE754
:10A040000120CBE7002800400023092803D840EA7C
:10A050000310C0B270470A380133C0B2F5E7000000
:10A060002DE9F04790F82C30012B05464FF0020007
:10A0700069D0012385F82C304E4B85F82D00DE6821
:10A0800006F44076B6F5807F78D04C69087891F870
:10A09000019091F802A091F82470002A55D19B6993
:10A0A00013F0400308BFCB70FFF7CEFF8046484651
:10A0B000FFF7CAFF02465046FFF7C6FF8146384603
:10A0C000FFF7C2FF0B6ACF78234343EA875343EA83
:10A0D000090343EA084343EA022343EA0063354A9B
:10A0E000CA205062532050628C6A8869B4F5807F20
:10A0F000946945D124F4885494610124D465B6F55B
:10A10000807F09BFCB6913640343536418BF506455
:10A11000284B4A681A672A6B42F001022A639A693F
:10A1200042F488529A61244AD2F8803043F40033D2
:10A13000C2F880301F4BFF225A620020012385F8AD
:10A140002D3085F82C00BDE8F087B4F1803F07D0B2
:10A15000B4F5000F04D09B6913F0400308BFCB7027
:10A160000B6ACA781C4344EA0A0444EA004343EAFF
:10A17000092343EA825343EA0763B0E70023AEE7CB
:10A1800024F4085494610224D465B6F5807F09BF95
:10A19000CB6993640343D36418BFD064054B4A680A
:10A1A0005A672A6B42F002022A639A6942F4085203
:10A1B000B8E700BF002800400008005890F82C20A5
:10A1C000012A03464FF0020012D00A4A83F82D00FC
:10A1D000CA21516253215162916941F0200191617C
:10A1E000FF2151620020012283F82D2083F82C00EA
:10A1F000704700BF0028004090F82C20012A034639
:10A200004FF0020019D00D4A83F82D00CA21516287
:10A210005321516291690A4841F080019161D0F85F
:10A22000801041F48021C0F88010FF21516200208D
:10A23000012283F82D2083F82C007047002800406D
:10A2400000080058064B5A6D520610B5044603D557
:10A250004022DA65FBF7D8F9012384F82D3010BDD0
:10A26000002800407047890001F1804101F531412B
:10A270000A607047890001F1804101F531410868A9
:10A2800070470000034AD2F8903043F40043C2F80C
:10A290009030704700040058034AD2F8903023F4FD
:10A2A0000043C2F89030704700040058074B1A680A
:10A2B00022F040021A6040F441704FF4B852186026
:10A2C0005A601A6842F040021A6070470000015854
:10A2D00037B5054600284ED0837903F0FF046BB1F3
:10A2E000032C0BD0254B4FF400629A612868FFF7CE
:10A2F000DDFF002401232B71AC602FE000236B7184
:10A300002846FAF7A3FE1E4AD2F8903043F4805351
:10A31000C2F89030002CE5D102234FF0B042AB716F
:10A32000D2F8943023F40043C2F89430154B1B68E4
:10A330001C214B43DB0C64214B430193019B93B9DC
:10A340000124AC60FFF79EFF0C4B9A6842F4006258
:10A350009A604FF400629A61002CC7D00123AB7160
:10A36000204603B030BD019B013B0193D2F89430ED
:10A370005B04E3D4E6E70124F2E700BF00040058E1
:10A380000008005874B3002037B5174D2B680246FB
:10A390001C204343DB0C6420434314480193019B7E
:10A3A00093B901209060114C21732B681C214B4301
:10A3B000DB0C64214B430193019B6BB9012090603E
:10A3C0000A4BDB6803B030BD019B013B01938368FE
:10A3D0009C07E4D50020E6E7019B013B0193A368BD
:10A3E000DB07E9D5ECE700BF74B30020000001589B
:10A3F00037B5184D2B6802461C204343DB0C642004
:10A40000434315480193019BA3B901209060124C6E
:10A41000FF2323732B681C256B43DB0C64256B43E4
:10A420000193019B73B9012090600B4BDB680B70AB
:10A4300003B030BD019B013B019383689C07E2D5CB
:10A440000020E4E7019B013B0193A368DB07E8D50B
:10A45000EBE700BF74B30020000001580E4B0F491A
:10A460001B681822534382B01B0D6422534301938F
:10A470004B69019AC3F3800322B902238360012050
:10A4800002B07047019A013A01924A69920701D5D8
:10A49000002BEDD10020F3E774B300200004005836
:10A4A00007B50379012B0FD10A4B1B6818225343C0
:10A4B0001B0C0193FFF7F0FE019B013B0193019BF5
:10A4C000002BF9D1FFF7DEFE03B05DF804EBFFF7D8
:10A4D000C5BF00BF74B30020F8B51E468379012BB9
:10A4E000154604460F46DAB22DD14379012B2AD006
:10A4F000022342718371FFF7D3FF0D212046FFF73E
:10A50000CBFEFFF741FF390A2046FFF73DFFF9B2C6
:10A510002046FFF739FF2E44B5420ED12046FFF703
:10A52000B1FEFFF79BFFA06801230038A3714FF035
:10A53000000318BF01206371F8BD15F8011B204608
:10A54000FFF722FFE8E70220F6E7F8B51E46837919
:10A55000012B154604460F46DAB22FD14379012B61
:10A560002CD04271FFF79CFF1D212046FFF794FE7F
:10A57000FFF70AFF390A2046FFF706FFF9B2204627
:10A58000FFF702FF00212046FFF7FEFE2E44B542F2
:10A590000ED12046FFF776FEFFF760FFA06801238B
:10A5A0000038A3714FF0000318BF01206371F8BD9C
:10A5B00029462046FFF71CFF0135E8E70220F6E7B1
:10A5C000F8B51F468379012B154604460E46DAB2CC
:10A5D0002CD14379012B29D04271FFF761FF06F09E
:10A5E000EF03A3F1840253425341237131462046C5
:10A5F000FFF752FEFFF7C8FE2F44AF4210D1FFF71E
:10A6000041FE842E02D02046FFF728FFA0680123D8
:10A610000038A3714FF0000318BF01206371F8BD2B
:10A6200015F8011B2046FFF7AFFEE6E70220F6E72C
:10A63000F8B51E468379012B154604460F46DAB25B
:10A6400027D14379012B24D04271FFF729FF3946E6
:10A650002046FFF721FEFFF797FE00212046FFF777
:10A6600093FE2E44B5420ED12046FFF70BFEFFF7B6
:10A67000F5FEA06801230038A3714FF0000318BF56
:10A6800001206371F8BD29462046FFF7B1FE013570
:10A69000E8E70220F6E737B50023ADF8043001AA59
:10A6A000022312210546FFF7C3FFBDF80440022331
:10A6B00064BA1946A4B201AA2846FFF781FFE3074E
:10A6C00002D5284609F0FAFB04F04203022B02D11E
:10A6D000284609F0F9FB600702D5284609F01EFC60
:10A6E000210702D5284609F01FFCE20602D52846BC
:10A6F00009F020FCA30602D5284609F009FC6006F3
:10A7000002D5284609F0E6FB210606D514F480712F
:10A7100018BF0121284609F0E3FBA20502D528460F
:10A7200009F0EEFB630402D5284609F009FC03B0EA
:10A7300030BDF8B51E468379012B154604460F46F9
:10A74000DAB227D14379012B24D04271FFF7A8FE5A
:10A750000E212046FFF7A0FDFFF716FE39462046E2
:10A76000FFF712FE2E44B5420ED12046FFF78AFDB8
:10A77000FFF774FEA06801230038A3714FF00003B7
:10A7800018BF01206371F8BD15F8011B2046FFF7C3
:10A79000FBFDE8E70220F6E7F8B51E468379012BBA
:10A7A000154604460F46DAB22BD14379012B28D047
:10A7B0004271FFF775FE1E212046FFF76DFDFFF782
:10A7C000E3FD39462046FFF7DFFD00212046FFF775
:10A7D000DBFD2E44B5420ED12046FFF753FDFFF7B7
:10A7E0003DFEA06801230038A3714FF0000318BF9D
:10A7F00001206371F8BD29462046FFF7F9FD0135B8
:10A80000E8E70220F6E7000090F83D30012B1BD16D
:10A81000022380F83D300368DA6842F00102DA6012
:10A820000A4A934202D0B3F1804F07D19968084A8F
:10A830000A40062A06D0B2F5803F03D01A6842F0DB
:10A8400001021A600020704701207047002C01406F
:10A85000070001000368DA6822F00102DA60196A71
:10A8600041F21112114208D1196A40F244421142D8
:10A8700002BF1A6822F001021A60012380F83D30FD
:10A88000002070477047704770477047036870B585
:10A89000DD681E69B20704460DD5A9070BD56FF018
:10A8A00002021A61012202779B699A0774D0FFF7AE
:10A8B000EAFF00232377730710D568070ED52368B6
:10A8C0006FF004021A61022222779B6913F4407F21
:10A8D000204667D0FFF7D7FF0023237731070FD536
:10A8E0002A070DD523686FF008021A610422227727
:10A8F000DB699B0720465BD0FFF7C5FF002323776A
:10A90000F00610D5E9060ED523686FF010021A6123
:10A9100008222277DB6913F4407F20464ED0FFF7F0
:10A92000B2FF00232377F20708D5EB0706D523688B
:10A930006FF001021A612046F6F7BAFE300608D51C
:10A94000290606D523686FF080021A61204600F0C0
:10A95000B0F8F20508D52B0606D523686FF480728F
:10A960001A61204600F0A6F8700608D5690606D5DB
:10A9700023686FF040021A612046FFF786FFB20697
:10A9800022D5AB0620D523686FF0200220461A613D
:10A99000BDE8704000F08CB8FFF774FF2046FFF769
:10A9A00073FF86E7FFF76EFF2046FFF76DFF93E723
:10A9B000FFF768FF2046FFF767FF9FE7FFF762FF9B
:10A9C0002046FFF761FFACE770BD00001E4A036838
:10A9D000904210B502D0B0F1804F09D14C6823F0FD
:10A9E0007003904243EA040309D0B0F1804F06D0CF
:10A9F000164A904203D002F58062904203D1CA68A1
:10AA000023F4407313434A6923F080031343036024
:10AA10008B68C3620B6883620B4B984207D003F5C7
:10AA2000C053984203D003F58063984201D10B696B
:10AA30000363012343610369DB0742BF036923F01A
:10AA40000103036110BD00BF002C01400044014020
:10AA500010B5044650B390F83D3003F0FF021BB927
:10AA600080F83C20FAF7AEFC0223206884F83D30E1
:10AA7000211DFFF7ABFF012384F84830002084F844
:10AA80003E3084F83F3084F8403084F8413084F818
:10AA9000423084F8433084F8443084F8453084F8F8
:10AAA000463084F8473084F83D3010BD0120FCE783
:10AAB000704770477047026852E8003F23F0C003B8
:10AAC00042E8003102680029F5D102F1080353E899
:10AAD000003F23F4000302F1080C4CE80031002988
:10AAE000F3D12023C0F888307047000010B5026809
:10AAF00052E8003F23F4907342E8003102680029D5
:10AB0000F5D10F4C02F1080353E8003F234002F156
:10AB1000080C4CE800310029F4D1C36E012B07D199
:10AB200052E8003F23F0100342E800310029F7D13A
:10AB30002023C0F88C300023C366436710BD00BFDC
:10AB4000FEFFFFEFF8B504461346D4F88850202DD9
:10AB500032D1F1B1EAB1E06FA4F85620A4F8542044
:10AB600000262122C4F890602165C4F8882022685C
:10AB700088B1124FC762124F0763124F2832C0E9E3
:10AB80000D76FDF71DFC30B11023C4F89030C4F8E9
:10AB900088500120F8BD236840221A62226802F121
:10ABA000080353E8003F43F0800302F1080141E845
:10ABB00000300028F3D1EDE70220EBE7C9AB000835
:10ABC00011AC00081DAC000808B50346806A1B687C
:10ABD0001B6813F0200317D1A0F85630026802F169
:10ABE000080353E8003F23F08003083242E80031B5
:10ABF00002680029F2D152E8003F43F0400342E8E6
:10AC000000310029F7D108BDFAF73EFEFBE7704797
:10AC100008B5806AFFF7FBFF08BD7047806A38B54A
:10AC20000468D0F88830D0F88C50A268120606D597
:10AC3000212B04D10023A0F85630FFF73CFFA36876
:10AC40005B0606D5222D04D10023A0F85E30FFF765
:10AC50004DFFD0F8903043F01003C0F89030FFF76C
:10AC6000DCFF38BD08B5806A0023A0F85E30A0F88C
:10AC70005630FFF7D2FF08BD704700000368D9695E
:10AC80001A682DE9F04140F60F0631429D680446EE
:10AC900010D18E0640F1978002F0200605F0805713
:10ACA0003E4300F09080436F002B00F08580BDE8AC
:10ACB000F0411847AB4EAC482E401040304300F0F6
:10ACC0008280CF0709D5D00507D501201862D4F8B6
:10ACD000900040F00100C4F890008F0709D5E80704
:10ACE00007D502201862D4F8900040F00400C4F8A0
:10ACF00090004F0709D5E80707D504201862D4F85B
:10AD0000900040F00200C4F890000F070BD502F04D
:10AD10002000304307D008201862D4F8900040F09B
:10AD20000800C4F890000E050AD5500108D54FF46C
:10AD300000601862D4F8903043F02003C4F89030DB
:10AD4000D4F89030002B37D08B0609D502F02002C2
:10AD500005F080552A4303D0636F0BB12046984716
:10AD60002668D4F89020B36802F0280203F040036C
:10AD700053EA0205204621D0FFF7B8FEB3685F060C
:10AD800017D5226802F1080353E8003F23F040037F
:10AD9000083242E800310029F3D1D4F8800040B1F4
:10ADA000724B8363FDF785FB30B1D4F88000836B71
:10ADB0007DE72046FFF731FFBDE8F081FFF72DFF6B
:10ADC000C4F89050F8E7E06E012840F08980CE0684
:10ADD00040F18680D00640F1838010221A629A6882
:10ADE00051064BD5D4F8802011684A6892B2002AE7
:10ADF000E2D0B4F85C009042DED9A4F85E200A6884
:10AE000092062FD453E8002F22F4807243E80021E9
:10AE10000029F7D103F1080252E8002F22F00102C5
:10AE200003F1080040E800210029F3D103F10802F2
:10AE300052E8002F22F0400203F1080040E8002110
:10AE40000029F3D12022C4F88C20E16653E8002FBA
:10AE500022F0100243E800210029F7D1D4F8800045
:10AE6000FDF7F2FA02232367B4F85E30B4F85C1001
:10AE7000C91A89B22046FFF7FFFE9DE7B4F85E20AD
:10AE8000B4F85E00B4F85C1080B292B2002893D09F
:10AE9000891A89B200298FD053E8002F22F49072CA
:10AEA00043E800200028F7D1314D03F1080252E8B1
:10AEB000002F2A4003F1080646E800200028F4D1BC
:10AEC0002022C4F88C206067E06653E8002F22F04F
:10AED000100243E800200028F7D102232367C9E7C6
:10AEE000CF0209D56E0207D54FF4801220461A62B0
:10AEF000BDE8F04100F0A4BD08060BD502F08000CB
:10AF000005F40005284305D0A36F002B3FF454AF90
:10AF10002046CCE64F0611D556060FD553E8002F34
:10AF200022F0400243E800210029F7D12023C4F891
:10AF30008830A1672046FAF7A7FC3DE70D0206D549
:10AF4000500004D52046BDE8F04100F07BBDCB01A8
:10AF50007FF532AF002ABFF62FAF2046BDE8F041A3
:10AF600000F06FBD010000102001000465AC000876
:10AF7000FEFFFFEFD0F88C20B0F86010222A08B551
:10AF8000036855D15B6A826D0B401370836D01338A
:10AF90008365B0F85E30013B9BB2A0F85E30B0F83C
:10AFA0005E309BB2002B42D1026852E8003F23F48E
:10AFB000907342E8003103680029F5D103F10802DB
:10AFC00052E8002F22F0010203F1080C4CE80021A6
:10AFD0000029F3D12022C0F88C20184A41679342FF
:10AFE000016705D1C26E012A0ED0FAF75BFC1EE0A4
:10AFF0005A681102F6D553E8002F22F0806243E828
:10B0000000210029F7D1EDE70022C26653E8002FA6
:10B0100022F0100243E800210029F7D1DA69B0F8E4
:10B020005C10D20644BF10221A62FFF725FE08BD4D
:10B030009A6942F008029A61F9E700BF0080004077
:10B04000D0F88C20B0F86010222A08B5036852D1DD
:10B050005A6A1140826D22F8021B8265B0F85E20A8
:10B06000013A92B2A0F85E20B0F85E2092B2002AB7
:10B0700040D153E8002F22F4907243E800210029C8
:10B08000F7D103F1080252E8002F22F0010203F188
:10B09000080C4CE800210029F3D12022C0F88C20B4
:10B0A000174A41679342016705D1C26E012A0ED04B
:10B0B000FAF7F8FB1EE05A681102F6D553E8002FA4
:10B0C00022F0806243E800210029F7D1EDE7002259
:10B0D000C26653E8002F22F0100243E80021002945
:10B0E000F7D1DA69B0F85C10D20644BF10221A62B8
:10B0F000FFF7C2FD08BD9A6942F008029A61F9E7BC
:10B10000008000402DE9F84F0368B0F86060D3F884
:10B110001CB01F689D68D0F88C20222A044640F09D
:10B12000B980B0F8683043B1DFF87491DFF874A1EA
:10B130004FF000081BF0200F20D1B4F85E309BB216
:10B14000D3B1B4F868209A4216D9226802F10803F4
:10B1500053E8003F23F08053083242E80031226870
:10B160000029F2D1504B636752E8003F43F02003BF
:10B1700042E800310029F7D1BDE8F88F2368A26DBD
:10B180005B6A33401370A36D0133A365B4F85E307E
:10B19000013B9BB2A4F85E302368D3F81CB01BF0CF
:10B1A000070F2ED01BF0010F09D0F90507D501229A
:10B1B0001A62D4F8902042F00102C4F890201BF0EB
:10B1C000020F09D0EA0707D502221A62D4F89020AC
:10B1D00042F00402C4F890201BF0040F09D0E807E5
:10B1E00007D504221A62D4F8903043F00203C4F861
:10B1F0009030D4F8903023B12046FFF70EFDC4F80C
:10B200009080B4F85E309BB2002B93D1226852E854
:10B21000003F23F4807342E8003123680029F5D110
:10B2200003F1080252E8002F02EA090203F10800C4
:10B2300040E800210029F3D120225345C4F88C2096
:10B24000616721670AD05A68110207D553E8002FB9
:10B2500022F0806243E800210029F7D1E26E012A42
:10B2600014D10022E26653E8002F22F0100243E8D6
:10B2700000210029F7D1DA69B4F85C10D20644BF86
:10B2800010221A622046FFF7F7FC53E72046FAF730
:10B2900009FB4FE79A6942F008029A616CE700BF28
:10B2A000FEFFFFEF0080004075AF00082DE9F84F6A
:10B2B0000368B0F86060D3F81CB01F689D68D0F8D0
:10B2C0008C20222A044640F0B780B0F8683043B1A1
:10B2D000DFF87091DFF870A14FF000081BF0200F2D
:10B2E00020D1B4F85E309BB2D3B1B4F868209A4252
:10B2F00016D9226802F1080353E8003F23F0805377
:10B30000083242E8003122680029F2D14F4B6367CE
:10B3100052E8003F43F0200342E800310029F7D112
:10B32000BDE8F88F2368A26D596A314022F8021BEC
:10B33000A265B4F85E20013A92B2A4F85E20D3F878
:10B340001CB01BF0070F2ED01BF0010F09D0F90520
:10B3500007D501221A62D4F8902042F00102C4F805
:10B3600090201BF0020F09D0EA0707D502221A62CB
:10B37000D4F8902042F00402C4F890201BF0040F8F
:10B3800009D0E80707D504221A62D4F8903043F0B8
:10B390000203C4F89030D4F8903023B12046FFF770
:10B3A0003CFCC4F89080B4F85E309BB2002B95D181
:10B3B000226852E8003F23F4807342E8003123689A
:10B3C0000029F5D103F1080252E8002F02EA090230
:10B3D00003F1080040E800210029F3D12022534561
:10B3E000C4F88C20616721670AD05A68110207D51A
:10B3F00053E8002F22F0806243E800210029F7D1B2
:10B40000E26E012A14D10022E26653E8002F22F0F6
:10B41000100243E800210029F7D1DA69B4F85C1082
:10B42000D20644BF10221A622046FFF725FC55E7DA
:10B430002046FAF737FA51E79A6942F008029A6112
:10B440006EE700BFFEFFFFEF0080004041B0000844
:10B4500038B5044603682169A2681D68C0690A43BB
:10B4600061690A437749024329400A431A605A68CE
:10B47000E16822F440520A435A60734AA169934238
:10B480001CBF226A11439A6822F06E4222F4306295
:10B490000A439A60DA6A616A22F00F020A43DA62AA
:10B4A0006A4A934219D14FF0B043694AD3F88830C1
:10B4B00003F0030343F44033934200F0B480B3F14C
:10B4C000031F24D0013A934240F0B580B0F5004FFD
:10B4D00040F08F80FDF78CFF6EE05E4A93421CD1F6
:10B4E0004FF0B0435C49D3F8883003F00C0343F4C9
:10B4F00040228A4200F0978006D8002B7CD0574B20
:10B500009A42E3D0012026E0B2F10C1FFAD1B0F547
:10B51000004F53D04FF4004075E04B4A9342F1D1B5
:10B520004FF0B043D3F8883003F44063B3F5006FB5
:10B5300018D006D85BB1B3F5806FE3D1FDF758FFA3
:10B5400007E0B3F5406FDDD14FF400400BE0FEF7AC
:10B5500061FB40B900204FF00113A3660023C4E94A
:10B560001D3338BD3E4865683E4B626A05EB4501B8
:10B5700033F81220B0FBF2F39942C3D8B3EB053F86
:10B58000C0D800231946F5F767FE090241EA1061A9
:10B590006B080002C0182A464FF0000341F1000179
:10B5A000F5F75AFE304BA0F540729A42AAD82368AC
:10B5B000D860CFE7FEF72EFB0028CBD06168294B7F
:10B5C000626A33F81220B0FBF2F24B0803EB42033D
:10B5D0004FF6EF72B3FBF1F3A3F11001914291D852
:10B5E00023F00F02216892B2C3F342031343CB60EE
:10B5F000B0E7FDF7FDFE04E0B0F5004FDAD0FEF74E
:10B6000009FB0028A6D06368616A164A32F8112047
:10B61000B0FBF2F000EB5300B0FBF3F04FF6EF732A
:10B62000A0F11002C1E7B0F5004F0D48EBD1C5E71E
:10B63000FEF700FBC0E7B0F5004FF9D0FEF7FAFACD
:10B64000DFE700BFF369FFCF008000400038014012
:10B65000020003000044004008000C0004000C003D
:10B660000024F40058910108FFFC0F00836A1A07B8
:10B6700010B506D50168846B4A6822F40042224363
:10B680004A60DC0706D50168C46A4A6822F40032C1
:10B6900022434A60990706D50168046B4A6822F480
:10B6A000803222434A605A0706D50168446B4A68D3
:10B6B00022F4802222434A60DC0606D50168C46B6E
:10B6C0008A6822F4805222438A60990606D501686E
:10B6D000046C8A6822F4005222438A605A060FD50D
:10B6E0000168446C4A6822F480122243B4F5801F3A
:10B6F0004A6005D14A68846C22F4C00222434A6041
:10B700001B0606D50268C16C536823F400230B4363
:10B71000536010BD2DE9F843DDF8209005460E4634
:10B72000174698462A68D36936EA03030CBF0123FB
:10B730000023BB4201D0002029E0B9F1FF3FF2D045
:10B74000F9F76AFDA0EB080048452C6802D8B9F16A
:10B75000000F1ED154E8003F23F4D07344E80032B8
:10B76000002AF7D104F1080353E8003F23F0010356
:10B7700004F1080141E80032002AF3D12023C5F882
:10B780008830C5F88C30002385F884300320BDE86C
:10B79000F88323685A07C5D5802EC3D0402EC1D068
:10B7A000E3691B05BED54FF40063236254E8003FF4
:10B7B00023F4D07344E80032002AF7D104F10803DF
:10B7C00053E8003F23F0010304F1080141E800328F
:10B7D000002AF3D12023C5F88830C5F88C30C5F88D
:10B7E0009030D0E773B504460026C0F89060F9F7B2
:10B7F00013FD23681B681A07054619D423681B68C4
:10B800005B070AD56FF07E43009300222B464FF46E
:10B8100080012046FFF77EFFB0B900202023C4F846
:10B82000883084F88400C4F88C30E06620670CE02F
:10B830006FF07E430093324603464FF400112046DA
:10B84000FFF768FF0028D9D0032002B070BD10B503
:10B85000044650B3D0F888301BB980F88430F9F72B
:10B8600015FF22682423C4F88830136823F00103ED
:10B870001360A36A13B12046FFF7F8FE2046FFF7D6
:10B88000E7FD012811D023685A6822F490425A60DB
:10B890009A6822F02A029A601A6842F00102204651
:10B8A0001A60BDE81040FFF79DBF012010BD0000E9
:10B8B00030B581658168A0F85C200023B1F5805F18
:10B8C000A0F85E20436735D10369002B40F2FF13D7
:10B8D00018BFFF23A0F860300023C0F89030222367
:10B8E000C0F88C30016801F1080353E8003F43F0D1
:10B8F0000103083141E800340368002CF2D1456EA1
:10B9000084680169B5F1005F32D1B0F868509542A2
:10B910002ED8B4F5805F244A03D1244C002908BFF7
:10B9200022464267B1B153E8002F42F4807243E8E7
:10B930000021F7E729B90369002B14BF7F23FF23F8
:10B94000C8E7B1F1805FC5D10369002B14BF3F2365
:10B950007F23BFE703F1080252E8002F42F0805234
:10B9600003F1080040E800210029F3D1002030BD98
:10B97000B4F5805F0E4A03D10E4C002908BF224661
:10B98000426741B153E8002F42F4907243E800212E
:10B990000029F7D1EAE753E8002F42F0200243E8FC
:10B9A00000210029F7D1E1E705B10008ADB2000898
:10B9B00075AF000841B00008D0F88C30202B30B4AF
:10B9C00015D1B9B1B2B100230468C3660A4B9C42D9
:10B9D0000AD063681B0207D554E8003F43F0806338
:10B9E00044E80035002DF7D130BCFFF761BF0220DD
:10B9F00030BC70470120FBE700800040436E30B54B
:10BA00002BB90123A0F86A30A0F8683030BD036874
:10BA1000094D9A689968094C490FC2F342626B5C00
:10BA2000615CDB00B3FBF1F3A0F86A30AB5CA25CB5
:10BA3000DB00B3FBF2F3E7E77891010870910108AE
:10BA40007047704770471FB504AB03E9060090F8D4
:10BA50008430012B04463AD0012380F8843024231B
:10BA6000C0F8883003681A6822F001021A609A68E8
:10BA700022F440120A439A6071B95A68BDF80C006A
:10BA80009DF80E1022F0100202435A605A6822F00C
:10BA90007F4242EA01625A601A6842F001021A606B
:10BAA000F9F7BAFB6FF07E42034600924FF4800133
:10BAB00000222046FFF72EFE38B92023C4F8883034
:10BAC000002384F8843004B010BD0320F8E702207E
:10BAD000F9E790F88430012B0FD0012380F88430EF
:10BAE000016851E8002F42F0020241E80023002BD8
:10BAF000F6D180F88430184670470220704710B5A0
:10BB000090F88430012B044617D02423C0F88830E5
:10BB100003681A68196821F00101196042F00052A7
:10BB20004FF0005141661A60FFF768FF2023C0F80C
:10BB30008830002084F8840010BD0220FCE770B536
:10BB400090F88430012B044617D005682423C0F8F0
:10BB500088302E682B6823F001032B60AB6823F03C
:10BB600060431943A960FFF749FF20232E60C0F806
:10BB70008830002084F8840070BD0220FCE770B596
:10BB800090F88430012B044617D005682423C0F8B0
:10BB900088302E682B6823F001032B60AB6823F0FC
:10BBA00060631943A960FFF729FF20232E60C0F8C6
:10BBB0008830002084F8840070BD0220FCE700007B
:10BBC00038B5084D052455F8043B2BB9013C14F059
:10BBD000FF04F8D1204638BDDB6898470028F5D02F
:10BBE000F9E700BF64D80020034BD870034B1B68F3
:10BBF0001B6C03B1184770474CD8002048D8002070
:10BC0000034B1874034B1B685B6C03B118477047F8
:10BC10004CD8002048D80020F0B5314D314B95F973
:10BC20000420314E91B00C46012795F905108DF88E
:10BC3000047002288DF809208DF80A1010D18DF8B3
:10BC40000800D8711C7202F091FD337803B114B171
:10BC500001A803F0F3F9254B059A1A6011B0F0BD65
:10BC600059714FF480711A71D9801C7233788DF834
:10BC7000087053BB1F2306A88DF81C208DF81830C0
:10BC800002F052FF20238DF8183006A82B798DF88A
:10BC90001C3002F049FF22238DF8183006A86B797A
:10BCA0008DF81C3002F040FF21238DF8183006A8D3
:10BCB0006B798DF81C3002F037FF29238DF818308E
:10BCC00006A80B4B079302F02FFF02F04FFD012354
:10BCD00006A88DF818308DF81C3002F025FFB4E767
:10BCE0004CD80020B0B3002028D700201CD800205A
:10BCF000000400017FB5092301A88DF8043003F08A
:10BD00009DF90038044B059A1A6018BF0120404283
:10BD100007B05DF804FB00BF1CD8002070B50446D6
:10BD20000B46144962784A700020A2780A720870A3
:10BD30001A884A729A788A72DB780B746368CB60CF
:10BD40000D4B1B68DA6A2AB1237803F0FB030A2B38
:10BD500000D09047094E002556F8043B1BB15B6AA2
:10BD60000BB1204698470135EBB2052B6DB2F3D1EC
:10BD700070BD00BF80B3002048D8002064D80020E8
:10BD800070B5044611480123037063784370A378AB
:10BD90008372E368C360E37803762369437623798B
:10BDA00043720B4B1B689B6A03B19847094E0025F1
:10BDB00056F8043B1BB19B690BB1204698470135EF
:10BDC000EBB2052B6DB2F3D170BD00BF94B3002070
:10BDD00048D8002064D80020014B1868704700BF85
:10BDE0001CD8002000B58BB0012368468DF80030C8
:10BDF00002F074FD38B99DF80400003818BF012026
:10BE00000BB05DF804FB0020FAE7000008B501F074
:10BE10005BFE40B9FFF7E6FF012806D0054B197A13
:10BE2000D879FFF7F9FE012008BDBDE80840FFF70B
:10BE3000C7BE00BFB0B300202DE9F04186B0054673
:10BE40000E46174601F040FE002873D101F054FE63
:10BE5000044640B9FFF7C6FF01280AD03D4B197AC6
:10BE6000D879FFF7D9FE6FF00204204606B0BDE88E
:10BE7000F081DFF8E48088F80860003E18BF0126F2
:10BE80008DF80460354E687833798DF81230694644
:10BE900002F0C2FC00283FD08DF804400394ADF8B6
:10BEA00010406FF0060495E803002D4B83E8030073
:10BEB000337988F80A30394601A803F0EBF9294BA9
:10BEC000059A1A6011283FD801A353F820F000BF4B
:10BED0003BBF000835BF000849BF000849BF000844
:10BEE00049BF000849BF000849BF000867BE0008F5
:10BEF00049BF000849BF000849BF00082FBF00081C
:10BF000049BF000849BF000835BF000835BF000819
:10BF100035BF00084FBF00082B788DF808306B78CC
:10BF2000ADF810306B6803934FF0FF34BBE76FF050
:10BF300005049AE76FF0010497E70B4B00221A7093
:10BF4000E31D18BF144690E74FF0FF348DE76FF004
:10BF500004048AE7B0B3002094B300204CD800203A
:10BF6000A4B300201CD800201BD8002037B501F056
:10BF7000CDFD134D052455F8043B4BB11A693AB178
:10BF80009B682BB1984718B155F8043C1B6998473A
:10BF9000013C14F0FF04EED1FFF712FE68B9094D21
:10BFA0002B7853B1084BADF80040D9780194224664
:10BFB0006846FFF741FF00B92C7003B030BD00BFE9
:10BFC00064D800201BD800204CD8002030B58BB09E
:10BFD000044601F079FD0546002835D1FFF702FF40
:10BFE000012834D168468DF8005002F077FC40BB40
:10BFF0009DF80430A34204D0012C22D0022C12D090
:10C0000014B100200BB030BD002BFAD068468DF87B
:10C01000044002F089FDA0B90E4B1B681B6B002B7E
:10C02000EFD09847EDE763B968468DF8044002F019
:10C030007BFD30B9074B1B681B6B002BE1D0204602
:10C04000EFE74FF0FF30DDE76FF00100DAE76FF068
:10C050000200D7E748D8002010B504468AB018B9C6
:10C060004FF0FF300AB010BD002368468DF8003055
:10C0700002F034FC0028F3D19DF804302370F1E77E
:10C080007FB500220B4620498DF8072001220A7057
:10C0900042784A700446002A33D102790A721A881B
:10C0A0004A729A788A72DB780B740369CB60C37822
:10C0B000164D8DF80830037B8DF8093083680393A3
:10C0C0002B68DB6A0BB102A898472B689B6B13B1F6
:10C0D000227E02B198470E4E052556F8043B1BB14F
:10C0E000DB690BB120469847013D15F0FF05F4D1FF
:10C0F0000DF10700FFF7B0FF637913B1054B012283
:10C100001A7004B070BD00BF80B3002048D8002072
:10C1100064D800201BD8002010B504468AB018B996
:10C120004FF0FF300AB010BD202368468DF8003074
:10C1300002F0D4FB0028F3D1024A9DF904302370A9
:10C140001371EFE74CD8002000B58BB0232301908A
:10C1500068468DF8003002F0E7FC003818BF012077
:10C1600040420BB05DF804FB70B5694C01468EB0DF
:10C170001822204606F046F8664B00221A70F9F79E
:10C1800045FF23784068012202FA03F1014004D1FF
:10C19000614B084607F0FAFFFEE7604960481A461F
:10C1A00002F026F918B14FF0FF300EB070BD272312
:10C1B00004A88DF8103002F0B7FC5A4E5A4D0028F2
:10C1C00079D1012333702B68DB690BB100209847CC
:10C1D000FFF708FE012804D101F08EFC08B102F03F
:10C1E000C5FA272304A88DF8103002F077FB059BD1
:10C1F00093F84820227093F8182193F81A3162704E
:10C20000A370464BD3E9020105F0ECFE0546002879
:10C21000C9D1464E062304A88DF8103002F05EFB0B
:10C22000059B736104A802F07FFC022304A88DF82B
:10C230001030059602F052FB0836032304A88DF84F
:10C240001030059602F04AFB0F2605F091FF0123FE
:10C2500004A88DF814308DF8106002F065FC1023EE
:10C260000DEB03008DF810308DF8145002F05CFCDB
:10C2700004238DF8103004A8A3788DF8143002F050
:10C2800053FC3A238DF8103004A86369059302F03B
:10C290004BFC02A920788DF8086004F0E9F800381A
:10C2A00018BF0120E0711420FFF74EFFE07903F082
:10C2B000B3F9284679E728238DF810302B681B69DD
:10C2C00043B104A802F00AFB2B6805981B6940F2F1
:10C2D000C4519847272304A88DF8103002F024FC9D
:10C2E00050B9012304A88DF8103002F0F7FA9DF838
:10C2F0001430002B7FF465AF3378002B7FF463AFED
:10C30000052204A88DF81020059302F00DFC78E7B3
:10C310004CD800201BD800208091010820D8002094
:10C3200038D8002028D7002048D8002088D80020FE
:10C3300037B500230D4601930446D0B900F0A8FBA1
:10C340000190019BD3B10F4A42F824300E4A9A6201
:10C350000E4A1268916B1963916C596392690C498A
:10C36000D9625A6128465B680A49F2229847002040
:10C3700006E001A900F092FB0028E2D04FF0FF3068
:10C3800003B030BD64D8002019BC000848D8002094
:10C39000F5BC000829D70020194B07B51860194BC8
:10C3A000194A1A60194A5A60194A9A60194ADA6099
:10C3B000194B02681A6042685A6082689A60C268C3
:10C3C000DA60164A1A6182695A61154BC26B5A606B
:10C3D000144A019119609A601946134ADA600020E4
:10C3E000FFF7A6FF48B901A800F056FB003818BFB8
:10C3F0000120404203B05DF804FB4FF0FF30F9E745
:10C4000048D8002038D8002081BD000881C000082D
:10C41000A5C400081DBD000820D800202104010883
:10C4200078D80020E9BB000801BC000849B118B168
:10C43000012804D000207047034B0B60FAE7034B40
:10C44000FBE74FF0FF3070470004000103000102DA
:10C4500008B503F0FDF8002814BF6FF001000020BC
:10C4600008BD08B502F0AAF9002814BF6FF001005A
:10C47000002008BD10B504468AB018B94FF0FF304F
:10C480000AB010BD212368468DF8003002F026FA6C
:10C490000028F3D1024A9DF9043023705371EFE76D
:10C4A0004CD800202DE9F0412F4D304F00232B7048
:10C4B00043786B703B689B6A8AB004460BB1284690
:10C4C0009847DFF8AC80002658F8043B1BB11B6A84
:10C4D0000BB1204698470136F3B2052B76B2F3D163
:10C4E0002378052B2FD00B2B35D0012B25D1214CB8
:10C4F000062368468DF8003002F0F0F90199E079E2
:10C5000005F0B6FD10B91C4B019A5A611B48FFF7A4
:10C5100003FE1B48FFF7AEFF6B788BB9A371194B75
:10C520005878FFF753FD3B685B6A0BB11148984799
:10C530006B7813B9E07905F02DFE0AB0BDE8F08103
:10C54000FF23A371EFE7104B01225A74227A9A74E9
:10C55000627ADA74F1E76378002BEED00AB0BDE8B6
:10C56000F041FFF7C7BB00BF94B3002048D80020BC
:10C5700064D80020B0B3002088D80020B4B30020D5
:10C58000B5B300204CD8002080B3002030B58BB06C
:10C59000FFF767FF0446F0B903F04AFF831C1DD084
:10C5A000F8B9134D2B685B69DBB1272368468DF81A
:10C5B000003002F093F92B6801985B694FF4B96180
:10C5C000984703F047FF78B92CB9094B1B68DB6922
:10C5D0000BB10120984720460BB030BD6FF0070427
:10C5E000EFE74FF0FF34ECE74FF0FF34F3E700BF25
:10C5F00048D80020014B1878704700BFBCD80020F5
:10C60000014B5878704700BFBCD80020704700002D
:10C61000044B9A7A0AB101225A70034B5B6903B149
:10C6200018477047BCD80020BCB3002073B5224C1B
:10C630006378002B33D008F053F866680546FFF79F
:10C64000CBFB0644AE4214D2A37A93B1E0228DF81C
:10C6500000208DF80130217AE368019301226846B9
:10C66000FFF7EAFB08B1073010D100236370A37213
:10C67000656094F83430EBB1002384F834300F4B0C
:10C680005B6BBBB102B0BDE87040184740F2DC51B3
:10C690000B4808F0F1F80A4808F0B4F8E8E794F815
:10C6A0003520002AE5D094F8360084F83530FFF7BD
:10C6B0008DFCDEE702B070BDBCD80020BCB300200A
:10C6C000A0D8002037B5104D104CC8B1C1B162726E
:10C6D000012300222860E16023700D480D4B009279
:10C6E0004FF0FF3107F0E2FF00250B4825822022A2
:10C6F000294605F09BFD6570A574A58603B030BD85
:10C7000000232B602370EFE7B8D80020BCD80020AE
:10C71000A0D8002011C60008D0D800202DE9F0478D
:10C720008E4C23788CB0002B56D0C2780AB9837B0C
:10C7300013B1238A01332382437B002B4CD0E02AA0
:10C740004AD10023A372876897F80080B8F1220FBE
:10C7500027D8B8F1220F30D8DFE818F04100FB00ED
:10C7600052005A0061006E0075008E009D00B400FA
:10C77000C7002F002F002F002F002F002F002F00A9
:10C780002F002F002F002F002F002F002F002F0031
:10C790002F002F002F002F002F002F00C900D000E6
:10C7A000D400B8F17E0F00F0CC80B8F17F0F00F01C
:10C7B000DF80B8F17D0F00F0AB80A57A002D00F08E
:10C7C0005B81674C637A3BB94FF47A71204608F07D
:10C7D00053F8204608F016F80CB0BDE8F087E3687F
:10C7E00001220021A2721970A37AE1689818A07240
:10C7F0000620C854A37AE1689818A072CA54DCE7EE
:10C80000584B9B6A002BD8D0012102209847D4E7CF
:10C810007B7884F83630012384F83530CDE7042363
:10C820008DF804307B78003B18BF012301A88DF8F8
:10C83000083002F079F9C0E77878003818BF012095
:10C8400002F0EAFEB9E7484E0FCE01AD0FC50FCE9C
:10C850000FC596E8070085E807007B780A2BACD85F
:10C86000424A12685268002AA7D00CA901EB830340
:10C8700053F82C0C9047A0E77878431E012B9CD8E6
:10C880003A4B01381B6818BF012020729B68002BAF
:10C8900093D0984791E7E26801230821A3721170B1
:10C8A000627A057BA17AAA4228BF2A46934284D2A3
:10C8B00085685A1CEB5CE56801334E1CA6726B540C
:10C8C000D3B2EDE7E3680122A27209221A70A37ABB
:10C8D000E268218A581CA072D154A27A238AE168A6
:10C8E0001B0A501CA0728B5467E7238265E705235F
:10C8F0008DF8043001A802F0A1FB5EE7194BDB6A5A
:10C9000098475AE7194B78781B686075DB68BEE773
:10C91000037B072B7FF451AF06238DF80430B7F863
:10C920000130ADF808307B793A791B0443EA0223E1
:10C93000FA781343642253430393BB798DF8103084
:10C94000D8E73B2201A88DF804208DF8083002F0CA
:10C95000EBF8012384F834302FE700BFBCD8002067
:10C96000A0D80020BCB30020E4870108B8D800207C
:10C970002A2301A88DF8043001F0B0FF94F80A9042
:10C98000E6689DF808009DF809509DF80A709DF82A
:10C990000BC09DF80D309DF80E209DF80F109DF8EE
:10C9A0000CE009F1010A84F80AA006F80980354E66
:10C9B00094F80A903668D4F80C8009F1010A84F8DA
:10C9C0000AA096F803A008F809A094F80A90D4F8F1
:10C9D0000C8009F1010A84F80AA096F802A008F870
:10C9E00009A094F80A90D4F80C8009F1010A84F89F
:10C9F0000AA096F801A008F809A094F80A9009F195
:10CA0000010A84F80AA096F80080E66806F8098012
:10CA100094F80A80E66808F1010984F80A9006F89B
:10CA200008C094F80AC0E6680CF1010884F80A808E
:10CA300006F80C70A77AE66807F1010C84F80AC0C2
:10CA4000F555A57AE6686F1CA7727055A07AE5685F
:10CA5000461CA6722954A17AE0684D1CA572425466
:10CA6000A27AE168501CA0728B54A37AE268591C28
:10CA7000A17202F803E0A0E6034807F075FE6570B6
:10CA8000AAE600BFB8D80020A0D800207047000058
:10CA900000487047BCB30020002070474FF0FF30C3
:10CAA00070470000044B054A93F81831022B18BF59
:10CAB000062382F89034704764DF002028E50020C8
:10CAC000034BD3F8483313B15B6903B11847704780
:10CAD00028E50020034A137843F004031370FFF79E
:10CAE000EFBF00BF0CD90020074BD3F8402322F43E
:10CAF0008072C3F8402393F8912442F0100283F827
:10CB00009124FFF7DDBF00BF28E500201FB50A4BC9
:10CB10008DF8090093F87C208DF80A2093F88C207A
:10CB200093F848000D3202A98DF8082003F0A0FC0C
:10CB3000C0B205B05DF804FB64DF002008B507480B
:10CB400007F012FE064B93F81A2412B1012283F863
:10CB50001924BDE80840FFF7B3BF00BF28E9002053
:10CB600028E5002010B50C4CD4F8403343F0800386
:10CB7000C4F8403394F81A3413B10020FFF7DEFFF5
:10CB800094F8913423F0120343F0120384F89134A3
:10CB9000BDE81040FFF786BF28E500202DE9F041F1
:10CBA000DFF8AC8098F81831022B06460D4602D00B
:10CBB000284BDB6A984702F0E6FD044628B10220C4
:10CBC00002F0D7FD002002F0D9FD98F81831012BB2
:10CBD00017D102F0DAFD074630B1002002F0CAFD9D
:10CBE000002002F0CCFD3C4602F0D1FD48B100200F
:10CBF00002F0C1FD002002F0C3FDBDE8F041FFF7E7
:10CC000051BF002CF9D1144C94F8902494F81A34A4
:10CC1000BAB90BB184F84164304602F057FFD8F836
:10CC20002C0007F067FDD4F8B4339842E5D30B48E5
:10CC300007F09AFD94F8913443F0100384F891348E
:10CC4000DBE70BB184F84154284602F03FFFF1E7DF
:10CC500064DF0020F898010828E50020C0E80020E3
:10CC6000074A10B5137843F002031370FFF728FF4B
:10CC7000BDE81040034B01220021022007F086BAD4
:10CC80000CD90020C9910108074A10B5137843F068
:10CC900008031370FFF714FFBDE81040034B012297
:10CCA0000021022007F072BA0CD90020D9910108A6
:10CCB0002DE9F0410F4616461D46804607F010FD4F
:10CCC0000B4A0C4C1378278123F0110343F0110316
:10CCD000C4E90008137066812573FFF7F1FEBDE813
:10CCE000F041054B01220021022007F04FBA00BF9E
:10CCF0000CD90020F8D80020E991010813B507F0FD
:10CD0000EFFC0D4B6C461860204607F089FC94E858
:10CD100003000A4A0A4B83E80300137843F0200318
:10CD20001370FFF7CDFE074B01220021022002B055
:10CD3000BDE8104007F02ABA08D900200CD900201D
:10CD400060E80020F69101082DE9F04192B0064616
:10CD500002F019FD002840F05881AD4D95F81831CA
:10CD6000012B09D02B6BAB4C93B194F80431BBB1C0
:10CD7000042B6FD0032003E002F007FD18B10F2051
:10CD800012B0BDE8F08102F002FD0028EAD0F6E71B
:10CD9000B5F82031D4F81C24013B53432B63E4E75E
:10CDA0009D4803F09CFA002840F0128194F80C3161
:10CDB00023802B6B0C930DF1180895F839308DF802
:10CDC0003830404695F81C318DF83A3007F04EFC6B
:10CDD000D5F82831009302AF98E80600D5F8243141
:10CDE000384607F0DAFB97E803000FAB83E803004F
:10CDF000EB6A0D9300238DF844302388ADF846305C
:10CE000095F8303101228DF839201BB98DF8442076
:10CE10008DF83930814B0093814B95F84800A3F190
:10CE200079020CA903F099FBC0B10B28A8D1D4F862
:10CE3000941499B1002EA3D0D4F84033794843F02C
:10CE40002003C4F8403307F017FD764807F0DAFCFA
:10CE5000002095E7704803F076FAA4E795F848704B
:10CE600095F9693095F9392095F87D106E4E384660
:10CE700003F080FB009641B2EB6C95F850203846E9
:10CE8000183603F01BFB0096EB6C95F8502095F9D3
:10CE9000701095F8480003F011FBD4F8C413AB6D83
:10CEA000D4F8DC230B44C4F8B033EB6D1344C4F85E
:10CEB000B43394F80431042B07D02B6E0B44C4F820
:10CEC000B0336B6E1344C4F8B4330023089395F861
:10CED0003031002B40D100238DF8133095F83930D4
:10CEE0008DF8213095F838308DF82230D5F8803023
:10CEF0000993D5F884300A932388ADF82C3095F83F
:10CF0000303194F81B648DF82E3095F84800474B6B
:10CF10008DF820600DF1130208A903F0E3FA012354
:10CF200084F8413495F8393084F842349DF8133050
:10CF300084F84334D4F81C34C4F85064C4F848343A
:10CF4000C4F8583402F025FCC8B1D4F81C0402F02F
:10CF500032FCA0B1102013E708A802F0E7FC60B98A
:10CF600095F9390094F837629DF82070FFF7CEFDEF
:10CF70003E44B042AFD2082002E7132000E795F804
:10CF80001831012B01D102F018FC02F005FC00233E
:10CF9000059394F8043195F9395094F81B649BB1CA
:10CFA000042B7FF4E7AE05A802F0F4FE58BB94F81A
:10CFB000183413B1059B013B0593174B0598324676
:10CFC000E9B202F049FF02E0134802F01DFF08B188
:10CFD0001120D5E6D4F8403394F80C11218043F0A9
:10CFE0000203C4F8403394F8183411480133DBB21B
:10CFF00084F8183484F845340E4B00259B6AC4F835
:10D000009854984724E71220BAE60E20B8E600BFED
:10D0100064DF002028E5002030E6002094DF0020B7
:10D02000BCE9002090E80020E0E8002044E900206E
:10D030002AE50020F898010873B5134D134E0096A9
:10D04000EB6C95F8502095F9781095F8480003F0AE
:10D0500035FA95F83031337595F8480040F20123E0
:10D0600006F13C023146738203F034FA50B196F86F
:10D070003C3086F88230064B00205B6B9847F37C8F
:10D0800086F8A83002B070BD64DF002010E90020EF
:10D09000F8980108F8B5324C94F81831012B054680
:10D0A0000ED0022B4ED0002B57D138B9D4E91B013A
:10D0B00004F1740383E803000020F8BD012806D1C1
:10D0C00002F06CFB0028F8D184F81851F5E702282B
:10D0D00043D1244E84F8180106F5747CBCE80F0097
:10D0E00006F57A770FC79CE8030094F8E92094F8D6
:10D0F000003187E8030086F8FB53D2B1022B18D128
:10D10000D4F804316367C6F8EC3394F87D3094F8B2
:10D11000082186F8F83394F88C3084F8782086F863
:10D12000F93396F81B2486F8E82340F20133A6F879
:10D13000FA33002386F81A340B4BDB6A9847FFF763
:10D140007BFFB9E748B9074B84F81801062283F83A
:10D150009024054BDB6A9847AEE70320ADE700BF9C
:10D1600064DF002028E50020F8980108F0B5504C55
:10D17000504EB4F8DC202287D4E92D0194F8B12078
:10D1800084F8692004F16C0282E80300D4E92F01DD
:10D1900004F1740282E80300B4F8C420A4F87C20EF
:10D1A00091B0D4F8CC20D4F8C810C4F8842000255D
:10D1B000D4F8D020C4F888200123A4F82031C4F882
:10D1C000801084F83051A56284F81B5184F83A50DD
:10D1D00084F81D5184F81E51C4F83451C6F898548F
:10D1E000A6F8185486F81A54A4F838518DF8183057
:10D1F00004F50973039304F50A7394F84800049343
:10D2000003A92D4B84F84551C4E94F55A4F8465164
:10D21000059303F03BF9E36EC6F8D43394F87D3000
:10D2200086F8E03394F88C3086F8E1334FF480735D
:10D23000A6F8E23386F8D05394F8303186F8E43318
:10D2400006F574770FCF06F57A740FC497E80300DC
:10D2500040F2012384E80300A6F8FA33D6F84833F5
:10D2600086F81B54CDE901551BB15A685B690192E0
:10D270000293124B0793A3F148020892A3F1140200
:10D2800009920F4A0B9229330A93A2F19C030C9343
:10D29000A2F198030D93131D0E9301A902F14C0303
:10D2A00007A802F599620F9302F062FA11B0F0BD7F
:10D2B00064DF002028E5002010D9002090E900203C
:10D2C00048E00020F8B50D4F0D4E0C4607F04CFA23
:10D2D0003B6B98470B4A96F84800214603F0FAF852
:10D2E00050B1094D706D95F8243485F86A347B6B24
:10D2F0009847E37C85F89034F8BD00BFF8980108A2
:10D3000064DF00204CE9002028E500200F4890F859
:10D310001B3480F8B8330E4B93F8692080F8BB2398
:10D3200093F87D2080F8C82393F88C2080F8C923D7
:10D3300093F8303180F8CC330022A0F8CA2300F5EE
:10D340006E7100F56070FFF7BDBF00BF28E50020DB
:10D3500064DF0020114890F89034EBB190F81B3452
:10D3600080F8D0330E4BDA6EC0F8D42393F87D20CA
:10D3700080F8E02393F88C2080F8E12393F8303193
:10D3800080F8E4334FF48072A0F8E22300F5747162
:10D3900000F56670FFF796BF704700BF28E50020D4
:10D3A00064DF002070B5344C2421204604F040FF97
:10D3B000636A984218BF60624FF01C012F4814BF87
:10D3C0000125002504F034FF636C984218BF6064A7
:10D3D0004FF480712A4818BF45F0020504F028FF79
:10D3E000D4F84831984218BFC4F848014FF0D4012E
:10D3F000244818BF45F0040504F01AFFD4F8203281
:10D40000984218BFC4F820024FF000011E4818BF10
:10D4100045F0080504F00CFFD4F82432984218BFF8
:10D42000C4F824024FF46071184818BF45F0100585
:10D4300004F0FEFED4F8A835984218BFC4F8A80539
:10D440004FF01401124818BF45F0200504F0F0FE1B
:10D45000D4F8C03598420F4B18BFC4F8C005D3F8B4
:10D46000483318BF45F040052BB11B691BB1284656
:10D47000BDE87040184770BD64DF00208CDF0020DD
:10D48000ACDF0020B0E0002088E100208CE100202B
:10D4900010E5002028E500202DE9F04F8FB04FF077
:10D4A0000009012B06460F4690468DF80D90ADF809
:10D4B000109002D84C46BC4202D30FB0BDE8F08FAA
:10D4C000305D02F073FA2044B842F6DC335D651C2F
:10D4D000023BEDB2112BF0D801A252F823F000BFAD
:10D4E00029D5000853D5000851D6000879D6000880
:10D4F00009D700082FD7000895D70008BDD7000826
:10D5000045D80008BBD40008BBD4000899D800084F
:10D51000BBD40008BBD4000841D9000869D9000871
:10D52000A1D90008D5D90008052002F0E7FA70B1AA
:10D530000521002002F0A8FA725DBF4BE51C023401
:10D54000E4B283F85C24325D83F85D24EDB22C46AE
:10D55000B1E700238DF80E308DF80F308DF81430C0
:10D560008DF81830B9F1000F6DD1B44C4FF00509AA
:10D5700094F87C208DF831206B1E94F839208DF8BA
:10D580003320334494F838200B938DF8342094F8EA
:10D590001A3194F868208DF83520D4F82C218DF8B4
:10D5A00032300A9273B37B1C5B1BDBB28DF83030D8
:10D5B00006AB019305AB009394F848000DF10F03FF
:10D5C0000DF10E020AA902F099FF8DF80D0000F08E
:10D5D0000700072813D194F939209DF90E3084F8FB
:10D5E00039309A429DF80F3084F83830B8BF0122A4
:10D5F0009DF81430B8BF84F81D2184F868304FF0CE
:10D60000000A09E00523D1E701220DF10D010320F5
:10D6100002F0E4F80AF1010A5FFA8AF29DF8183084
:10D62000B3FBF9F19142EFD82B44DDB26B1EDBB2B4
:10D630009F420BD9F25C032A9AD0AF4288BF1D46A5
:10D640004FF0010983E70534E5B2F9E71D46F7E736
:10D65000735D7A4903F00F03012281F81B31023414
:10D6600002FA03F3A1F82031E4B2002204A9042055
:10D6700002F0B4F825466AE707238DF80D30735D94
:10D68000DFF8B8A1C3F3021203F00F030F2B8DF8DC
:10D69000283004BF9AF870308DF828308DF8292092
:10D6A000651DA21CE31C0434DBB2E4B2F15C335D03
:10D6B0009AF84800D2B21B04B25C43EA0123134338
:10D6C000642253430AA90B9302F027FF00F00703DB
:10D6D000072BEDB28DF80D000ED19DF828308AF899
:10D6E00070308AF878300B9BCAF86C30CAF8743006
:10D6F0009DF829308AF869308DF81000012204A9BC
:10D70000052002F06BF822E74B4BD3F8483363B1A6
:10D710001B6853B1984708F03F038DF810008DF84F
:10D720001130022204A90620EBE7FF20F3E70323D0
:10D730008DF80D30735D8DF81C300AAB0693E31C39
:10D74000DBB2A51DF25C231DDBB206A9F35C1B0452
:10D7500043EA0223A21CD2B20534B25C1343642212
:10D760005343E4B20A9300230B93335D8DF83030BA
:10D77000324B93F8480002F0D6FEC3B20028EDB257
:10D780008DF80D30FFF6E3AE8DF81030012204A9BC
:10D790000720B6E7735D03F00F03012B4FF47A7295
:10D7A00038BF01235343254A0234936503F57A7346
:10D7B000D365E4B2002204A9082059E7735D1F4D28
:10D7C000C3F340128DF8152095F84800C3F30012FA
:10D7D00005A903F00F038DF814208DF8163002F020
:10D7E000A8FE02340130E4B23FF444AFBDF8143077
:10D7F000134AA5F87C309DF816309DF814A0D05C33
:10D80000F3F7B0FA0223C5F880000AA995F848009A
:10D810008DF828308DF82AA002F02AFE95F93930CB
:10D82000069040B29842B8BF184685F839000022E9
:10D8300004A909201CE700BF28E5002064DF0020C0
:10D840000392010803238DF80D30735D8DF82830A5
:10D85000E31CDBB2651DF25C231DDBB20234F35C1A
:10D86000E4B21B0443EA0223325D134364225343B0
:10D870000B93644B0AA993F8480002F060FEC3B210
:10D880000028EDB28DF80D30FFF661AE8DF8103046
:10D89000012204A90A2034E7092002F02FF9DFF859
:10D8A00068B1002849D00921002002F0EDF80023DA
:10D8B000ADF81E30A31CDBB2F25CE31CDBB216F841
:10D8C00003A0735D4FEA0A4A4AEA022A4AEA030AB7
:10D8D000231DDBB2A51D0534F35CE4B24AEA036AFA
:10D8E000335D4FF47A7253430AAC1B122046ADF8F5
:10D8F0001C3006F095FE454B53440693DBF83C3351
:10D9000000930DF1180A9AE80600DBF8383308A8EE
:10D9100006F043FE099B009394E80600089B5046DE
:10D9200006F020FE9AE8030006F052FE01F040FFE8
:10D930000123EDB28BF8383409E68BF8380406E69B
:10D940000C2002F0DBF800283FF401AE0C2100208F
:10D9500002F09AF82C4B93F89034043B012B7FF69D
:10D96000F6AD01F021FFF2E5A31CDBB2725DF15CC4
:10D97000E31CDBB2651DF35C0434E4B21B04305DD0
:10D9800043EA012313436421594300F00F0001F0DF
:10D990000CFFEDB28DF81000012204A91120B0E6B1
:10D9A0000D2002F0ABF800283FF4D1AD0D2100208E
:10D9B00002F06AF8A31CDBB2154AF05C735D1268D2
:10D9C000251D0334E4B243EA0020315DEDB201F0DD
:10D9D000EEFEBCE5725DA31C251D0334DBB2E4B290
:10D9E000F15C335D1B0443EA012313436420584375
:10D9F00001F0DFFEEDB28DF81000012204A9132022
:10DA00007FE600BF64DF002028E50020803DD512BE
:10DA1000F8D800200E4B93F89124920703D593F881
:10DA20008F24012A08D90B4991F81A2122B18A6A58
:10DA3000501C18BF01328A620022A3F8182483F810
:10DA40001A24D3F8402322F00202C3F8402370477F
:10DA500028E5002064DF002070B5184C1848194DE7
:10DA600006F082FED4F84033D4F89804D5F89060DC
:10DA700023F02003C4F8403338B106F03BFE864261
:10DA800003D2002385F83A3070BD0120FFF75CF91E
:10DA90000028F9D00B28F7D095F8393084F84234B3
:10DAA000092094F8183484F8453484F8410402F0CD
:10DAB0000DF8BDE87040FFF7ADBF00BF28E50020BE
:10DAC00090E8002064DF0020094BD3F84023012AAE
:10DAD0000AD008490978C90708D43AB993F89204DA
:10DAE000013818BF0120704700207047012070479F
:10DAF00028E500200CD90020034BD3F84003431E37
:10DB000058425841704700BF28E500202DE9F04FEA
:10DB1000A9B0EFF3108272B6DFF8F0B20021DBF8A3
:10DB20000030CBF8001082F31088B94C002B00F0C5
:10DB3000E180DAB29B06039264D5B64D95F81831B0
:10DB4000022B02D0B44BDB6A9847EFF3108872B611
:10DB5000B24F06F0C5FD3E68D4F8B013361A314412
:10DB6000AF4806F089FEAE4806F04CFED4F8B41378
:10DB7000AC48314406F080FEAA4806F043FE88F324
:10DB8000108894F81A34002B00F06B81152312A929
:10DB900095F848008DF8483002F06AFCD4F8B413C8
:10DBA0000F900144A04806F067FE9F4806F02AFE49
:10DBB0003B6894F81B24EB620DAF38468DF870205B
:10DBC0001D9306F053FDD5F82831009306AE97E873
:10DBD0000600D5F82431304606F0DFFC96E8030055
:10DBE0001FAB83E80300D4F81C341E9395F8303142
:10DBF00095F84800003B18BF01231CA98DF871302F
:10DC000002F03FFC039BDF0648D5824DDFF81CA2E3
:10DC1000D5F8E42004929BF80020BAF90A809AF91A
:10DC20000C90A4F88C84002363F300020A9384F818
:10DC30004434A4F8223484F82534C4F82834A4F8F1
:10DC40002C3484F82E34C4F8303484F82034C4F8EA
:10DC5000343484F83834C4F83C346F4B8BF80020EB
:10DC600094F89024DB6A84F88E9484F88F24DAF890
:10DC70000470BAF80860984794F88F3413B969486B
:10DC800006F072FD3146384601F07BFD83460028E0
:10DC900000F0EA80A4F87E8484F88094039B19073E
:10DCA0001AD55C4B93F81831022B02D05A4BDB6A21
:10DCB00098470220FEF7F6FE84F8410401F006FFC3
:10DCC00094F81A3413B1012384F8193494F8913478
:10DCD00043F0100384F89134039B5A0703D50621BF
:10DCE0000520FEF75BFF039B9B0703D50421032060
:10DCF000FEF754FF01F063FD94F89124D7065FD539
:10DD0000002384F89234D4F840331E0644BF23F035
:10DD10008203C4F8403312F0050F00F005830B2096
:10DD200001F0ECFE002800F0FF8294F89134DD074A
:10DD300000F1FA82580740F11183D4F8403323F000
:10DD40000203C4F84033D4F8402382BB94F89154C2
:10DD500015F001011EBF2B4662F3000384F89134D5
:10DD600094F891345E0744BF6FF3820384F89134D2
:10DD7000012384F8923421B1D4F844332C481B6831
:10DD800098476D070BD52B4801F0C4FE01F0F2FE59
:10DD900028B194F8913443F0040384F8913401F0ED
:10DDA000FCFC94F891346FF3041384F8913401234C
:10DDB00084F8923494F8913443F0200384F8913439
:10DDC00094F8913418070AD56FF3C3031A4984F8FD
:10DDD0009134D4F84433A1F12400DB68984794F8D7
:10DDE000913499070AD56FF34103134984F89134AC
:10DDF000D4F84433A1F16C005B68984794F89034F0
:10DE0000022B1BD1FFF718F918E000BF0CD9002036
:10DE100028E5002064DF0020F898010808D90020D8
:10DE2000A8E80020C0E8002028E90020F8D8002059
:10DE300068E900207CE90020B4E9002094F89134DE
:10DE40009A0640F1CE826FF3451384F89134D4F8EA
:10DE50004033002B40F0C58229B0BDE8F04FFFF7FA
:10DE6000A1BA84F84134A3E695F81831012B0CD1FE
:10DE700001F08BFC804668B1584601F07BFC5846A7
:10DE800001F07DFC042384F88F347EB9012384F8EB
:10DE9000213455E101F07BFC0028F6D0404601F02A
:10DEA0006AFC404601F06CFC0523ECE73B780593E7
:10DEB0005B09013B062B00F22082DFE813F007002C
:10DEC0001E029B001E0298001E020F02102EDDD9BA
:10DED00095F830311297F6B28DF84C60002BD5D101
:10DEE0001CA804F0B7F812AA1CA9FF2002F0D0F871
:10DEF000A0B99DF8583003F00F020F2A16D0C3F3D3
:10DF000003038DF82C3095F8480095F87D308DF896
:10DF10002D3007220BA902F0BEFA38B9012001F01A
:10DF2000EDFD002850D0012107204BE09DF8533033
:10DF30009DF852201599C5F8E4101B0443EA02230A
:10DF40009DF8512002201343C5F8E03004F090F80A
:10DF50009DF8583095F84800C3F3021285F86920FF
:10DF600003F00F020F2A1EBFC3F3030385F87030BE
:10DF700085F878309DF85930012B38BF01234FF4D4
:10DF80007A725343AB651344EB650DF15A030127D5
:10DF900010934FF0000894F81B348DF83C30113E7C
:10DFA0000FA985F8687085F82E818DF8446002F01D
:10DFB0007AFA0223384685F8303101F09FFD18B116
:10DFC0003946404601F060FD94F88F34012B00F291
:10DFD000A28194F81A34002B40F0958194F8913482
:10DFE00043F0100384F89134FEF75CFD56E60123FC
:10DFF00084F8203495F87D308DF82E3094F8243450
:10E000008DF82D3095F88C3095F848000D330BA91C
:10E010008DF82C3002F02CFAA6F10D031BB20990FA
:10E0200023EAE37300B283423FF730AF0B2E7FF653
:10E030002DAFBC4B25931CA8FF231C978DF8746053
:10E040008DF8983002F0F0F8074600287FF41EAFF4
:10E0500095F81831012B13D101F097FB002872D0ED
:10E06000384601F087FB384601F089FB04239DF810
:10E070007C101E9884F88F34C1F3001101F09EFBD0
:10E080009DF87C301E99C4F8341413F00F0203D0AD
:10E090009DF89000002862D19DF89800002861D07A
:10E0A000002A7FF4F3AE9DF89020002A14BF4FF0B1
:10E0B00003084FF0020800220A92D5F8EC2095F8E8
:10E0C000E900914251D100284FD0D5F80C1195F8B4
:10E0D000EAB009680A9195F81811022902D10321C2
:10E0E00084F88F14B8F1030F7FF4D0AE13F0600FF3
:10E0F0007FF4CCAE0492012795F82E31BBF1000FCE
:10E1000036D0BBF1010F13D1012B33D16FF00906CB
:10E1100046FA08F606F00106C6F10206F6B2BDF8A8
:10E120007E100AAA304601F041FE38B3072823D0FA
:10E13000012384F821340A9BC4F83034C4F86C34C9
:10E14000FEF710FDAAE501F022FB002898D0384622
:10E1500001F011FB384601F013FB052387E74FF070
:10E160000008A8E74FF00108A5E74FF0010BC3E74F
:10E170000426D4E70326D2E70823DAE71CAB009392
:10E1800004990A9B3246584601F0CEFE20B102287F
:10E1900014BF0B230A237AE60A9BC4F83034C4F870
:10E1A0006C349DF87C3084F82104C3F3401384F868
:10E1B0002E3484F8443494F88F3484F82274012B7C
:10E1C0009EBF0122A86285F81E21012FC4F82804F1
:10E1D00084F82C0484F841043ED1022284F82024DF
:10E1E00095F83A20002A50D19DF87C20D6064CD4D0
:10E1F000D4F83C2412B1012284F82524012B94F890
:10E2000040149DF87C2005D8012901D1900601D544
:10E2100001F076FBB8F1020F94F88F3440D0B8F1DA
:10E22000030F0AD09DF87C10B8F1010F4A4601F0A7
:10E230000F0120A838D0FFF72FF99DF8903084F80F
:10E240002334259BC4F828349DF8983084F82C3466
:10E25000012384F82D342DE0059A02F0E002A02A73
:10E2600018D195F82E11012285F83A2009B927997D
:10E270006963012B84F8202407D9D5F89020C4F8CD
:10E280003C24DAF80020C4F8982495F81821002AD4
:10E29000B1D0ADE7002285F83A2084F82024A3E726
:10E2A0009DF8981025984A46FFF7F6F89DF89030AB
:10E2B00084F823349DF89020E02A08D195F81F3186
:10E2C0002BB984F82324C4F82834A4F82C3494F807
:10E2D000913443F0020384F8913475E6114D013E08
:10E2E000B2B2791C284603F08DFF0323A4F8203432
:10E2F000C4F8285484F82C64E9E7012384F8213415
:10E30000FEF730FC60E694F84434002B3FF466AE30
:10E310000020FEF713FC94F88F34022B3FF464AE18
:10E320005CE600BF60E7002094F89134590715D5EA
:10E33000012001F0E3FB60B1012001F0B7FB08B957
:10E3400084F81804D4F8403323F00203C4F84033AF
:10E3500004E0062001F0D2FB0028F3D194F89134B8
:10E36000DA077FF5F0AC94F840240AB1032A18D1FB
:10E370001D4A94F8181492F86820914205D29B0720
:10E3800023D594F88F34012B1FD8184806F0ECF9E8
:10E39000D4F8403323F02003C4F84033FFF73AFBAE
:10E3A000D1E4012A11D194F81924002A3FF4CBAC0E
:10E3B0000D4A94F8181492F868209142E5D29F070C
:10E3C00003D594F84434002BDFD194F89134002025
:10E3D0006FF3041384F8913484F81904FFF73CFBBD
:10E3E000B1E429B0BDE8F08F64DF002090E80020A0
:10E3F0002DE9F04F89468DB090460746002800F081
:10E400008F81002900F08C810368002B00F0888147
:10E410004368002B00F084818368002B00F080812A
:10E42000C368002B00F07C81104602F01DF8002824
:10E4300000F07881BD4CBE4D384601F0DBFA40F269
:10E44000C4520021204603F0F1FE40F23452002174
:10E45000284603F0EBFEB74BC4F82C3104F50973E2
:10E46000089304F50A7300264046099308A9B24BA5
:10E4700084F848800A9384F8186184F88C608DF8D9
:10E480002C6002F003F80F2306A994F848008DF8D9
:10E49000183001F0EDFF801B18BF01204FF00A0B70
:10E4A00084F81C0106A994F848008DF818B001F012
:10E4B000DFFF4FF0060A84F8DC0006A994F8480054
:10E4C0008DF818A001F0D4FF102384F8DD0006A910
:10E4D00094F848008DF8183001F0CAFF1123C4F8F1
:10E4E0009C0006A994F848008DF8183001F0C0FF90
:10E4F0001223C4F8A00006A994F848008DF818303B
:10E5000001F0B6FF1323C4F8A40006A994F848004C
:10E510008DF8183001F0ACFF1423C4F8A80006A948
:10E5200094F848008DF8183001F0A2FF1623C4F8C3
:10E53000AC0006A994F848008DF8183001F098FF57
:10E54000172384F8B10006A994F848008DF8183014
:10E5500001F08EFF18230DEB0301C4F8B400C4F8DA
:10E56000BC0094F848008DF8183001F081FFC0B26B
:10E570001D2384F8B80084F8C00006A994F8480068
:10E580008DF8183001F074FF1E2384F8C40006A92A
:10E5900094F848008DF8183001F06AFF1F2384F8C2
:10E5A000C50006A994F848008DF8183001F060FF06
:10E5B0002023C4F8C80006A994F848008DF8183044
:10E5C00001F056FF0B23C4F8CC0006A994F84800CC
:10E5D0008DF8183001F04CFF0C2306A9A4F8D000E8
:10E5E00094F848008DF8183001F042FFD4F89C30C0
:10E5F0006365D4F8A030A365D4F8A430E365D4F8FB
:10E60000A83023664FF00108D4F8AC300590A4F888
:10E61000D200636684F8B080C4F894B084F898A0FF
:10E62000C4F84CB084F850A084F8688084F81F8146
:10E63000C5F84893FEF79AFDC5F84473C4E90B6624
:10E640003E4B84F8198185F89164C5F840833246C1
:10E650004FF0FF31009605F55A7006F027F8384B59
:10E66000009632464FF0FF3105F5607006F01EF857
:10E67000344B009632464FF0FF3105F5667006F0D8
:10E6800015F802AF304B009632464FF0FF3105F5DA
:10E69000806006F00BF8384605F0E8FF97E80300C5
:10E6A00004F5927383E80300284B294F1E60294B21
:10E6B000C5F84C33284BC5F85433284BC5F85C33A8
:10E6C000274BC5F85033274BC5F8583305F5537021
:10E6D0003B68984704F5A67003F0E6FA20B11126CE
:10E6E00030460DB0BDE8F08F204601F02FFB00282A
:10E6F000F5D101F065F8B8B91B4801F079FB064681
:10E700000028ECD17B69984703F05AFDBB6D94F863
:10E7100019019847FB6A9847012385F89234DFE78F
:10E720000326DDE70926DBE71326D9E764DF0020AF
:10E7300028E500200004000110D9002059DA000863
:10E740000DD3000855D300083DCB00080CD900209C
:10E75000F8980108FDCC0008B1CC0008D5CA000823
:10E7600089CC000861CC00084CE0002008B5034BC0
:10E770000020C3F84003FEF795F908BD28E5002006
:10E7800010B5FFF7A1F90A4C60B90A4B93F818319C
:10E79000022B02D1084BDB6A98470123C4F84033AF
:10E7A000002010BDD4F84003013818BF0120F8E75D
:10E7B00028E5002064DF0020F898010838B5124CE5
:10E7C000204605F0D1FF04F1180005F0CDFF04F15B
:10E7D000300005F0C9FF04F1980005F0C5FF00F016
:10E7E000DBFF0A4B0025DB6A984744F8285CFEF7FC
:10E7F000D9FD0749074840F2C45203F003FD012345
:10E8000044F8283C284638BD90E80020F8980108D4
:10E8100064DF0020A0D9002070B52E4B8AB00546D9
:10E8200093F8DD008DF8090093F8DC008DF80A00FC
:10E8300029489A6A90F81804039200268DF80B0074
:10E8400004960C46002940D00692D3F888200792FF
:10E850001A8F93F81A118DF8151052BAADF82020BE
:10E8600093F87C2093F848308DF8243003AB8DF872
:10E8700022008DF8232000930DF10A020DF10B0305
:10E880000DF1090105A88DF8146000F003FF9DF952
:10E890000900FEF73BF9607004A801F047F8B0B931
:10E8A000049A0F2A0DD863789A420AD81544AB42CD
:10E8B000A3EB02012CBF002001202170C0000AB090
:10E8C00070BD002323700820F9E70320F7E7132029
:10E8D000F5E700BF64DF002028E500201FB50446EF
:10E8E000002800F010810378412B00F20781DFE857
:10E8F00013F0420049004D005100550059005E00E0
:10E9000005010501050105010501050105010501D7
:10E91000650069006D0078007F00820085008A0034
:10E9200088008C0090009300960099009C009F0046
:10E93000AE00B200BA00B600BE00C100C500CE00F5
:10E94000CA00CC000501D200050105010501050141
:10E950000501050105010501050105010501050187
:10E96000050105010501DA00DE00E200E700EB0029
:10E97000EF00F300FC00664B93F818312371002080
:10E9800004B010BD624B93F83031F7E7406803F0F4
:10E990001BFBF4E7406803F05DFBF0E75C4B93F88A
:10E9A0001A31EBE75A4BD3F8E0306360E7E7584B96
:10E9B000011D93F8300103F065FBE0E7544B93F839
:10E9C0001931DBE7524B93F88C30D7E71C238DF8D5
:10E9D00008304F4B02A993F8480001F049FD6060F0
:10E9E000CDE74C4B043493E8030084E80300C6E70A
:10E9F000494B0434F7E7494B0434F4E7484B0434FB
:10EA0000F1E71A23E3E71923E1E7414B93F8683074
:10EA1000B4E73F4B5B6DC8E73D4B9B6DC5E73C4B97
:10EA2000DB6DC2E73A4B1B6EBFE7394B5B6EBCE751
:10EA300002238DF80830364B02A993F87C2093F816
:10EA400048008DF80A2001F013FD207197E7304B44
:10EA500093F8DD3092E72E4B93F839308EE72C4B4C
:10EA600093F8DC308AE72A4B93F8383086E7284B56
:10EA7000DB6C9AE7264B93F850307FE7244BD3F8B2
:10EA8000843063607BE7224B8FE7264B8DE7204B7A
:10EA9000D3F8CC30F5E71E4BD3F82C31436001F0AE
:10EAA00075FDA0606BE71A4BD3F890307DE7184BEB
:10EAB00093F81F3162E7164BB3F88830A3805EE706
:10EAC000134BB3F88A30F9E7114BB3F8D030F5E7C0
:10EAD0000F4BB3F8D230F1E70D4B93F848200AB151
:10EAE000062A12D1B3F8A035E8E7094B93F848207D
:10EAF0000AB1062A09D1D3F8A43556E704B0BDE817
:10EB0000104000F04DBE03203AE7182038E700BF60
:10EB100064DF0020D0DF002018E00020D8DF0020D4
:10EB200020E00020A0D900207FB5044610B90320C2
:10EB300004B070BDA34DD5F840339A0700F173823D
:10EB40000278412A00F26C82DFE812F042004700AE
:10EB500055005B005F00640069007600810087005B
:10EB60008D00930099009F00A500AB00B5006A02DC
:10EB7000BA00DC00EF0016013801290142014B0107
:10EB80004F01530157015B016A025F017101990155
:10EB90008701AB01B501BC01C101C6016A022C02AB
:10EBA0006A026A026A026A026A026A026A026A0205
:10EBB0006A026A026A026A026A026A026A026A02F5
:10EBC00038023D02420247024C02510256026002E4
:10EBD0000079FEF75FFA30B1AAE70379022BA6D0DD
:10EBE000794A82F8303195F8913443F0200385F862
:10EBF000913400209CE7406803F0D8F90028F2D057
:10EC000095E7406803F016FAF8E76F4B027983F84E
:10EC10001A21E8E76C4B4268C3F8E020E3E76A4E4C
:10EC2000416896F8300103F023FA00287FF47FAFA3
:10EC30006368C6F8E430D6E7416800293FF477AF4F
:10EC4000002001F005FA0028CDD0112070E74168BE
:10EC500000293FF46CAF0120F3E7416800293FF43D
:10EC600066AF0820EDE7416800293FF460AF092056
:10EC7000E7E7416800293FF45AAF0C20E1E741681B
:10EC800000293FF454AF0D20DBE7416800293FF431
:10EC90004EAF0E20D5E7416800293FF448AF0F2062
:10ECA000CFE74A4C484B007983F81901A36D984788
:10ECB000E36A984797E7444B027983F88C2092E700
:10ECC000414E037A8DF8043096F8480096F87D306E
:10ECD0008DF80530072201A901F0DDFB00283FF483
:10ECE00026AF636896F848000193002201A901F05D
:10ECF000D2FB00283FF41BAF6C36D4E9010186E853
:10ED0000030070E7304E037A8DF8043096F848001F
:10ED100096F87D308DF80530072201A901F0BBFB84
:10ED200000283FF404AFB436E7E7274E037A8DF8A6
:10ED3000043096F8480096F87D308DF805300722AB
:10ED400001A901F0A8FB00283FF4F1AED4E90101CC
:10ED500006F1740383E8030096F81831022B7FF460
:10ED600042AF96F83031002B3FF43DAF174BDB6AD2
:10ED70009847FEF761F936E7134E037A8DF80430B1
:10ED800096F8480096F87D308DF80530072201A9E5
:10ED900001F081FB00283FF4CAAEBC36ADE7436802
:10EDA000029301238DF80C30074B02A993F8480019
:10EDB00001F07EFB00287FF416AFB8E643680293AB
:10EDC0000023EFE728E5002064DF0020F898010821
:10EDD00003795A1E0E2A3FF6AAAE954A82F8683089
:10EDE00001E7934B42685A65FDE6914B42689A658C
:10EDF000F9E68F4B4268DA65F5E68D4B42681A6694
:10EE0000F1E68B4B42685A66EDE6894C037994F83B
:10EE100048008DF80430062201A901F03CFB0028CF
:10EE20003FF485AE9DF8043084F8DD30DBE6804C9D
:10EE300003798DF8043094F8480094F87C308DF80C
:10EE40000630052201A901F026FB00283FF46FAE31
:10EE50009DF8043084F83930C5E6754C037994F890
:10EE600048008DF804300A2201A901F014FB0028A3
:10EE70003FF45DAE9DF8043084F8DC30B3E66C4CB2
:10EE8000037994F848008DF80430092201A901F0B3
:10EE900002FB00283FF44BAE9DF8043084F8383074
:10EEA000A1E64368B3F5FA7F3FF641AE604AC2F887
:10EEB0009430D36497E65E4B027983F8982083F808
:10EEC000502090E65A4B4268C3F884208BE6584B9A
:10EED0004268C3F8CC2086E6012B40F0A480554C54
:10EEE0002421204603F0A4F9636A984201D0172038
:10EEF0001EE61C2104F1280003F09AF9636C984285
:10EF0000F5D14FF4807104F1480003F091F9D4F881
:10EF100048319842EBD1D42104F5A67003F088F96A
:10EF2000D4F820329842E2D1002104F5097003F0B0
:10EF30007FF9D4F824329842D9D14FF4607104F5A6
:10EF40000A7003F075F9D4F8A8359842CFD114218E
:10EF500004F2AC5003F06CF9D4F8C0359842C6D135
:10EF6000334E2146304640F2C45203F04BF920465E
:10EF700040F2C452002103F059F995F81B3485F88A
:10EF8000E833736FC5F8EC3396F87D3085F8F833C5
:10EF900040F20123A5F8FA33274B96F819019B6D2F
:10EFA000984720E68379012B3FF6C1AD204B42689C
:10EFB0004068C3F82C2100F0E5FE44E61C4B426893
:10EFC000C3F890200FE61A4B027983F81F210AE656
:10EFD000174B8288A3F8882005E6154B8288A3F892
:10EFE0008A2000E6124B8288A3F8D020FBE5104B64
:10EFF0008288A3F8D220F6E50D4B93F848200AB199
:10F00000062A12D1A288A3F8A025ECE5084B93F8B4
:10F0100048200AB1062A08D16268C3F8A425E2E5AF
:10F0200000F0C0FBD7E5012082E5182080E500BF95
:10F0300064DF0020A0D90020F89801082DE9F043F2
:10F0400089B00023ADF808300646002800F00F8193
:10F050000361FEF739FD20B10127384609B0BDE84C
:10F06000F08300F08DFD80460028F5D100F082FD90
:10F0700020B980481422414603F0D8F87E4D95F817
:10F080009134012243F0040385F8552485F8913426
:10F0900033788DF80C300021013B8DF80D20ADF850
:10F0A0000E100C2B00F2BA80DFE803F007B8B8B8F6
:10F0B0007880B8B88FB8AC99A800D5F8407317F02D
:10F0C0002007C9D196F80490B9F1020F46D1DFF8B4
:10F0D000AC916B4CFEF74AF83A4696F9051099F850
:10F0E000480001F032FA89F83900B37989F83830EC
:10F0F000384607238DF80D30FDF7CCFFFF2304F5CC
:10F100008670A5F80C3185F80471C5F8084102F045
:10F11000A1FF04F58A7002F057FF3846FDF714FE90
:10F12000074600284FD096F9051099F848000122AB
:10F1300001F00BFA89F83900D5F894343361002FC7
:10F1400070D000F017FD002887D195F8913485F82C
:10F150001A0460F3820385F891347EE7B9F1010F58
:10F160004FF002035AD1454C8DF81C3094F84800FA
:10F1700084F81D7104A901F089F9337984F83031DC
:10F180008DF80D708DF80E90FDF79AFC95F891347E
:10F1900043F0100385F89134C846CDE7002202A958
:10F1A000022000F01BFB70B11327C5E7354BB28876
:10F1B000DB6B96F90C10B0689847D5F8403343F0F4
:10F1C0000203C5F840330027B6E704A90D2000F07C
:10F1D0007BFB0028F7D0002202A90D20E1E7274B96
:10F1E00093F81831D3B9347904F0070000F0D3FA5A
:10F1F0008DF80840012202A91020D2E7002202A9BE
:10F200001220CEE78DF80F2000F0B6FA044638B988
:10F2100000F0AFFA204600F0B1FAD4E702278BE7FE
:10F22000012789E703A800F0F9FBB8F1000F3FF4CC
:10F2300014AF154B1A784AB901221A701348144BAF
:10F2400000973A464FF0FF3105F030FAD5F84033D9
:10F250000E4843F48073C5F8403305F085FA0A215F
:10F260000A4805F009FB094805F0CCFAF5E6032742
:10F27000F3E600BF7CE9002028E5002064DF0020E1
:10F280002AE50020F8980108F4D80020C4E90020FD
:10F29000E9CA00082DE9F04F99B08046059118B9E8
:10F2A000032019B0BDE8F08F00230361FEF70CFCCA
:10F2B0000446002840F0A58046460FCE0EAD0FC58F
:10F2C0001422524898F800A0B8F80C7098F90EB0C3
:10F2D0004F4E214602F0AAFF4E4B012283F84124F3
:10F2E00096F83021022A25460BD196F81821022AD9
:10F2F00007D196F81E2122B9BAF1010F38BF4FF09D
:10F30000010ABAF1010F2BD0BAF1030F2AD0BAF1DA
:10F31000000F33D102229DF83C30DDF8409002937B
:10F3200062F34715012496F87C108DF83210022202
:10F330000CA996F848008DF8302001F099F896F85D
:10F340001A3196F830C196F81D1140B2002B63D0E7
:10F35000BCF1010F57D1002955D1002C61D153E0E8
:10F360000422D8E70023DDF83C90BDF840709DF9F9
:10F3700042B0029365F01F050124D4E74FF0000B63
:10F38000D946CDF808B0CEE74FF0010084F81A0452
:10F39000D2E005F2B2420BA900F0D4FA002800F046
:10F3A00015811320049B33871A4B002283F81A24FB
:10F3B00023E105F2B2452A460BA900F0C3FA002862
:10F3C000EFD10B9B84F82801C4F82C5184F830311C
:10F3D000FCE0B9F1000F00F0F980002A00F0F6809F
:10F3E0004946E01C02F00EFF94F8373201332380C7
:10F3F000ECE01220D6E70220D4E70720D4E7132060
:10F40000D2E701204DE7FCB90220F6E068E90020D0
:10F4100064DF002028E50020002CF5D05845B8BF57
:10F42000584696F87C308DF82000052296F8480062
:10F430008DF8223008A901F02EF800283FF430AFF3
:10F440009DF8203086F839306F4A704BD2F8980416
:10F45000D3F8904038B105F04DF96C4B84423CBF75
:10F46000002283F83A20198F1A8F93F83001049103
:10F47000996A099152BA0028BFD093F81B0100B9CC
:10F48000186393F81801ADF85820013893F87C20E0
:10F4900093F81A411491D0F1000BD3F888108DF82D
:10F4A0005B204BEB000B93F8482093F83A0093F85D
:10F4B00068308DF85A3009AB0093554B03904FF0EC
:10F4C00001008DF84C0015918DF85C20A3F12F01FF
:10F4D000A3F1300213A88DF84D4000F0DBF8039B38
:10F4E0004FEA0B1B4BEA431B00264BEA801B4BEAFF
:10F4F000C413B145444C039308BF37463A464946C6
:10F5000004F59C70CDE90A669B46268084F81A644F
:10F5100002F078FEE9B2A570C5F34215FAB2042DE7
:10F520003A4E039B84F837223FF42EAF072D3FF469
:10F5300050AF022D7FF45FAF364D84F80D110420DB
:10F54000029984F80401FF2084F80C0184F8281142
:10F5500084F81431D6F8E410C4F8085105F59B730B
:10F560000AA8C4F8101184F83021C4F82C3100F036
:10F5700011FC00287FF43DAF0A9BA4F844040BA8BB
:10F58000A4F81631C4F84C3400F0D0F900287FF408
:10F5900008AF0B9BD3B196F93900FDF7B7FA94F891
:10F5A0003732002B3FF405AF0B9B0F2B3FF6F1AE2C
:10F5B00005F58B720BA90F2000F0C4F900287FF429
:10F5C000F0AE0B9B63F3030B84F814B10598FDF7C1
:10F5D000BBFB00287FF4E6AE099B86F83A00B362D5
:10F5E00000F080F900287FF40AAF94F8913484F891
:10F5F00040A443F0010384F89134034BD3F89434CE
:10F60000C8F810304DE600BF28E5002064DF002078
:10F61000CCDF00202AE5002037B50B4D8DF8040023
:10F6200004460F2295F8480001A900F034FF40B1CC
:10F63000064A85F81C4192F8913443F0200382F881
:10F64000913403B030BD00BF64DF002028E5002006
:10F6500010B5FFF795F8044688B90A4805F084F814
:10F66000094805F081F8094805F07EF800F094F8A3
:10F67000FDF77CFD064BDB6A9847204610BD012450
:10F68000FBE700BF90E80020A8E80020C0E80020C9
:10F69000F89801082DE9F04F8BB047780093149B40
:10F6A00090F90C8090F90D6090F80EB08A46416890
:10F6B000196004469146002F58D002238DF810306F
:10F6C00004A9C37B007C8DF8123000F0D1FEB4F8A1
:10F6D00008C0618943B26068984545466144B8BF37
:10F6E0001D46604534BF00270127884209D30A21FF
:10F6F0008DF81010207C019304A900F0B9FE019B45
:10F7000046B2B4F808C0608961680CEB400E7145E0
:10F7100019D3A1EB0C01B1FBF0FC00FB1C1191B95A
:10F72000984503DC2378CBB94FF0010B21238DF8EA
:10F730001030207CE37B8DF8115004A98DF8123035
:10F7400000F096FE45B2009B8AF80050384689F8D2
:10F75000006083F800B00BB0BDE8F08F0223207C7E
:10F760008DF8243006A900F091FEDDE74546EAE772
:10F770007047704770477047002070477047704768
:10F78000704700207047002070470020704700201D
:10F7900070470020704770477047704702207047DD
:10F7A0000220704702207047704700207047704762
:10F7B00070470020704700207047704770477047BF
:10F7C00010B5054C4FF403722046002102F02EFDC7
:10F7D0000020C4E9000010BD5CEA00202DE9F843D8
:10F7E0008146904600293CD01F4C2023224604F13C
:10F7F000100012F8017F6FBB8242FAD11B4E3368B2
:10F80000013403B93460736803B11C6000252560BE
:10F81000C4F8088074601FFA88F284F80490601DB0
:10F8200002F0F0FCB9F1110F4FF0000398BF104D3A
:10F830006373D6F8083298BF25FA09F503F101037E
:10F8400098BF05F0010543442573C6F808323846D1
:10F85000BDE8F883013B13F0FF030446C6D102273D
:10F86000F5E70127F3E700BF63EA00205CEA002028
:10F870002007020010B518B3124A1368984204D149
:10F8800003681360002305E00B46002BFAD01968CB
:10F890008842F9D15168884208BF53600BB10168B2
:10F8A0001960D2F808328168013B00245B1A0460B9
:10F8B0002146C2F80832102202F0B8FC204610BDE2
:10F8C0000120FCE75CEA0020054B1B6813B11A79A4
:10F8D0008242FAD1002B0B600CBF0320002070473E
:10F8E0005CEA002010B5054B186800B910BD037B19
:10F8F00004680BB9FFF7BEFF2046F6E75CEA00207C
:10F9000038B5084B084C186800B938BD037905684C
:10F91000112B05D824FA03F3DB0701D5FFF7AAFF63
:10F920002846F1E75CEA00202007020028B1044BDA
:10F93000D3F808320360002070470120704700BFF1
:10F940005CEA00202DE9F04107460E46154642B319
:10F9500039B3154B1C6800232CB93046FFF7E6FF7E
:10F960000020BDE8F081A268F91A0132914215D356
:10F970002279EA54581C22895FFA80F8611D55FAF1
:10F9800080F002F03FFCA368246898445FFA88F393
:10F99000E2E720462568FFF76DFF2C46002CF8D1E2
:10F9A000DBE70120DDE700BF5CEA00200238C0B2DF
:10F9B00011289ABF014B185C002070471392010870
:10F9C00030B50B4B93F820200446084672B1002155
:10F9D0001C330578A54208D001319842CDB214BF3E
:10F9E00004301038AA42F4D8002030BD1046FCE79D
:10F9F00068EC002010B5084C00232060142204F1AC
:10FA00000C00FF2184F82030C4E9010002F00EFC54
:10FA1000012384F8213010BD68EC002010B50E4A97
:10FA200092F82010042915D8936804781C70447843
:10FA30005C70C478807898700131DC7082F8201096
:10FA400002F11C018B4214BF043302F10C039360DA
:10FA5000012010BD0020FCE768EC0020094B93F862
:10FA6000200068B15A6803F11C018A4200F1FF309E
:10FA700014BF043203F10C0283F820005A60012005
:10FA8000704700BF68EC002010B5074B93F82020AA
:10FA90000446084632B15968FFF792FF10B10123BE
:10FAA0004470837010BD00BF68EC002008B5064BA1
:10FAB00093F820202AB15968FFF782FF08B14078F7
:10FAC00008BD0120FCE700BF68EC002030B50A4A01
:10FAD00092F82010536882F8210061B191680124E6
:10FAE0001C32DD78587005B99C70934214BF043302
:10FAF000103B9942F5D130BD68EC002008B5044BAD
:10FB00005968FFF75DFF003818BF012008BD00BF2E
:10FB100068EC0020F7B50422154E044600210DEBD9
:10FB2000020096F8207002F081FB0025EBB29F42A4
:10FB300001D803B0F0BD7368197821705A786270EB
:10FB4000987838B1336820469B689847FFF786FF5E
:10FB50000135EBE7DB788DF804108DF805208DF882
:10FB60000730FFF77BFF01A8FFF758FFF0E700BF62
:10FB700068EC0020014B93F82000704768EC0020EF
:10FB8000034B93F82000042894BF00200120704705
:10FB900068EC00201FB50024CDE90244C41F8DF895
:10FBA00000408DF801100C0AADF80420090C120C6D
:10FBB0008DF803108DF806208DF8073002461B0AD9
:10FBC000012168468DF802408DF8083002F097F95F
:10FBD000002818BF0E2004B010BD2DE9F04188B0F8
:10FBE00090460D460F9A0746002847D00024012171
:10FBF000CDE904448DF810109DF838108DF81510DB
:10FC0000ADF81630190CCDE900441B0ECDE90244C5
:10FC10008DF81930ADF81A20130C120E07948DF8D8
:10FC200018108DF81C308DF81D20E3B21E01002D38
:10FC3000F6B203DC002008B0BDE8F08101331021EA
:10FC40008DF81F3042466B460DEB010002F0EDF8D7
:10FC50000346A8B9102D28463E44A8BF1020694687
:10FC6000327811F801CB013382EA0C02984206F88F
:10FC7000012BF5DC103D2DB20134D6E70920DAE77F
:10FC80000E20D8E70138032815D8DFE800F0020875
:10FC90000C100A4B1B681B690B6000207047074B58
:10FCA0001B685B69F8E7054B1B689B69F4E7034B2E
:10FCB0001B68DB69F0E70520704700BF8CEC002073
:10FCC0002DE9F041C4B00C464A9E17461D468046B9
:10FCD000B8B3B1F5807F36D84FF4887200216846FA
:10FCE00002F0A4FA492300934FF48073ADF8043076
:10FCF0002B0C8DF80830330CADF80650ADF80A60C7
:10FD00008DF80C3022460023414604A82D0E360EF5
:10FD10008DF80E308DF809508DF80D608DF80F407C
:10FD200002F070FA04F110014B9A3B4689B2684622
:10FD300002F065F810B1012818BF0E2044B0BDE8EC
:10FD4000F0810920FAE70D20F8E7000010B590B126
:10FD50000A4C28220021206002F068FA2368084A31
:10FD60001A6000204FF0FF32C3E90302C3E9052205
:10FD7000C3E9072210BD0820FCE700BF8CEC00207F
:10FD800000010101024B1B6818600020704700BF92
:10FD90008CEC002030B1044B1B68DB68013303603E
:10FDA00000207047092070478CEC002013B5002319
:10FDB0000C460193CAB101A9FFF764FF18B9019B72
:10FDC000591C02D1146002B010BD99B2611A002909
:10FDD00001DD5C18F6E702D113600720F3E71B0C86
:10FDE0001B0403F580331C44ECE70920EBE700001B
:10FDF00028B1044B1B681C33436200207047092064
:10FE0000704700BF8CEC002013B50446D8B1114BED
:10FE10001A68938801339BB29380C38200F05FFA23
:10FE200098B904F11803009321680123132201F00B
:10FE3000DBFF60B9204600F052FA003818BF0120FD
:10FE4000000102B010BD0920FBE71020F9E70E20E9
:10FE5000F7E700BF8CEC0020F0B5054687B01C46E4
:10FE600013B9092007B0F0BD2E4E3368DB6883421A
:10FE700055D894F82020002A0CBF0822092283427A
:10FE800005D3204600F05FFA68B11020EAE70023AE
:10FE900001900093A36894F82810606AFFF79DFE14
:10FEA0000028EED0DEE723792168B4F808C0A768FF
:10FEB000043B9AB20029D4D0B2F5807F2DD8ADF89A
:10FEC0000EC08DF817304FEA174C04F12C033F0E8B
:10FED0008DF8117000932F0C08234FF0490EADF8E8
:10FEE0000C008DF814708DF816002F0E0DEB03002A
:10FEF000CDF808E08DF810C0ADF812508DF81570EF
:10FF000001F072FF08B10E20ACE7204600F01BFAAA
:10FF10000028BAD13368DD60A4E70D20A2E70620EF
:10FF2000A0E700BF8CEC00202DE9FF410A9D804630
:10FF30000F4616461C46002D5AD0002303A9104632
:10FF40000393FFF79FFE18B1062004B0BDE8F081CF
:10FF5000039B9C4201D80133F6D1284600F064F996
:10FF6000002847D1264B1A78424503D01A794245DA
:10FF700042D10120AA68BA4240D103EB8002EB6A69
:10FF800092F801802979CDE90043043992782868F4
:10FF90003B4689B2FFF794FE0028D6D195F8203071
:10FFA0000194002B4FF00103009314BF4246082236
:10FFB00095F82810686A3B46FFF70FFE0028C4D169
:10FFC000013E032EC1D8DFE806F002070B0F0D4BF0
:10FFD0001B681C611C62B8E70A4B1B685C61F9E78F
:10FFE000084B1B689C61F5E7064B1B68DC61ACE7BE
:10FFF0000920AAE70F20A8E70B20A6E70220A4E724
:020000040801F1
:10000000F4B300208CEC00201FB50B294FF0000347
:10001000CDE90033CDE902330A4607D00C2914D0CC
:100020000A2910D00A2005B05DF804FB012802D18E
:1000300020238DF800300021684601F060FF002881
:1000400018BF0E20EFE73023F3E70B21F4E70000A1
:1000500038B5054601F04EFF044610B10E24204687
:1000600038BD002DFBD1094B1B680B219878FFF799
:10007000CBFF0028F2D10C21FFF7C6FF0028EDD1FD
:100080000A21FFF7C1FF0028E9D0E7E78CEC002048
:100090002DE9F04380468FB00C461746002A6BD0FE
:1000A000002969D0002529461D2206A8059506F0DD
:1000B00030FB8DF81350344D2B680DF114099E88D8
:1000C000CDF804900DF1130302933B7900933B6844
:1000D00032462146404601F02EFF00284ED13868B6
:1000E0003A79494602F08EF8384600F04FF8002879
:1000F00046D13C7AFA79BB79240444EA02241C43B1
:100100002B689A6894423DD99C609DF813000B219E
:10011000FFF77AFF034658BB0C21FFF775FF034634
:1001200030BB0A21FFF770FF034608BB7B7ABA7A1F
:10013000FF7A3F0447EA02271F433A4633462146E7
:100140000920FFF727FD034690B933463A4621467A
:100150000820FFF71FFD034650B92A689DF81310C9
:1001600091700021D1604FF0FF31C2E9041191611B
:1001700018460FB0BDE8F0830923F9E70E23F7E72F
:100180000F23F5E70323F3E78CEC002010B50446BA
:10019000002845D00168002942D011F8013B437185
:1001A0000322063002F02EF82046032250F8091BE5
:1001B000043102F027F82168CB79E3600A7A43EA38
:1001C0000223E3604A7A43EA0243E3608A7A43EA1D
:1001D0000263E360CB7A23740B7B63742379212B56
:1001E0001AD110220D3104F1120002F00BF81D2279
:1001F0002168501C8B5C6362085C43EA0023901CFE
:100200006362085C033243EA004363628A5C43EA48
:1002100002636362002010BD112B03DC0D22E7E7AF
:100220000220F8E70120F6E710B50446002854D074
:100230000168002951D00B7843714B7883608A782C
:1002400043EA02238360CA7843EA024383600A795F
:1002500043EA026383604B7903738B79C381CA7964
:1002600043EA0223027BC38102F00F0208311030FF
:1002700001F0C8FF237B002203F00F0384F8202045
:1002800084F82820227903F10800111A04290DDDD1
:1002900021680933043AD21A085C84F82000D2B2EB
:1002A000606A84F82820194401F0ACFF23792268A1
:1002B0001A44002012F8043CE36212F8031C43EADB
:1002C0000123E36212F8021C43EA0143E36212F8DD
:1002D000012C43EA0263E36210BD0220FCE710B583
:1002E000044660B3036853B30279162A29D94279C8
:1002F0001A700146082251F8060B013001F08CFFFC
:100300002146082251F80E0B093001F085FF2368C1
:10031000E28A5A74E38A22681B0A93742368A269EA
:10032000DA74A36922681B0A13752368628B5A75F5
:100330002368E27E9A7517232371002010BD0120E7
:10034000FCE70220FAE738B50446002863D00168CC
:10035000002960D0037B90F8282003F00F03002AC7
:1003600057D10833207904321344984255D3637926
:100370000B702368A2685A70A36822681B0A9370E6
:1003800023686289DA702368E27A1A712368227B13
:100390005A712368E2899A71E38922681B0A21460F
:1003A000D371227B51F8100B02F00F02083001F0DC
:1003B00029FF237B94F8282003F00F0303F108059D
:1003C0002AB1226894F82010515503F109052068DC
:1003D00094F82820616A284401F014FF94F828302A
:1003E0002268E16A2B44D1545A1CE16A206892B217
:1003F000090A81549A1C2168E08D92B28854DA1C53
:10040000216894F82F0092B204338854237100209D
:1004100038BD0933A6E70120FAE70220F8E700001B
:10042000024B1A8810431880704700BF90EC0020E0
:1004300008B5074B1B883BB1FEF7A2F9002814BF93
:100440006FF00200002008BD6FF00100FBE700BF65
:1004500090EC002010B5034B00241C80FEF786F9B9
:10046000204610BD90EC0020B0FA80F040097047A3
:1004700082B018B9084602B000F0CAB8002002B035
:10048000704710B9084600F079B9704710B90846AE
:1004900000F090B970470346084611460BB900F0CA
:1004A000DDB90020704710B9084600F039BD70472B
:1004B00010B9084600F0FEB90020704710B4044699
:1004C000084611461A46019B14B910BC00F00CBA3C
:1004D00010BC70470346084611460BB900F036BA07
:1004E0000020704710B40446084611461A4614B955
:1004F00010BC00F0A3BA002010BC704730B4054611
:10050000084611461A46DDE902341DB9029430BC92
:1005100000F022BB002030BC704710B9084600F044
:10052000D3BB0020704710B9084600F037BD00204B
:10053000704710B9084600F0E2BB0020704710B9C0
:10054000084600F0DFBB002070470346084611460E
:100550000BB900F0F9BB0020704710B40446084600
:1005600011461A46019B14B910BC00F0EFBB0920DC
:1005700010BC704710B40446084611461A4614B918
:1005800010BC00F02DBDC8B210BC704700487047C9
:1005900003000102064B10B51B6A0446984730B1B0
:1005A0000448054B204498428CBF0020012010BD18
:1005B000F8980108403576C9405DC600F0B5114B8A
:1005C00085B00C4610491F56054600F089FF0F4BB9
:1005D000E4B25E6A072D4FF00103CDE90243014604
:1005E0000AD105220023CDE900234FF47A727A4321
:1005F0001846B04705B0F0BD08220020CDE9002024
:100600003A46F5E7E0920108C0920108F89801081F
:100610001FB5002300930378013B372B21D8DFE877
:1006200003F01C242020201E202020204143454E82
:100630002055585B5E6164206C1E6E73787A7D2055
:100640007F832620202020202020202020202020E2
:1006500085878C2020858C208E92C3780BB1022355
:100660000093009805B05DF804FB8378F6E74378C3
:100670008DF8043007238DF805308378003B18BFD0
:1006800001235B008DF8063010238DF80730314BC5
:100690001B6801A803F55872CDE9022300F000FFA2
:1006A0000090DEE74023DBE72023D9E7827890F94A
:1006B000013012B9284AD35CD2E7284AFBE7827896
:1006C00090F90130002AF8D1254AF4E740F6B83312
:1006D000C6E74FF47A73C3E74FF4FA63C0E741F219
:1006E0008833BDE741F27073BAE71E484FF47A7160
:1006F00001F06CFD00F5FA60D2E71B4BB0E7154B3B
:100700001B6803F55873ABE7124B1B6803F55B736B
:10071000A6E71023A4E70F4B1B68A1E701239FE77F
:100720004FF0834300939CE7104BFBE7104B97E798
:1007300040F21113ADF8003093E7032390E790F9EE
:1007400001300C4AB7E70C4990F9010000F0C8FEEF
:10075000A6E700BF98EC0020B5920108A592010819
:10076000AD92010818FCFFFF00EA06379A9909408C
:1007700040F70937E0920108C092010837B50B4BEA
:1007800002781B680C2101FB02335B7A03EB430404
:10079000074B1D6803690093C3684278816805EBC5
:1007A000C40000F0A7FC03B030BD00BF98EC0020EF
:1007B00094EC002030B587B0027B6423ADF80030A4
:1007C000012A4FF00003CDE90133CDE903338DF861
:1007D00002308DF8143028D0022A2FD01ABB0368BB
:1007E0000BB34368FBB11A4C80682360194B182285
:1007F0006946186001F006FD174B246893E807006E
:100800000C3384E8070093E8070004F10C05032388
:1008100085E80700A4F86C33012204F55B7104F548
:10082000587000F058FC07B030BD094908684360B3
:10083000036100F55B7100F55870F2E7044B1B682B
:10084000B3F86023B3F86C130A43A3F86023EAE714
:1008500098EC002094EC00201088010808B50346AD
:100860000A2924D8DFE801F006232323230B161BD3
:1008700023212100BDE808400068FFF78BBE90F9F6
:1008800000009978072271B900F0E5FB003818BF25
:10089000012008BD052293F900000021F4E790F93A
:1008A00000005978EEE70221EEE70722F3E7002087
:1008B000EFE7000008B502791AB1012A0BD0002039
:1008C00008BD084B01681B68012203F5587000F051
:1008D00002FC0120F4E7034B01681B6803F55B7021
:1008E000F5E700BF98EC0020F7B50728144D1C462B
:1008F000A8BF072058700E462946174600F0F0FDA5
:1009000094F90130A070072B13D1322000F0E8FCDD
:100910000C4BDB6D0546984704F10C020834034686
:10092000019200943A463146284600F0DEFC03B0BE
:10093000F0BD054A55F82310D05C00F0C9FCE7E78C
:10094000C0920108F8980108E09201082DE9F04FE3
:10095000344F90F901607B68D0F804908BB0044666
:10096000884698470546002859D1E37C73B92E4A3A
:100970002378126803EB4303990002EB8303D3F857
:100980000490B9F1000F01D152F80190274B48466D
:1009900013F906B0FB689847A37C2289D7F818A002
:1009A0000993072E28D100230121CDE90223204AF3
:1009B0000693CDE90431CDE907330521CDE90021C6
:1009C0004FF47A7202FB0BF24CF250311846D047CA
:1009D000637C13B3174B995D7B6D0D31C9B228460B
:1009E0009847E07C3246494600F08CFD88F800606C
:1009F00001200BB0BDE8F08F002101250823CDE9CF
:100A00000013CDE90715CDE90511CDE903110292D7
:100A1000A1782B465A462846D9E7074BDBE700204A
:100A2000E7E700BFF898010898EC0020E092010881
:100A300085450100AD920108B59201082DE9F04FFE
:100A40008DB090F90130DFF8FCA0DFF8FC90CDE923
:100A50000A123E4A12F903B00278DAF800300C2587
:100A600005FB02333A4A5B7A126803EB430302EB5D
:100A7000C303044693F9021090F9020000F02BFD25
:100A80003449064694F9010000F02AFDA268616825
:100A90008046304600F051FC2178DAF80020D9F881
:100AA0000C306943074650589847D9F81C309C468B
:100AB00094F901300025072B4FF47A63CDE90753F1
:100AC000CDE905552DD10123CDE903530523CDE90A
:100AD00001534FF47A7303FB0BF3009339464346FB
:100AE00046F2A81228466746B8472378DAF800206D
:100AF0000C214B4394F90110D05800F025FDA18939
:100B000094F90100FFF75AFD0B9B217B1860D9F87F
:100B10005430284698470A9B01201E700DB0BDE84E
:100B2000F08F01200823CDE90350CDE901032A46C7
:100B3000CDF800B0654643463946A8470120054632
:100B4000D3E700BF98EC0020F8980108E092010874
:100B500094EC0020C09201082DE9F04F8FB00024E2
:100B600005468A46914698460494ADF81440ADF87F
:100B7000024007264FF0010B2B7AA34206D9686882
:100B800004A9204400F03CFB00285DD102238DF82D
:100B9000083002A86B7A8DF80A30FFF739FDAB7A7E
:100BA0008DF81D309DF811308DF81E309DF81230F3
:100BB0008DF81F309DF810308DF82030EB7A8DF8CD
:100BC00021302B7B8DF822306B7B8DF82330102366
:100BD0008DF81C608DF824303A4E8DF82C000DF104
:100BE00002030A93072332688DF82D30ADF83430B4
:100BF0002B680C9206930DF1120204AB0DF111015A
:100C000006A800F017FB072805460BD130680C2218
:100C1000002100F5587001F009FB3368BDF802208F
:100C2000A3F860239DF811308AF800309DF8123047
:100C300089F800309DF8103088F80030189B28465D
:100C40001C700FB0BDE8F08F9DF81330BDF8147024
:100C5000ADF802702044C4B2F3B917B3194A0020AA
:100C60001168072602464FF00C0C062B1BD10CFB1B
:100C700000FE51F80EE0BEF1000F04D00BFA00F2B6
:100C80003A4397B2012201301028EED1002A3FF4F6
:100C900073AFADF802706FE75A1E042A01D9062B14
:100CA000DCD0062668E747FA00FE1EF0010FEAD006
:100CB0000CFB00FE51F80EE0BEF1000F08BF062647
:100CC000E1E700BF98EC002038B505464068FFF723
:100CD00061FC0722841D002195F90000E4B200F0B8
:100CE000BAF908B904F0FD0495F9010007220021C2
:100CF00000F0B1F908B904F0FB04204638BD00202B
:100D00007047000010B503780F2B044618D84068D0
:100D1000FFF740FC22780B4902EB42020968831C72
:100D200001EB820051F82220DBB21AB903F0FD0377
:100D300058B210BD032B06BF626842600223F7E77A
:100D40000020F6E798EC0020022070472DE9F041E2
:100D50003A4D0446286896B00E46904600211F463C
:100D60000122032300F55870CDE90411CDE90611E5
:100D70008DF80C108DF80D10ADF80E3000F08DF9D7
:100D800030B92A68B2F8603343F00303A2F8603345
:100D90002A68637A8DF8203002F55871CDE909127E
:100DA000274A94F9083012680B921022ADF83020CF
:100DB0000DF10E020D9222680E9262680F92D4E934
:100DC0000301A27A8DF8402001228DF8412011AA5A
:100DD00082E80300227DE18A8DF8213018468DF8E3
:100DE0004C20FFF7EBFB08AB15930DF10D031490AE
:100DF0000093CDF8048003AB04AA39460EA800F096
:100E00000BFB044678B99DF80C10013901F0DEF9AE
:100E100000F158030DEB030010F8483C33702046F6
:100E200016B0BDE8F0810C2801BF2A68B2F8603323
:100E300043F00303A2F86033F1E700BF98EC002011
:100E400094EC0020F8B50679012E054648D90F2EFE
:100E500048D80368187A40F303000722002140B203
:100E600000F0F9F82B680446187A40F303100722C3
:100E7000002140B200F0EFF8B8B1B4FA84F464098C
:100E800029680B7A086843F3030243F303135BB248
:100E900052B29A42C8BF0124FFF77CFB80F00103E5
:100EA000DBB224B10533D8B2F8BD0124E8E7DBB9E1
:100EB0000E4F29683B6806EB460003EB80000C22CE
:100EC00001F0A0F93A680C2303FB062320465C726C
:100ED000B2F860130123B3400B43A2F86033E3E799
:100EE0000620E1E70320DFE70420DDE798EC00209F
:100EF00010B4017801290ED9084B18680C234B4314
:100F0000C4180022C250C4E9012200F5587010BC78
:100F1000102200F0A9B8002010BC704798EC002007
:100F20002DE9F04186B050238DF81430037A102B50
:100F3000074630D14368DD7B6DBB0224A84664269A
:100F4000062C14D87A68535D03932A44517843EAF7
:100F500001230393927843EA02437343CDE90338B4
:100F600063B968468DF80040FFF7C2FF0DE0CDF889
:100F70000C808DF81480CDF81080F2E703AB01A847
:100F800001938DF80840FFF75DFF0134E4B2102CA7
:100F900005F10305D4D106B0BDE8F0811FB50268A4
:100FA0000379116849B901A88DF80430FFF7A0FF53
:100FB00078B1032005B05DF804FB02A802928DF819
:100FC0000C30FFF73FFF042805D0052805D0002886
:100FD000EFD00020EEE70220ECE70120EAE7000076
:100FE000C90020B9034B0B449856C0B27047024B5E
:100FF000F9E700BF6592010825920108F0B59A4211
:10100000069D03DB9DF914309A4220DD0020F0BDDF
:1010100003EB430331F814C005EB830300264CFABD
:1010200006F7FF0707D51F7A07F00F0E964502DC7B
:10103000B2EB171F0DDD0136102E03F10C03EED1BC
:101040000134E4B22301DBB29842E1D8DEE70024A8
:10105000F8E70120DBE7884204DB9042CCBF0020A8
:10106000012070470020704710B51409B4EB111F20
:1010700003464FEA11100ED391420CD202B201F096
:101080000F0133F81240012000FA01F124EA0101B6
:1010900023F8121010BD0020FCE7F0B528B100EBDA
:1010A000410501270020914200D3F0BD002435F80E
:1010B00002CB234607FA04F636EA0C0608BF0133D2
:1010C00004F1010408BFDBB2102CF3D11844013144
:1010D000C0B2C9B2E7E710B500B149B910BD31F8E7
:1010E000134020F813400133DCB2A242F7D8F5E7F1
:1010F0000023F9E782B0019303885AB9642B38BF03
:101100006423C26859438A428CBF521A0022C260CB
:1011100002B07047012B38BF0123F2E72DE9F74FEA
:101120000C4692469846064603F0DAFA304FDFF84E
:10113000C4B00190182313FB0A4A00254FF0FF3971
:10114000544507D1002D14BF48464FF0FF3003B07F
:10115000BDE8F08F606803F0CDFA0D9B228876BB66
:101160002549642A49F6AF2C38BF6422634598BFED
:10117000394621616EBBB3F5616F2AD3DFF87CC0BD
:1011800049F6AF2E734588BFDC46604504D2A3689C
:101190009C4501D163681BB9019BE160C4E9013C36
:1011A0000F9B5A43E368934203D8B8F1000F12D162
:1011B0008EB1012323751D44EDB21834C0E7B8F198
:1011C000000F04D0012A38BF01223946D1E7E76079
:1011D000F8E7BC46D9E700238A422375EDD2A2681E
:1011E000824228BF131A994528BF99460135E3E783
:1011F00080EE3600809B820770460D00803F5C02C7
:101200000378032B14D1437803F00F021B098A7073
:101210004B7083788B80C27843EA02238B800379FA
:10122000C3F3021203F00F03CA700B70052070475E
:10123000002070472DE9F3479A464379057990F9E4
:1012400007609146044690F906208846D3B190F98C
:101250000870002D37D00F2A1BD194F909200F2ECA
:1012600027D194F90A00072D02D1002F08BF0127CA
:1012700088F8002089F8000028468AF8007002B03B
:10128000BDE8F08790F90B7090F9092090F90A6099
:10129000DFE7A369019394F91530009394F91430B2
:1012A0002169207BFFF7AAFE0028D8D105F0FD05B3
:1012B000D5E794F91D00B042D5DC94F91C30B34257
:1012C00003DA05F0FB053046D2E73046CBE70000F5
:1012D000024B03FA00F0B0FBF1F0704740420F0000
:1012E0004FF4FA53B3FBF0F0704730B54FF47A7512
:1012F0000C1F6A4300FB042252001EBF00F1FF34A2
:101300001219B2FBF0F2914238BF1146039A1160F4
:10131000820048431CBF013040084FF47A71121A12
:1013200001FB1323002BCABF03F2E73393FBF1F158
:10133000B3FBF1F1049B196030BD38B54000144691
:101340000D46EFF70FFD01462846EFF759FC214601
:10135000EFF756FCEFF7D0F807F0B2F9EFF7D4FB50
:1013600040B238BD2DE9F74F019300239C469E46BD
:10137000048A1E01F6B2B44246D906EB46054FEA8E
:101380004309AD000024476837F809702741FF077B
:1013900029D5876807EB050A7F5927B3077837B93E
:1013A000476927B137F809702741FF071BD59AF81D
:1013B000087090F901B047F303084FFA88F8D84550
:1013C00011DC47F303177FB25F450CDB9AF8097015
:1013D00007EB4708C76807EBC8073F7D5FB90CF10B
:1013E000010C5FFA8CFC0134102C05F10C05CAD1FC
:1013F0000133DBB2BCE70EF1010706EB040801F88C
:101400000E805FFA87FEEEE7019B82F800E083F82A
:1014100000C003B0BDE8F08F2DE9FF4704464068E7
:10142000DDE90C671D468A46914603F063F923689F
:101430001B1A3B604FF000080123337085F80080D1
:10144000636813B12368834224D8D4F81CC0CAF857
:101450000080A3699CF800E00393D4E9030101AB89
:1014600083E80300237D0093DCF80C10237A627A72
:101470007046FFF753FE334638602A46E069494616
:10148000FFF770FF2B782BB1C7F80080002004B065
:10149000BDE8F0873378002B0CBF0C200B20F6E75B
:1014A00037B590F9002090F90250954204460FD0CC
:1014B000013A52B295420BD0A368019394F90130DE
:1014C00000936168E0782B46FFF798FD0028EFD085
:1014D000104603B030BD8842B8BF084670470000D0
:1014E00051F82000054B984205D0054BC31A5842CD
:1014F0005841400070470120704700BF90D0030062
:1015000020A1070005281FB50ED80C4B53F820303A
:101510000093CDE901120A4B01220021022002F0C2
:1015200035FE05B05DF804FBCDE90012054B012244
:101530000021022002F02AFEF3E700BF50930108C9
:10154000E89201080793010807B5054BCDE90001B2
:1015500001220021022002F019FE03B05DF804FB15
:101560002393010810B5102204460021F13000F049
:101570005DFE0021C4F814112046F022BDE81040A1
:1015800000F054BE02460846102100F0A5B92DE92E
:10159000F0430446D0F8140185B00E46154604F217
:1015A000011988B3C0F110089045474628BF174677
:1015B000BAB2484400F026FED4F814313B440F2B55
:1015C000C4F814312DD9A8452BD204F1F00304F549
:1015D000807113F8012F187C8B4282EA00021A7086
:1015E000F7D104F1F10810224146684600F00AFEE6
:1015F00022466946684600F0F1F9102269464046E5
:1016000000F000FE3E44ED1B04F5807804F1F10784
:10161000102D09D8AAB23146484600F0F3FDC4F8AF
:10162000145105B0BDE8F08304F1F003711E13F806
:10163000012F11F8010F434582EA00021A70F6D11A
:1016400010223946684600F0DDFD224669466846AC
:1016500000F0C4F910226946384600F0D3FD103678
:10166000103DD5E7F0B589B00C46102200210546A3
:10167000684600F0DBFD22466946684600F0AEF998
:101680009DF90030002B6A464FF0000143DA1378D1
:1016900012F8010F01315B0043EAD0130F2902F861
:1016A000013CF4D19DF80F305B0083F08703D4F840
:1016B0001401DBB210288DF80F303BD104F5807394
:1016C000694604F5887013F8016F11F8012B9842F0
:1016D00082EA06021A70F6D104F1F00304F5807173
:1016E00013F8012F187C8B4282EA00021A70F7D19E
:1016F00010220DEB020004F1F10100F083FD2246FF
:10170000294604A800F06AF910220021684600F07A
:101710008DFD09B0F0BD137812F8010F01315B00A7
:1017200043EAD0130F2902F8013CF4D19DF80F30A1
:101730005B00BCE79DF90030002B6A464FF00001CA
:1017400037DA137812F8016F01315B0043EAD613E0
:101750000F2902F8013CF4D19DF80F305B0083F0B3
:101760008703471CDBB28DF80F30102F04EB00030A
:10177000C0F10F064FF0800288BF002600F581708F
:1017800083F801210021324620443E4404F0C1FF89
:10179000C4F8146104F58073694604F5887013F881
:1017A000016F11F8012B984282EA06021A70F6D1F5
:1017B00092E7137812F8016F01315B0043EAD61308
:1017C0000F2902F8013CF4D19DF80F305B00C8E707
:1017D0000A780378534003704A7843785340437043
:1017E0008A78837853408370CA78C3785340C37033
:1017F0000A790379534003714A794379534043711D
:101800008A79837953408371CA79C3795340C3710C
:101810000A7A037A534003724A7A437A53404372F6
:101820008A7A837A53408372CA7AC37A5340C372E6
:101830000A7B037B534003734A7B437B53404373D0
:101840008A7B837B53408373CA7BC37B5340C373C0
:10185000704710B50B7814786340037054784B7858
:101860006340437094788B7863408370D478CB78EE
:101870006340C37014790B796340037154794B79D9
:101880006340437194798B7963408371D479CB79C8
:101890006340C371147A0B7A63400372547A4B7AB3
:1018A000634043728B7A947A63408372D47ACB7AA2
:1018B0006340C372147B0B7B63400373547B4B7B8D
:1018C00063404373947B8B7B63408373CB7BD27B7E
:1018D0005340C37310BD0000A1F11003DBB2102B05
:1018E0002DE9F047044604D83A4820FA03F3DB0711
:1018F00005D4002382F8F030FF20BDE8F087561EA3
:10190000254615F8013B06F8013F631B0B4413F015
:10191000FF00F6D101F11C039B005FFA83FCC3F3C7
:101920000313013BDFF8B09082F8F030884653187B
:101930004FF0010EB8FBF1FA01FB1A8A1AF0FF0A08
:1019400013F8047C13F8036C13F8025C13F8014CD1
:1019500030D119F806A019F8056019F8045019F8E3
:1019600007404FEADE1707EB47078EEA0A0A07EB44
:10197000C7074FEA4E0EFFB25FFA8EFE87EA0E0EE1
:10198000574692F800A087EA0A071F7057787E40F2
:101990005E70967875409D70D57808F104085FFAFE
:1019A00088F86C40C445DC7002F1040203F10403C2
:1019B000C0D8A2E71829E4D9BAF1100FE1D1DFF8B5
:1019C00018A01AF807701AF806601AF805501AF8E5
:1019D0000440D6E701010100689501082DE9F04FA8
:1019E000A3B092F8F0301D911B920193002B00F0F0
:1019F000538101461EA8FFF72CFF1B9BA74CA84D47
:101A0000A84E10330293002303939DF87C000490AA
:101A10009DF886000590205C06909DF87B0007905D
:101A2000205C089004989DF881C0205C099014F80F
:101A30000C000A909DF880000B909DF885009DF8A1
:101A400078809DF87DE09DF882A09DF887900C90AD
:101A50009DF87A00029B1C9314F80A2014F80930B0
:101A600014F8081014F80E700D90205C0E909DF87C
:101A70007F000F90205C10900B98205C11900C98C8
:101A8000205C12909DF8840013909DF879001490CA
:101A90009DF87E001590205C16909DF883001790AD
:101AA000205C18901398205C19901498205C1A9070
:101AB0000398013003900298DDF804B010300290D2
:101AC0009DF80C00834536D88DF878108DF87A2073
:101AD00009990E9A8DF87C108DF882201199069A3A
:101AE0008DF880108DF87E201999169A8DF8841043
:101AF0008DF886200A99189A8DF87D108DF8872028
:101B00001299109A8DF87B301B9B8DF881108DF8FF
:101B100083201A99089A1D988DF885108DF87F20DA
:101B20001EA903EB0B128DF87970FFF792FE0020CF
:101B300023B0BDE8F08F15F808B082EA03008BEA05
:101B4000000016F80EB080EA0B008DF8780015F84A
:101B50000E004B40434016F80A0043408DF87930A0
:101B600081EA070315F80A10594016F80930594060
:101B700016F808308DF87A107A40534015F809208D
:101B800053408DF87B30089A069B5340049AAA5C18
:101B9000534016F80C2053408DF87C30DDE90832B4
:101BA0005A4015F80C305340059AB25C53408DF8FA
:101BB0007D30DDE909325A40059BEB5C5340079AC2
:101BC000B25C53408DF87E30069B0A9A5340049ACB
:101BD000B25C5A40079BEB5C5A408DF87F200E9B0D
:101BE000109A53400B9AAA5C53400C9AB25C534033
:101BF0008DF88030DDE910325A400C9BEB5C53408D
:101C00000D9AB25C53408DF88130DDE911325A40B3
:101C10000D9BEB5C53400F9AB25C53408DF88230C1
:101C2000129A0E9B53400B9AB25C5A400F9BEB5C8E
:101C30001C995A408DF88320169B189A5340139A8A
:101C4000AA5C5340149AB25C53408DF88430DDE9AD
:101C500018325A40149BEB5C5340159AB25C5340C7
:101C60008DF88530DDE919325A40159BEB5C534005
:101C7000179AB25C53408DF886301A9A169B5340DF
:101C8000139AB25C5340179AAA5C1EA853408DF871
:101C90008730FFF79DFDB8E6FF2049E7689501080A
:101CA000689401086893010808B538B1044A0549E9
:101CB0001060D82200F0A6FA002008BD0220FCE740
:101CC0009CEC0020642E02080A4B1A6870B50023B1
:101CD00002F1180503EB03142E5D864204D118347B
:101CE00022440A60002070BD01330B2BF2D1032087
:101CF000F9E700BF9CEC00202DE9F041CCB006468E
:101D0000DDF8488117461C460D4631B3B8F1000F87
:101D100023D006A8FFF726FC204601A9FFF7D4FF31
:101D20000446B0B9019906A80131FFF72BFC26B192
:101D30001022314606A8FFF72AFC3A46294606A893
:101D4000FFF725FC06A902A8FFF78CFC029BC8F848
:101D5000003020464CB0BDE8F0810224F9E70000D5
:101D600030B595B013A90446FFF7AEFF002830D177
:101D70001B4B0C2101FB00F2D5189A5CA2422AD120
:101D8000139B1A7C1092DA7B0F929A7B0E925A7BED
:101D90000D921A7B0C92DA7A0B929A7A0A925A7AFC
:101DA00009921A7A0892DA7907929A7906925A7900
:101DB00005921A790492DA7803929A7802925B7803
:101DC00001930022AB6800931146064B022002F0FB
:101DD000DDF915B030BD01300B28CBD1F9E700BFDC
:101DE000E09701086896010810B40B2B019C03D8FA
:101DF000019410BCFFF780BF032010BC704730B5C2
:101E00000D4685B01446014668B103AA0020009231
:101E10002A460390FFF770FF18B90398001B18BFFC
:101E2000012005B030BD0220FBE72DE9F0430D464F
:101E3000BFB014469946804620B31BB311F00F0182
:101E400022D1F02201A800F0F1F920466946FFF7FF
:101E50003BFF044648B9009801AA10210130FFF762
:101E60003BFD2E46AF1BFFB21EB920463FB0BDE87A
:101E7000F08301AA09EB070108EB0700FFF7AEFDAD
:101E8000103EEFE70224F0E70524EEE7F0B5184E28
:101E90003468024685B00846002304F1180103EBBC
:101EA00003154F5D97421ED10D2A05F1190513D177
:101EB0000023CDE90033CDE902330C2210216B461B
:101EC000FFF7B3FF0446306810226946284400F04B
:101ED00099F9204605B0F0BD01461022601900F0C6
:101EE00091F90024F5E701330B2BD8D10324F0E757
:101EF0009CEC002009B1FFF7C9BF022070471FB555
:101F00001446A0B10C2A01D10B2912D10023CDE92E
:101F10000033CDE902330A466B461021FFF785FFF7
:101F200018B969462046FFF7B1FF04B010BD022082
:101F3000FBE70320F9E7F8B51E46DDE907479DF802
:101F400018505BB354B34FB3212D29D819462A46F4
:101F5000204600F057F90122631C691EB018FFF7F4
:101F600064FFF8B9E37ADB093B70EBB963192046EB
:101F700013F8012C13F8021C120642EA014213F86E
:101F8000041C0A4313F8031C012342EA0122291FFF
:101F9000FFF735FF003818BF0120F8BD0220FCE72D
:101FA0000520FAE70720F8E70420F6E708B5014620
:101FB00030B1044B0822186800F024F9002008BD55
:101FC0000220FCE79CEC002008B530B1044B08224D
:101FD000196800F017F9002008BD0220FCE700BFD7
:101FE0009CEC00207FB5124E0023044602A801930A
:101FF0000D46FFF7E9FF33685B6901936CB102AAF4
:10200000082312F8011B41B9013B13F0FF03F8D17B
:1020100002A8A04702A8FFF7C9FF35B1019B23B969
:1020200001A8A8473368019A5A61002004B070BD26
:102030009CEC002008B5014638B1054B1868082211
:10204000104400F0DFF8002008BD0220FCE700BFCC
:102050009CEC002008B538B1044B196808221144E3
:1020600000F0D0F8002008BD0220FCE79CEC002026
:10207000034B1B6802280CBF19615961002070478F
:102080009CEC002049B1064B1B68D3E904230228CD
:1020900008BF13460B60002070470220704700BF46
:1020A0009CEC002030B58FB0002405460CA80994A4
:1020B000FFF78AFF9DF8373007939DF83630069377
:1020C0009DF8353005939DF8343004939DF83330F6
:1020D00003939DF8323002939DF8313001939DF8BF
:1020E00030300093224621461E4B022002F04EF86B
:1020F0000AA8FFF7AFFF9DF82F3007939DF82E3009
:1021000006939DF82D3005939DF82C3004939DF88F
:102110002B3003939DF82A3002939DF829300193C8
:102120009DF82830009322460F4B2146022002F0F2
:102130002DF809A92846FFF7A5FF9DF82430039341
:102140009DF8253002939DF8263001939DF82730A5
:1021500000932246054B2146022002F017F80FB0EB
:1021600030BD00BFC49601080297010840970108DE
:1021700008B50020FFF7F4FD0120FFF7F1FD09206D
:10218000FFF7EEFD0820FFF7EBFD0020FFF78AFFC9
:10219000002008BD10B504460B20FFF7E1FD0C2020
:1021A000FFF7DEFD0920FFF7DBFD0820FFF7D8FD74
:1021B0000A20FFF7D5FD2046FFF774FF002010BD71
:1021C000014B1860704700BFFCB300200B4A30B5CC
:1021D00014680B4D43F2390305FB04331360091AED
:1021E0006FF00042B3FBF2F2C2EBC27201319B1AF4
:1021F00093FBF1F201FB1233184430BDFCB3002015
:102200006D4EC64101380A44914200D1704711F821
:10221000013B00F8013FF7E710440A44914200D126
:10222000704711F8013B00F8013DF7E704F071BA7F
:1022300030B530B10A4D01444FF0FF33814201D136
:10224000D84330BD10F8012B5340082243F300045B
:10225000013A2C4092B284EA5303002AF6D1EDE70A
:102260002083B8ED01207047034B1B6813B15B68F6
:1022700003B11847704700BF2CED0020034B1B68CB
:1022800013B1DB6803B11847704700BF2CED002085
:10229000012070470120704701F01EB901F008B914
:1022A00010B501F0F3FD0E21044640F61F1001F0B9
:1022B000FFF82046012101F0D3FDBDE8104001F0F8
:1022C000B1BA000070B50C4E01EB40030D46B3658A
:1022D0004FF6FF71002304461A46084601F038FB0A
:1022E00096F85600002101F0BBFD29462046BDE8C6
:1022F000704001F06FBA00BFD0EC002010B504466A
:1023000001F084FE012818D101F088FE34B1104894
:10231000214602F0B1FA0E4802F074FA0D4C002189
:1023200094F85600A16501F09BFD63786BB16FF0E6
:102330007F40BDE8104001F031BA002340F2622135
:102340001A46084601F004FBE0E7A0688001F0E7C8
:10235000A0EC0020D0EC0020002001F09FB900008C
:1023600008B501F09FF80438C0B2032896BF024BAD
:102370000020185C08BD00BFC298010808B501F034
:102380009AFD033008BD01F029B901F0E9B808B59C
:1023900001F0E0FC08BD000038B50D46144601F020
:1023A0003DFB284601F072FD0E21054640F61F1048
:1023B00001F07EF828460121074D01F051FD01F0A2
:1023C00031FA4FF47A716143284602F055FA2846F3
:1023D000BDE8384002F016BAB8EC002001F01EBB90
:1023E00008B5084B002193F8560001F039FD002391
:1023F0004FF4C0711A46084601F0AAFABDE8084039
:1024000001F004BAD0EC002010B5044601F0FEFD46
:10241000012818D101F002FE34B11048214602F023
:102420002BFA0E4802F0EEF90D4C002194F85600FC
:10243000A16501F015FD63786BB16FF07F40BDE8D9
:10244000104001F061B9002340F262211A460846AB
:1024500001F07EFAE0E7A0688001F0E7A0EC002040
:10246000D0EC002008B54FF0040001F0FDF8BDE805
:1024700008400220F2F7D8BE08B500231A461946D4
:10248000184601F065FABDE8084001F053B90000B4
:102490001D4B73B51D4D186000241D486C70C5E9B7
:1024A0000144AC6501F07EFAAC8101F0E9F9214606
:1024B000204601F031FC21460422012001F0E2FA1D
:1024C000144E154D4FF6FF7123462246084601F083
:1024D0003FFAFFF7C7FF2246104B00944FF0FF3141
:1024E000304602F0E3F80E4B009422464FF0FF31E5
:1024F000284602F0DBF8304602F036F9284602B0F2
:10250000BDE8704002F030B92CED0020D0EC002086
:1025100095340108B8EC0020A0EC002069220108E5
:102520007D2201080128084805D1084BC1771970A0
:102530000E3001F08DBB437D012B03D1034B817520
:102540001970F5E7704700BFD0EC002000B4002000
:102550000D4B10B5044618735873012000F016F89F
:102560005CB134214FF4E86000F0A2FF4421BDE8E3
:10257000104040F2417000F09BBF14214FF4E8601E
:1025800000F096FF2421F2E7D0EC002038B5114C82
:102590000546207001F047FD052D04D8DFE805F061
:1025A000090B03171709032001F056FA0023637380
:1025B00038BD0020F8E7012001F04EFA207B637B54
:1025C0008342F5D06073BDE83840FFF7C1BF0220F9
:1025D000EAE700BFD0EC00202DE9F0431E4687B0AB
:1025E00000230546CDE901330C46174601F00DFDE9
:1025F000032D5BD8DFE815F07A00C1000C01040060
:10260000A27C082A69D8A16801A801F0C5FE21684A
:10261000002962D042F210729142E37C874D50D87B
:102620000322AA7385F83820E96385F844304FF017
:1026300002086368A17DDB002B820423AB74A37CBA
:10264000DB00EB7402294FF000032B75637D02D091
:10265000227D022A46D103F10F02D2B2012A01D90A
:10266000012B3AD1764B774A196803944FF0010950
:1026700003A88DF8149001F0C5FC70BB287685F88E
:1026800017906875FFF768FE4046FFF77FFF6E48BA
:1026900001F072FA6D4801F0DBFA01A800F070FF5A
:1026A000208A00F041FFA08900F086FF384601F043
:1026B000EDFB624C84F8560001F0ACFC6660002033
:1026C0000DE04FF00008E963890885F80E8085F871
:1026D000388085F844302964ABE74FF0FF3007B00D
:1026E000BDE8F083EB7529766A75CBE72368002B8C
:1026F000F3D0A27C082AF0D8504DA16801A801F0BF
:102700004BFE002385F838302268EA63E27C85F8C6
:102710004420A269AB732A646268D2002A82042230
:10272000AA74A27C2B75D200EA74A27D022A02D080
:10273000237D022B1CD1627D02F10F03DBB2012B42
:1027400001D9012AC9D13E4B3E4A196803944FF082
:10275000010803A88DF8148001F054FC0028BCD1B6
:10276000287685F817806875FFF7F6FD00208CE75E
:10277000617DE9752A766B75F6E7304D012185F8A4
:102780003810227885F85020637885F85130A37886
:1027900085F85230E3788B4202D0022B03D03BB94C
:1027A00085F8533004E00B3A012A29D885F85310F4
:1027B0004FF0010885F80E80A388AB83A379AB772F
:1027C000E37985F82030237A85F82130FFF7C4FDBE
:1027D0004046FFF7DBFE1C4801F0CEF91B4801F034
:1027E00037FA95F85130062B40F689000AD100F0EF
:1027F00073FE00F0FB0140F6890000F059FE55E73A
:102800000023CDE700F068FE40F00401C9B2F2E712
:102810002368013BB3F57A7FBFF45FAF0320FFF776
:10282000B5FE0648022380F83830236883641623F7
:1028300080F84C30383001F09FF937E7D0EC0020B9
:102840002CED0020B8EC002008ED0020DEEC00208C
:10285000F0B51E4687B00023CDE901331446074684
:102860000D4601F0D2FB002C724C16BF0123002351
:102870000026637027B1012F7AD0002007B0F0BD89
:10288000AB68002B00F0D380EB68002B00F0CF800A
:10289000AA7F082A00F2CB80296901A801F07CFDFB
:1028A0002868003818BF012000F0C6FF84F838708F
:1028B000AB68E36395F8203084F84430686801F031
:1028C00047FBA77384F84500EB68DB002382EB7FAE
:1028D000A374AB7FDB00E37495F82130237595F882
:1028E0002230002B3ED12A7D95F82410A2750229B2
:1028F00095F8232001D0022B36D102F10F03DBB271
:10290000012B02D9012A40F0928000238DF8143067
:10291000494B4A4A1968049503A801F073FB002843
:1029200040F0858001232076E3756075FFF714FD84
:102930000020FFF72BFE424801F01EF9414801F04C
:1029400087F901A800F01CFEA88B00F0EDFD288B94
:1029500000F032FE4FF4FA53AA687343B3FBF2F36C
:10296000A3608AE7FF22BFE7E27521766375DDE7A2
:102970002B8E002B5BD095F83230A86A012B0CBF50
:1029800095F83370FF27003818BF012000F054FF7E
:10299000F0B200F05DFF012184F8381095F82C208A
:1029A00084F8502095F82D3084F8513095F82E3069
:1029B00084F8523095F82F308B4202D0022B03D08E
:1029C0003BB984F8533004E00B3A012A27D884F845
:1029D00053102B8EA38395F83230A3770126AB8E4C
:1029E0002384A673E777FFF7B7FC3046FFF7CEFDE9
:1029F000134801F0C1F8134801F02AF994F8213086
:102A0000B34240F236700CD100F066FD00F0FB01DD
:102A100040F2367000F04CFD4FF6FF73A0E7002344
:102A2000CFE700F059FD40F00401C9B2F0E74FF0E4
:102A3000FF3023E7D0EC00202CED0020A0EC00209C
:102A400008ED0020DEEC00202DE9F04F85B0824635
:102A50000E9DBDF840809DF844709DF8489001910E
:102A600093461E4601F0D1FABAF1010F524C54D0F0
:102A7000BAF1040F00F09180BAF1000F3AD10B22A5
:102A8000304684F8442084F838A0E56301F060FA09
:102A90004FEAC803B9F1000F238241F604036382B1
:102AA0000CBF0123F223E37587F00107012323768E
:102AB00084F84500C4F840B084F80EA084F814A04F
:102AC0006775FFF749FC5046FFF760FD04F13800D9
:102AD00001F052F804F10E0001F0BAF8374A10681C
:102AE000516802AB03C302A800F04AFD40F2FF1098
:102AF00000F01AFD019801F0C9F90E2184F8560082
:102B000040F61F1000F0D4FC94F8560001F082FA51
:102B1000169B636005B0BDE8F08F294984F838A0A2
:102B2000EAB2895D84F8502076BB0B3D012D8CBF45
:102B300000250125053A012A04D8B8F10C0F38BF49
:102B40004FF00C081F4B9DF83C201B7884F8535025
:102B5000E37701259DF8543084F8511084F8522011
:102B600084F82130A573A4F81C80A77784F82090FE
:102B7000FFF7F2FB2846FFF709FD134800F0FCFFC2
:102B8000124801F065F8B5E7012E04D1A5F10C0358
:102B90005D425D41CEE70025CCE75046FFF7F6FCED
:102BA000022384F8383004F138001623A56484F831
:102BB0004C3000F0E1FF9DE7D0EC002028880108B0
:102BC000F498010800B4002008ED0020DEEC00209D
:102BD0002DE9F04F87B0DFF8B4B29DF864A09DF8FE
:102BE0004C90029314469DF854309DF85020BDF847
:102BF0004880039205468BF801A0BDF8446001931C
:102C00000F4601F002FABAF1000F18BF4FF00008AA
:102C1000DFF87CA2039AB9F1000F08BFFF22012D53
:102C20008AF8002000F0C880052D48D0002D40F023
:102C3000C080284600F000FE0B2238468BF8442066
:102C40008BF83850CBF83C4001F082F9019B8BF8AF
:102C5000450041F60402002BABF812209AF8002040
:102C60008BF816200CBF0122F2228BF81720F600F9
:102C7000012289F001098BF818208BF80E50ABF86F
:102C800010608BF814508BF81590FFF765FB284601
:102C9000FFF77CFC0BF1380000F06EFF0BF10E002B
:102CA00000F0D6FF7B490868496804AA03C204A85B
:102CB00000F066FC40F2FF1000F036FC71E00120ED
:102CC00000F0BAFD09224FF000098BF84420384685
:102CD0004FF44872CBF840208BF83890CBF83C404A
:102CE00001F036F94FF48052ABF812209AF8002028
:102CF0008BF845008BF8162028460122F6008BF849
:102D000017208BF80E90ABF81060ABF814908BF88E
:102D10001890FFF73BFC0BF1380000F02DFF0BF192
:102D20000E0000F095FF5B498868C96804AA03C2D9
:102D300004A800F025FC40F2FF1000F0F5FB40F67F
:102D4000B80000F0C9FB00F0EF0140F6B80000F059
:102D5000AFFB042140F6B90000F0AAFB40F69B004F
:102D600000F0BAFB00F0E30141F0080140F69B00DF
:102D700000F09EFB40F2D16000F0AEFB40F0180185
:102D8000C9B240F2D16000F093FB40F2AC6000F0B9
:102D9000A3FB00F08F0141F0500140F2AC6000F065
:102DA00087FB4FF4FA5202FB08F2B2FBF4F2CBF8C5
:102DB000082007B0BDE8F08F002000F03DFD364947
:102DC0008BF83850E2B2C95D8BF85020002F4DD1FE
:102DD0000B3C012C8CBF00240124053A012A02D8A7
:102DE0000C2E38BF0C26029B9AF800208BF852302C
:102DF0008BF85340019B8BF81F2001249DF8602025
:102E00008BF821208BF851108BF820308BF80E4076
:102E1000ABF81C608BF81E90FFF79EFA2046FFF778
:102E2000B5FB1E4800F0A8FE1D4800F011FF5FFA38
:102E300088F000F00DFD40F6A30000F04DFB00EA25
:102E4000040140F6A30000F033FB9BF82120A242CE
:102E500040F2367013D100F03FFB00F0FB0140F26E
:102E6000367000F025FB4FF6FF72A0E7012F04D16A
:102E7000A4F10C035C425C41AFE70024ADE700F035
:102E80002BFB40F00401C9B2E9E700BFD0EC002001
:102E900000B4002028880108F498010808ED0020FB
:102EA000DEEC0020F0B58BB00D46044617461E46FA
:102EB000FFF752FA0020FFF769FB204600F0AEFD55
:102EC00000240123CDE9084303234FF41672294659
:102ED0002046CDE90644CDE90444CDE90244CDE9DC
:102EE00000532346FFF774FE2046FFF78DFAFFF7E5
:102EF00045FAF2F799F901F0F3FB0446204601F098
:102F0000F9FBB04205D30124FFF726FA20460BB0A7
:102F1000F0BD00F01FFF8742F0DA0024F4E7000064
:102F2000F7B50023664D0C4640F201211A460646CD
:102F3000084600F00DFD95F85600012100F090FFC5
:102F40002B78012B40F6890013D195F85130062BD0
:102F50000FD100F0C1FA00F0FB0140F6890000F04B
:102F6000A7FA2B78042B6CD8DFE803F0524B527F82
:102F7000090000F0B1FA40F00401C9B2EDE7514A8E
:102F8000731E1046C6F101074FF0000CF9188C4271
:102F90006FDC0022E7001346BA4271D19A0142EA7F
:102FA000C3125B0183F020031343661C0355F6B282
:102FB00002234548AB73AE7600F04AFE0021F120B3
:102FC00000F076FA0021F02000F072FAAB6C642B6E
:102FD00070D17021F32000F06BFA1D21F22000F077
:102FE00067FAE1008C1CF420090A00F061FA04F091
:102FF000FE01F52000F05CFA32486FF07F42314666
:103000001DE0EC77304800F023FE0022214615E059
:1030100000F0FCFF0128074625D121460DF10702EB
:10302000304600F0F8FF0446A0B99DF80730264866
:10303000AB7500F00DFE9DF807102246304600F0FB
:1030400059FB6968214801F017FC204801F0DAFBC0
:10305000002006E01E4B3A460021022001F096F8BF
:10306000032003B0F0BDAC75CCE70223AB73AC76A4
:10307000C8E713F8011FC943197002F801CB85E7AF
:10308000D1106FEA020C715C0CF0070C013241FAAE
:103090000CF101F001014FEAE20C4B40D14310F872
:1030A0000CE001F0070103FA01F141EA0E0100F81A
:1030B0000C1071E7E121F32000F0FAF904218DE70B
:1030C000D0EC002030ED0020DEEC0020B8EC002039
:1030D00064980108F0B5BDF814409DF818709DF88B
:1030E0001CE09DF8205040B1012814D0012200239B
:1030F00098180138B0FBF2F0F0BD87F00107E3004B
:1031000003EBC70318330EEB450503EBC5034FF480
:103110007A714B43ECE7501F012803F1040302D8F6
:103120000C2C38BF0C24D1B9A2F10B0CBCF1010F4F
:103130008CBF4FF0000C4FF0010C2801002F00EB6A
:10314000CE000CBF14250025A0EB8200062A4FEA12
:1031500082062844A2F102070DD8354610E0012965
:1031600006D1A2F10C00D0F1000C4CEB000CE4E70E
:103170004FF0000CE1E70830BCF1000FEDD0BD00CE
:103180000028ACBF2E182E1C701E90FBF5F003FB20
:103190000044094B062A5A5C8CBF0C340E340A2AB0
:1031A00009D8A30001334FF47A71BB404B43034964
:1031B00051F822209CE7FFDEF4980108C898010826
:1031C00008B5094B012193F8560000F049FE4FF471
:1031D000D7602D2100F06CF900F029FBBDE8084014
:1031E000024800F071BA00BFD0EC0020FFFF0F00D2
:1031F00073B59C4CB4F854300025202B8DF8035047
:10320000019500F00A8114D8082B0DD87BB1013B41
:10321000072B0CD8DFE813F03D0052000B00BC0078
:103220000B000B000B00EC00102B00F0EF8002B045
:1032300070BDB3F5807F00F08B8011D8402B00F07B
:10324000FF80802BF3D1284600F028FA864B1B68BC
:10325000002BECD09B69002BE9D028469847E6E785
:10326000B3F5007FE3D1814B01222946022000F013
:103270008DFF00F017F9042878D17D4801F074FA29
:10328000284600F00BFA784B1B68002BCFD05B6808
:1032900010E0774801F068FA002000F0FFF900F034
:1032A000B7FE012801D100F0BCFE6F4B1B68002B5C
:1032B000BDD01B68002BBAD09847B8E76D4801F025
:1032C00053FA657895B9284600F0E8F9294640F6A2
:1032D000021000F0EDF840F6441000F0FDF840F068
:1032E0000201C9B240F6441000F0E2F8FF220DF1ED
:1032F000030161485C4D00F05DFD604800F074FD25
:103300002B68002B93D09E68002E90D094F8243028
:10331000012B08D194F9313094F930209DF8031035
:103320005548B04783E7E06B01A900F025FE019BFB
:103330009DF8031050484FF47A7203F5FA7393FB2B
:10334000F2F32A685BB2956894F92920A8476EE7E2
:10335000284600F0A3F9444B1B68002B3FF467AFED
:103360009B69002B3FF463AF012077E700F09AF8E8
:1033700005287FF45CAF3F4801F0F6F9284600F0DD
:103380008DF9394B1B68002B3FF451AFDB6891E797
:1033900000213B4B0122022000F0F8FEA16D002924
:1033A0003FF445AFC1F3074140F6031000F080F849
:1033B00094F8591040F6041000F07AF894F8581078
:1033C00040F6051000F074F840F6021000F084F8A2
:1033D00040F00101C9B240F6021000F069F8002384
:1033E00040F262211A460846A36500F0B1FA1EE7D2
:1033F000244B01220021022000F0C8FE00F006FE4E
:1034000001287FF414AF00F00DFE10E71E4B0122DF
:103410000021022000F0BAFE09E7164801F0A4F9E5
:10342000607808B900F03AF90F4B1B68002B3FF4A5
:10343000FEAEDB68002B3FF4FAAE9847134BE6E78D
:10344000134B01222946022000F0A0FE607808B943
:1034500000F024F9044B1B68002B3FF4E8AE1B6915
:1034600028E700BFD0EC00202CED0020799801085F
:10347000B8EC0020A0EC002030ED0020F4EC00209F
:103480008D98010896980108A0980108A99801084C
:10349000B2980108024BA3F85400FFF7A9BE00BF81
:1034A000D0EC0020014B1878704700BF3EEE0020A2
:1034B00013B58DF80710EFF3108472B6012301469F
:1034C0000DF107020348F7F707F884F3108802B0FC
:1034D00010BD00BF94D2002013B50146EFF3108455
:1034E00072B601230DF107020448F7F72EF884F3B2
:1034F00010889DF8070002B010BD00BF94D20020D4
:1035000010B50446F2F794FD01280CD140F62310C3
:10351000FFF7E2FF00F0F901214340F62310BDE878
:103520001040FFF7C5BF10BD10B50C4B1B7804460B
:103530009BB94FF4D760FFF7CFFFC4F3002100F031
:10354000FE0001434FF4D760FFF7B2FFE1B240F253
:10355000B960BDE81040FFF7ABBF10BD3DEE0020E5
:1035600010B51346EFF3108472B60A4601460348BD
:10357000F6F7B2FF84F3108810BD00BF94D200208C
:1035800008B5014608224FF4D860FFF7E9FF002094
:1035900008BD000007B5074B1B7840BAADF8040022
:1035A0002BB9022201A940F2BC60FFF7D9FF03B09A
:1035B0005DF804FB3DEE002007B5074B1B7840BAD1
:1035C000ADF804002BB9022201A940F2BE60FFF75A
:1035D000C7FF03B05DF804FB3DEE002010B51346B5
:1035E000EFF3108472B60A4601460348F6F7ADFFC2
:1035F00084F3108810BD00BF94D2002010B513468C
:10360000EFF3108472B60A4601460348F7F791F8C3
:1036100084F3108810BD00BF94D200200A460146F2
:103620000020FFF7EBBF000010B51346EFF3108446
:1036300072B60A4601460348F7F7AEF884F31088DD
:1036400010BD00BF94D2002010B51346EFF31084D4
:1036500072B60A4601460348F6F7B2FF84F31088B3
:1036600010BD00BF94D2002013B504460020F2F72D
:10367000D5FC0220FFF744FF04F0070401220DF1FE
:10368000070184208DF80740FFF7DEFF024B002280
:103690001A7002B010BD00BF3EEE002007B5012237
:1036A0008DF807000DF107018020FFF7CDFF9DF891
:1036B0000730002B034B14BF022201221A7003B003
:1036C0005DF804FB3EEE002007B5094B8DF80600BF
:1036D00004221A70030C8DF804300322030A01A996
:1036E00083208DF80530FFF7AFFF03B05DF804FBD2
:1036F0003EEE002010B51446FFF790FF2046BDE8CF
:103700001040FFF7E1BF000007B5094B8DF8060038
:1037100005221A70030C8DF804300322030A01A954
:1037200082208DF80530FFF78FFF03B05DF804FBB2
:103730003EEE002073B5002640F6E2000196FFF74A
:10374000CBFE00F0FE01054640F6E200FFF7B0FEBA
:1037500040F6E500FFF7C0FE00F07F01044640F6AA
:10376000E500FFF7A5FE6FF07F40FFF7CDFF0422D5
:103770000DEB020140F61900FFF730FF3046FFF76E
:103780008DFF294640F6E200FFF792FE214640F603
:10379000E500FFF78DFE019802B070BD13B50C4B2C
:1037A00004460522972140F6AC001A70FFF780FE10
:1037B000230C8DF804300322230A01A982208DF8FE
:1037C00005308DF80640FFF73FFF02B010BD00BF87
:1037D0003EEE002007B5030C8DF80030030A8DF88B
:1037E00001300B0C49BA8DF80200ADF80410062226
:1037F000694694208DF80330FFF726FF024B06221E
:103800001A7003B05DF804FB3EEE0020002208B5FC
:103810001146C520FFF718FF014B07221A7008BD9B
:103820003EEE002000221146D120FFF70DBF0022FE
:103830001146D220FFF708BF07B501228DF8070017
:103840000DF107019F20FFF7FFFE03B05DF804FBB9
:1038500007B501228DF807000DF10701A020FFF741
:10386000F3FE9DF807103F2907D901F0F801013157
:10387000C9B240F20670FFF71BFE03B05DF804FB0F
:1038800007B5F2F7D5FB431E584258418DF80700A3
:1038900001220DF107019620FFF7D6FE03B05DF877
:1038A00004FB07B500F07F008DF8070001220DF141
:1038B00007018920FFF7C8FE03B05DF804FB000094
:1038C000154B984207B51BD8144B98421BD8144B84
:1038D00098421BD8134B98421BD8134B98428BBF6E
:1038E0006B2229226F232B238DF8042001A90222A9
:1038F00098208DF80530FFF7A7FE03B05DF804FBB4
:10390000E122E923F0E7D722DB23EDE7C122C5233B
:10391000EAE775228123E7E700E9A43580F8A932B8
:103920008044E52D000B6B1B40FC541907B58DF846
:10393000062004228DF804008DF8051095200DEB6B
:1039400002018DF80730FFF77FFE03B05DF804FB3E
:1039500007B552BAADF8042040BA082249BAADF80A
:103960000000ADF802105BBA69461046ADF80630AB
:10397000FFF76AFE03B05DF804FB07B50B0C0422E9
:1039800000F0070049BA8DF80400ADF80610972042
:103990000DEB02018DF80530FFF756FE03B05DF820
:1039A00004FB000010B508B1194B1860F1F740FB9B
:1039B0000220FFF7A5FD0024164B20461C70FFF7E0
:1039C0006DFEF2F731FB012816D14021FFF7D5FF3C
:1039D00040F611102146FFF76BFD4FF07F00FFF717
:1039E00060FF0E2140F61F10FFF762FDF2F712FB99
:1039F000094B01221A7010BD202140F61110FFF76B
:103A000057FD202140F61210FFF752FDE9E700BFF5
:103A100030EE002034EE00203EEE002037B50C4D95
:103A20002B7804461BB9FFF74BFF01232B700023B3
:103A3000084A6006E109EDF70FFC042200BA019084
:103A40000DEB02018620FFF7FFFD03B030BD00BF84
:103A500034EE00200048E80107B5094B8DF8070057
:103A60000146187018B940F2AC60FFF721FD012241
:103A70000DF107018A20FFF7E7FD03B05DF804FBB5
:103A80003DEE0020012873B50C46164637D10020C4
:103A9000F2F7D2FAA042B8BF44B20E2805461AD1B6
:103AA00001231A4600210420FFF740FF6FF01003A6
:103AB0009C42B8BF1C46182140F6E700FFF7F8FC0F
:103AC000022201A98E208DF804408DF80560FFF7D1
:103AD000BBFD02B070BD01230A28E4B21A464FF0C4
:103AE000000105D11846FFF721FF033464B2DDE77A
:103AF0000720C5F10E05FFF719FF2C44F6E740F645
:103B0000D800FFF7E9FC40F01E01C9B240F6D8002A
:103B1000FFF7CEFC0120F2F78FFAA042B8BF44B203
:103B2000142805464FF001034FF000020CD1052187
:103B30000320FFF7FBFE023464B26FF008039C42DF
:103B4000B8BF1C463821B7E7112805D10321022050
:103B5000FFF7ECFE0534EFE70E2804D102210846FA
:103B6000FFF7E4FEE9E7C5F1160507210420254427
:103B7000FFF7DCFE6CB2E0E713B5314A044651684A
:103B800010686B4603C32F4B20781B78834201D00B
:103B9000FFF762FF2378032B27D8DFE803F0023911
:103BA000283C6268284BB3FBF2F31A0CA1688DF82D
:103BB00000208DF802301A0A237B8DF80330637BD6
:103BC0008DF801208DF80430204A00234806C909E9
:103BD000EDF742FB030C40BA8DF80530ADF8060056
:103BE000082269468B20FFF72FFD02B010BD226925
:103BF000154BB3FBF2F31A0C8DF800208DF8023050
:103C00001A0A237D8DF801208DF803300422E8E79D
:103C1000A3690093FAE762680B4BB3FBF2F31A0C4B
:103C20008DF800208DF802301A0A237B8DF80330BE
:103C3000637B8DF801208DF804300522D1E700BFA9
:103C4000388801083DEE00200000093D0048E801E9
:103C50001FB52E4A0446D1689068127C01AB03C39D
:103C60001A702B4B20781B78834201D0FFF7F4FEAB
:103C70002378032B26D8DFE803F002383302637A77
:103C8000F12B21D14FF6FF70FFF784FC48F20500BD
:103C9000FFF792FC02236288A188ADF8061052BAA1
:103CA000E188ADF804208DF80B30227AA37A8DF8E4
:103CB0000A20ADF808108DF80C30092201A98C20DB
:103CC000FFF7C2FC04B010BDF22BE4D141F60F5057
:103CD000FFF760FC41F22100FFF76EFC0623DAE7F4
:103CE000237B8DF804300122E8E7E389094A5BBAB7
:103CF000ADF80430237C13708DF80630637C8DF8AA
:103D00000730638AADF808300622D7E73888010803
:103D10003DEE00203CEE002007B502228DF80400A5
:103D20008DF805108F2001A9FFF78EFC03B05DF818
:103D300004FB000010B51346EFF3108472B60A4678
:103D400001460348F6F774FC84F3108810BD00BFE9
:103D500094D2002007B5012201A91520FFF7EAFF40
:103D60009DF804004042401003B05DF804FB0000E1
:103D700037B505460C46022201A91320FFF7DAFFEA
:103D80000A4B1B78012B0DD1094B1B78012B09D154
:103D900040F20270FFF7A0FB9DF8053028702370F9
:103DA00003B030BD9DF80400F6E700BF3DEE0020F3
:103DB0003CEE0020F7B50D46064600240DF1070144
:103DC000284617468DF80740FFF7D2FF2A78BA42F7
:103DD00007D89DF807003146FFF726FC204603B0C0
:103DE000F0BD0120FBE7000013B50322044601A942
:103DF0001420FFF79FFF184B1A7822704AB1012A4E
:103E000017D014220021204600F0D0FA0F2323708F
:103E10000DE09DF8043023719DF80530A2605B42EF
:103E20005B10A3719DF806305B425B10637102B0BA
:103E300010BD9DF804305B425B1023739DF9053083
:103E400002339B1063739DF806305B425B10A373D3
:103E5000024B1B682361EAE73DEE002038EE0020AC
:103E6000012908B5034608460ED1012B07D10420CD
:103E7000FFF746FB0220BDE80840F2F7CFB8022B5F
:103E800014BF08460320F6E70120F4E738B50446DE
:103E9000F2F7C8F850B102280CBF022501252846C8
:103EA00002222146FFF7EEFD284638BD102CB4BF94
:103EB00001250225F3E7012070470000014B012096
:103EC0001B68184730EE0020014B02201B68184782
:103ED00030EE0020014B40201B68184730EE0020D8
:103EE00011B1012904D07047044B1B68802018478A
:103EF000024B4FF480701B68F9E700BF30EE0020E2
:103F0000024B4FF400701B68184700BF30EE0020D2
:103F1000014B20201B68184730EE0020014B042085
:103F20001B68184730EE0020014B08201B6818471B
:103F300030EE0020014B10201B68184730EE0020A7
:103F4000024B4FF480401B68184700BF30EE002042
:103F500010B568B1074A002352F83340844202EB9F
:103F6000C30101D9087910BD0133162BF4D1FEE746
:103F70001F20F8E78499010873B51D4B019304468F
:103F800040F607000D46FFF7A7FAC0F3C103083358
:103F90006B4413F8042C00F00703013302FA03F317
:103FA000144AB2FBF3F2B2FBF4F007281ED840002B
:103FB000042834BF042302234FF4D66002FB03F429
:103FC000FFF78AFA060240F2B160FFF785FA06F4BD
:103FD00070663043030544BF6FEA00506FEA10502B
:103FE00063094343DB112B6002B070BD0123E3E79B
:103FF00004080A0C0048E8014FF0FF3070474FF00A
:10400000FF3070474FF0FF30704770470020704717
:104010000020704770474FF0FF3070474FF0FF307F
:10402000704770477047704770B5EFF3108672B6EF
:10403000144B5C8A1A8A944213D1C4F5806292B2FE
:10404000904206D3844218D901229A7000221C8023
:104050005A825A8A0A800244C2F309025A82002014
:104060000DE006D9C4F58065ADB28542F1D8824233
:10407000E9E7121B92B28242EBD84FF0FF3086F391
:10408000108870BD40F40020EFF3108172B6034A2F
:10409000D38A0133D38281F31088704740F4002023
:1040A000EFF3108172B6034AD38A013BD38281F3C6
:1040B0001088704740F4002010B5084818220021ED
:1040C00000F074F906484FF48062002100F06EF9A8
:1040D000044B05481B68BDE81040184740F4002019
:1040E0003FF00020A08C010855420108014B5860A8
:1040F000704700BF40F40020014B1872704700BFAA
:1041000040F4002073B5EFF3108572B61C4CE08AC2
:1041100000282FD1FFF7B8FF218A628A914227D069
:10412000A378012B12D1238820805B1A9BB2022135
:10413000A382A17063B9A3702382238A9A428BBFA2
:10414000D21AC3F58063A282A38201E0002BF4D0CF
:10415000268A0C4B1E4485F31088F1F755F80A4B5C
:10416000A18ADB680193304602B0BDE87040184771
:10417000FFF796FF85F31088002002B070BD00BFE6
:1041800040F400203FF00020A08C010808B4F0B5F6
:1041900086B00023ADF800302B4B0B9C1D7A854276
:1041A0004CD3D86881434CD15B681BB112B16946CE
:1041B00002A898470CAB22464FF4007123480193A4
:1041C00000F0B6FBFFF760FFBDF8003018440DF1BA
:1041D000020180B2FFF728FF01302AD00023BDF88A
:1041E0000020BDF802601A480DF1080C1F4699B274
:1041F00016FA83F58A42ADB215D817B13244ADF83C
:104200000220BDF80250019B22464FF40071284461
:1042100000F08EFBFFF744FFFFF774FF06B0BDE828
:10422000F04001B070471CF8011B415501330127D4
:10423000DDE7FFF735FF6FF00200EFE76FF00400F6
:10424000ECE76FF00500E9E740F400203FEE0020C6
:104250003FF0002013B5EFF3108472B6204B9A782C
:10426000588A022A1DBF1A8A998A5218002214BF3E
:10427000C2F309029A7090421A8228D0D98A012981
:1042800025D19978012913D119888A1A022192B26D
:10429000997000219A82198062B99A701A821A8ADA
:1042A00090428BBF801AC2F5806298829A8201E0A8
:1042B0000029F4D0188A0B4A104484F310880A4A63
:1042C000998AD368019302B0BDE81040184784F37F
:1042D0001088F0F79DFF02B0BDE81040FFF7E0BE88
:1042E00040F400203FF00020A08C0108024A002387
:1042F0001360024A136070475CF4002058F40020F9
:1043000010B5EFF3108472B641B1012903D1064A0A
:1043100013680343136084F3108810BD024A1368C6
:1043200023EA0003F6E700BF5CF4002010B5EFF3CA
:10433000108472B641B1012903D1064A13680343C0
:10434000136084F3108810BD024A136823EA000347
:10435000F6E700BF58F4002038B5EFF3108572B6C9
:104360000A4B0B4C1B6833B1236898476368984726
:1043700085F3108838BD074B1B681BB1A3689847AD
:10438000E368F4E7236998476369F0E75CF4002089
:104390003C8C010858F4002001380A44914200D1B5
:1043A000704711F8013B00F8013FF7E702F0B1B99F
:1043B00010B5EFF3108472B6064A13680343136016
:1043C000054A52F83130034342F8313084F3108803
:1043D00010BD00BF98F4002060F4002070477047C3
:1043E000B0F5803F3ABF000410230023B0F1807F76
:1043F0003EBF08330002DBB2B0F1805F38BF00017E
:104400004FEA1070054A38BF0433125C38BFDBB284
:10441000C3F11F03981AC0B2704700BF349A010855
:104420002DE9F84F3F4D404ED5F80080DFF8FCB045
:10443000DFF8FCA0DFF8FC90D6F800E03E4FDBF898
:1044400000303E4C08EA00002860DAF80000D9F895
:1044500000102A6802EA000C1EEA0C0F43D00B4041
:1044600041D121680A40024201D1A368012354F8D6
:104470003320D90004EBC30302EA0C02586810424F
:1044800008BF4FF0FF30214408BF58604868104013
:10449000FFF7A6FF4A683860012303FA00F022EA1A
:1044A00000024A60EFF3108172B63A6893403268B6
:1044B00022EA03023260A26822EA0302A2602268B2
:1044C00022EA0303236081F310881D4A3B6852F8F7
:1044D00023309847D6F800E0DBF80030DAF8000027
:1044E000D9F80010B5E74FF0FF333B60FFF776FFD8
:1044F000EFF3108472B63368DBF80020DAF80010AE
:104500000B4029680B4205D1D9F80030134201D184
:10451000F0F708FE84F31088FFF761FFC5F800800C
:10452000BDE8F88F04B4002098F4002094F4002033
:1045300008B4002090F400208CF4002060F40020E7
:1045400070F4002010B51146EFF3108472B6FFF737
:1045500047FF034B43F8201084F3108810BD00BFC1
:1045600070F4002082B082B00DF1080C0CE9060056
:10457000BDF8042003930B44BDF810100A4491B217
:1045800012B2B2F57A7FA2BFA1F57A72013312B2EC
:104590000360828002B002B0704782B082B00DF139
:1045A000080C0CE90600BDF804200393CB1ABDF8F3
:1045B0001010521A91B212B2002ABEBF01F57A72DF
:1045C00003F1FF3312B20360828002B002B0704781
:1045D00030B585B0114D6B4683E80300002302938C
:1045E000ADF80C3003A82B699847009BBDF8044038
:1045F0000290181ABDF80C30E41AA3B224B2002CB1
:10460000BEBF03F57A731CB200F1FF302B689847E8
:10461000AB682046984705B030BD00BF608C0108EC
:1046200073B5114E002305460093ADF8043001A880
:1046300033699847F3680090984773680446984731
:10464000009B1844BDF8043023449AB21BB2B3F562
:104650007A7FA2BF0130A2F57A731BB22860284688
:10466000AB8002B070BD00BF608C010837B500237D
:104670000093ADF80430074B04461B6901A8984726
:104680006D46009095E8030084E80300204603B0DF
:1046900030BD00BF608C0108024B00221A60024B43
:1046A0001B6818479CF40020748C0108F8B5044678
:1046B000174608461E467CB173B1084B00255B6A5D
:1046C00025609847069B60602581A572E66023619E
:1046D000E77265612846F8BD0120FCE7748C01088B
:1046E00010B5034CE3699847A36ABDE8104018472A
:1046F000748C010870B5064DEB69064698476B6AE5
:10470000044630469847AB6A201ABDE87040184707
:10471000748C0108054B1B680BB91846704783421F
:1047200001D05B69F8E70120704700BF9CF40020CE
:104730002DE9F3410B4E336A044698470123B769CC
:104740002372D4F800800546B8472844804502D239
:10475000B84728442060B3682068019302B0BDE8E0
:10476000F0411847748C010870B520B3EFF3108640
:1047700072B6124D2B680122827253B1002242722E
:1047800098425C690ED102723CB120462C60FFF762
:10479000CFFF86F31088002070BD094BDB68984777
:1047A0002C60F6E71A465B69002BF2D09842F9D1EB
:1047B00043695361EDE70120EEE700BF9CF4002060
:1047C000748C0108084B10B51A685369516911B906
:1047D0005061416110BD046819688C4202D91A46C3
:1047E0005B69F3E71946F3E79CF40020044A136879
:1047F0000BB10021197243611060FFF799BF00BF30
:104800009CF400202DE9F041044600282DD0FFF74C
:1048100081FF50BB657A45BBEFF3108872B6144E2A
:104820006768336A984787422CBF27602060114F22
:10483000A5724FF4807323813B684BB93369984765
:104840002046FFF7D3FF88F310882846BDE8F081A3
:10485000B3699847236818443B6820601B689842F6
:104860002046EED3FFF7AEFFEDE70125EDE700BFF1
:10487000748C01089CF4002010B5044608467CB1F5
:10488000084B5B6A984760602046FFF743FF40B1E2
:104890002046FFF769FF2046BDE81040FFF7B2BF92
:1048A000012010BD748C01082DE9F041EFF3108751
:1048B00072B61D4E1D4D736998473369044698477B
:1048C0002B684BB94FF000082B688BB9286828BBC0
:1048D00087F31088BDE8F081011B241A1A688A4208
:1048E0008CBF121900221A605B69002BF6D1E9E730
:1048F0001C681CB1B36998478442E7D22C6863698D
:104900002B60A4F80880D4E9033098476389B3F595
:10491000807FD9D12046FFF775FFD5E7037A002BBA
:10492000D6D1FFF705FFD3E7748C01089CF4002073
:104930002DE9F04F002997B081461E4640F31181C2
:1049400004464F1E1378A4EB090023B900232370FB
:1049500017B0BDE8F08FB842F8DA252B05D004F87F
:10496000013B904608F10102ECE792F801E0AEF15C
:10497000300102F10108AEF130034A424A41092BED
:104980002BD8414600250A20884611F8013BA3F1A7
:10499000300CBCF1090F1BD998F80030692B00F0DE
:1049A0009E801DD8632B29D0642B00F09880582B53
:1049B0005AD0252B1AD198F80030002B00F09380A4
:1049C00004F8013BA4EB0903BB4280F28A80C9E7EB
:1049D00000FB0533A3F13005D6E74FF0FF35DBE7E9
:1049E000752B7ED0782B41D0732B1CD0252304F857
:1049F000013BA4EB0903BB4273DADCE7002D05F1B0
:104A0000FF3AD8BF4FF0000A52462046202101F05D
:104A100080FEA244002D56F8043B8AF80030D8BF2F
:104A200001252C449EE7504B56F804BBBBF1000F08
:104A300008BF9B465846EBF7F3FB2A1A8542B8BFDE
:104A40000022824620212046019201F062FE019A56
:104A500000232244534502DB02EB0A0482E71BF8E1
:104A60000310D1540133F5E742F040021021DFF882
:104A7000FCB0DFF8FCA056F804CB12F0400F18BFD2
:104A8000DA46BEF1300FCDF808A0A4EB09030CBF45
:104A90004FF0300A4FF0200A9207A7EB030360465D
:104AA000CDF80CA022D5002820DA4042013D4FF07D
:104AB0002D0C05AA019200228246B0FBF1F001FB09
:104AC00010AB029810F80BB0019800F801BB5145EB
:104AD000019002F10102BAFBF1F0EDD910E042F0D1
:104AE00002020A21C3E708F1FF386BE7BCF1000FAF
:104AF00002D04FF0000CDCE730228DF814200122A8
:104B0000BEF1300FA5EB020504D02020002D05F1E9
:104B1000FF350ADCBCF1000F05D02D21013B04F864
:104B2000011B3FF41FAF25440AE0013B04F8010BD1
:104B3000ECD117E7039904F8011B013B3FF412AFD6
:104B4000291B0029F6DC05A9114423442244A24272
:104B50003FF408AF11F8010D04F8010B9C42F6D1A7
:104B600000E70020F4E600BF449A0108709A0108AB
:104B70004B9A010810B4B1F5807F254C8270C37048
:104B80000180446024D010D9B1F5806F2BD0B1F5ED
:104B9000805F19D11F4A4FF001114FF06653C0E9F1
:104BA00002210361002010BC7047102925D0402944
:104BB0000AD1194A4FF04011C0E902214FF0725357
:104BC000036110BC002070474FF0FF3010BC7047ED
:104BD000124A4FF01011C0E902214FF06E530361E9
:104BE00010BC002070470E4A4FF004114FF06A537A
:104BF000C0E9022103610020D5E70A4A4FF00121F4
:104C00004FF07653C0E9022103610020CBE700BFDB
:104C10009CAA0108989A0108169B0108B69A0108F7
:104C20009E9A0108969C01082DE9F04FA1B08C08CE
:104C300005461391E1006E1808461291C4EB4471C9
:104C40000095C9000546301847189C461F937B19EC
:104C50005918109104301690181D109B1A920433A5
:104C600015933B1D111D09930CEB4C02331D65463A
:104C70001893D3001E932B011D93EB00009D1B96F0
:104C8000CDE9011126011C932B1D002508931494D6
:104C900033460A9719911790119403912E4616994D
:104CA000009A51F836A01B98089F189952F8364080
:104CB00050F836B0D25857F836900A9851F83670F6
:104CC0000999C55851F803800F93114620460B925D
:104CD000EBF798FF294604905846EBF793FF5146AF
:104CE00005904846EBF78EFF414607903846EBF7B4
:104CF00089FF0B9A069011462046EBF781FF294663
:104D000004465846EBF77CFF514605464846EBF70C
:104D100077FF414681463846EBF772FF0599074613
:104D20000498EBF76FFF039B53F804BCD3F800A083
:104D3000009BCDF82CA043F83600DDF81CA00699A6
:104D40005046EBF75FFF089A394642F83600204696
:104D5000EBF758FF294607904846EBF751FF0599B6
:104D600080460498EBF74CFF069904905046EBF709
:104D700047FF394682462046EBF742FF49460590F9
:104D80002846EBF73FFF029951F8042C0D68019972
:104D90000C9251F8047CD1F8009004461146079813
:104DA000ECF738F80C9A069011464046ECF732F8CA
:104DB00004990C905846ECF72DF851460E90584641
:104DC000ECF728F8394683460598ECF723F839467E
:104DD0000D902046ECF71EF85146DDF82CA0074652
:104DE0005046ECF717F80E9A1146EBF70BFF0A9AAC
:104DF000049942F836005046ECF70CF80146584644
:104E0000EBF7FEFE099A294642F836004046ECF7D9
:104E100001F80699EBF7F6FE009B1A460F9B0493E8
:104E2000D05029460798EBF7F5FF01460C98EBF7B1
:104E3000E7FE179A494642F836002046EBF7EAFFAC
:104E40000D99EBF7DFFE109A049B4946D050059868
:104E5000EBF7E0FF01463846EBF7D2FE039B1D9AC5
:104E60000299134403931C9BCB18029301991E9B38
:104E7000CB180193159B1A46049BD050149A013607
:104E8000B24203F108037FF40AAF1F9BBDF8502024
:104E90001B929B009BB2042A179340F221811C9223
:104EA000119B9B08DA001893009B159213449A18E3
:104EB000043300210993131D02921491019316915A
:104EC00016991A98149D0A0101EB410384580D9418
:104ED000199CA2580E92024650F8330054F8333011
:104EE000109352F831300B9354F831300C93179BD8
:104EF000159A0F90CB181693AB4613460099029D56
:104F0000CE580396089E55F83B2051F83B4009992E
:104F100056F83B90019E51F83B7056F80380ED58CF
:104F20000A93114620460792EBF76AFE2946049041
:104F3000039856F83BA0EBF763FE514605904846B0
:104F4000EBF75EFE414606903846EBF759FE079AAE
:104F5000064611462046EBF755FE294604460398BF
:104F6000EBF750FE514605464846EBF74BFE4146EF
:104F700081463846EBF746FE314680460498EBF70B
:104F800041FE059903900698EBF73AFE29460790F3
:104F90002046EBF735FE414682464846EBF730FEA9
:104FA000314607460498EBF72BFE069904900598C6
:104FB000EBF728FE294606462046EBF723FE009B2A
:104FC000414643F83B004846EBF71CFE089A0B9C11
:104FD00042F83B0003992046EBF71CFF07998146F6
:104FE0002046EBF717FF0D9C804651462046EBF715
:104FF00011FF394606902046EBF70CFF0F9C0499F1
:1050000005902046EBF706FF314605462046EBF7B4
:1050100001FF39460E9F04463846EBF7FBFE069A21
:105020001146EBF7EFFD009B1A460A9B0693D05002
:1050300051463846EBF7EEFE01460598EBF7E0FDEA
:10504000099B079943F83B00DDF830A05046EBF789
:10505000E1FE4946EBF7D6FD029F039947F83B0076
:105060005046EBF7D7FE01464046EBF7C9FD314607
:10507000DDF84080019E46F83B004046EBF7CAFE53
:105080002946EBF7BFFD069B0499F8504046039371
:10509000EBF7C0FE01462046EBF7B2FD119B129ADA
:1050A0009B44039BF0501344139A5A453FF626AF96
:1050B000159A149B08321592189A01339A42149348
:1050C0007FF4FEAE179B1C9A9B0092089BB217932D
:1050D000042A189B1C92119302D9DB001293DFE67D
:1050E000009E203656F8205C56F8107C56F8083C96
:1050F00056F8142C0193394628460092EBF782FDAE
:10510000394681462846EBF77BFD56F81C4C56F88D
:105110000C8C56F818BC56F804AC0546414620469F
:10512000EBF770FD414607462046EBF769FD019914
:1051300004465846EBF766FD514602900098EBF79F
:1051400061FD019980465846EBF75AFD514683466A
:105150000098EBF755FD029982464846EBF752FD61
:10516000414646F8200C3846EBF74CFD029946F8CC
:105170001C0C4846EBF744FD414646F8180C3846EF
:10518000EBF73EFD514646F8140C2846EBF73AFD86
:10519000594646F8100C2046EBF732FD514646F8CA
:1051A0000C0C2846EBF72CFD594646F8080C204617
:1051B000EBF728FD1B9B46F8040C013B06F120068B
:1051C0001B938FD121B0BDE8F08F00BF2DE9F04FC8
:1051D000A1B08C081391C4EB447100EB0415C90015
:1051E000E600009068188719394496461A928A1981
:1051F0000F9204319C46724616910F991B9504320A
:105200000CEB4C0304300431199215900392CDE954
:10521000012200980A91DA006346391D1E921A0194
:10522000DB0014911C93291D031D00251296089381
:10523000109433461897CDF87CC0179111941D92A5
:105240002E460099089F51F803B051F8364017993F
:105250001B9A51F836A0159952F8362057F8369017
:1052600051F836701499189D51F80380ED580E933B
:10527000114620460992EBF7C5FC29460490584692
:10528000EBF7C0FC514605904846EBF7BBFC4146A6
:1052900006903846EBF7B6FC099A0790114620466F
:1052A000EBF7AEFC294604465846EBF7A9FC5146FD
:1052B00083464846EBF7A4FC414605463846EBF7E3
:1052C0009FFCDDF810A0059907465046EBF79AFCC5
:1052D000039BD3F800C053F8049C009BCDF810C08A
:1052E00043F8360007990698EBF78CFC089A394684
:1052F00042F836002046EBF783FC294609905846D1
:10530000EBF780FC059980465046EBF779FC07994E
:1053100082460698EBF774FC394605902046EBF779
:1053200071FC594606902846EBF76AFC029D0199EC
:1053300055F804BCD1F800E051F8047CCDF81CE02D
:105340000446594609982D68EBF764FD59460B90C1
:105350004046EBF75FFD51460C904846EBF75AFD8F
:10536000059983464846EBF755FD39460D9006985A
:10537000EBF750FD394681462046EBF74BFD05998A
:1053800007460498EBF746FD01465846EBF738FC14
:10539000009B51469A460E9B05934AF803000498D9
:1053A000EBF738FD0D9A1146EBF72CFC169B2946BE
:1053B00043F836004046EBF72DFD01460B98EBF71E
:1053C0001FFC29460F9D45F836000998EBF722FD92
:1053D0000C99EBF717FC0A9BDDF81C8043F83600AC
:1053E00041462046EBF716FD01464846EBF708FC20
:1053F000059B0493E85041460698EBF70BFD3946B0
:10540000EBF700FC039B1D9C029D019A1E991C1941
:1054100003941C9C0A442C19019202940A9B1A467C
:10542000049BD050109A0136B24203F108037FF476
:1054300008AF1F9BBDF840201B929B009BB2042A23
:10544000179340F221811C92119B9B08DA0018935C
:10545000009B159213449A18043300210993131DDD
:10546000029214910193169116991A98149D0A01AB
:1054700001EB410384580D94199CA2580E920246E8
:1054800050F8330054F83330109352F831300B9306
:1054900054F831300C93179B159A0F90CB18169334
:1054A000AB4613460099029DCE580396089E55F8C8
:1054B0003B2051F83B40099956F83B90019E51F82A
:1054C0003B7056F80380ED580A9311462046079228
:1054D000EBF796FB29460490039856F83BA0EBF7B0
:1054E0008FFB514605904846EBF78AFB41460690F4
:1054F0003846EBF785FB079A064611462046EBF740
:1055000081FB294604460398EBF77CFB5146054690
:105510004846EBF777FB414681463846EBF772FB8E
:10552000314680460498EBF76BFB0699039005988B
:10553000EBF768FB294607902046EBF761FB4146F5
:1055400082464846EBF75CFB314607460498EBF78A
:1055500059FB059904900698EBF752FB294606463D
:105560002046EBF74FFB009B414643F83B00484683
:10557000EBF748FB089A0B9C42F83B000399204646
:10558000EBF748FC079981462046EBF743FC0D9C5E
:10559000804651462046EBF73DFC394606902046B2
:1055A000EBF738FC0F9C049905902046EBF732FC92
:1055B000314605462046EBF72DFC39460E9F044642
:1055C0003846EBF727FC069A01461046EBF718FB26
:1055D000009B1A460A9B0693D05051463846EBF77B
:1055E00019FC0599EBF70EFB099B079943F83B0063
:1055F000DDF830A05046EBF70DFC01464846EBF7CE
:10560000FFFA029F039947F83B005046EBF702FC74
:105610004146EBF7F7FA3146DDF84080019E46F847
:105620003B004046EBF7F6FB01462846EBF7E8FA6D
:10563000069B0499F85040460393EBF7EBFB214699
:10564000EBF7E0FA119B129A9B44039BF050134432
:10565000139A5A453FF626AF159A149B08321592B5
:10566000189A01339A4214937FF4FEAE179B1C9A4A
:105670009B0092089BB21793042A189B1C921193CB
:1056800002D9DB001293DFE6009E2A9C2036B14649
:1056900059F8102C59F8205C59F8143C0093114625
:1056A00028460292EBF7AEFA029A0190114628467C
:1056B000EBF7A6FA59F81C7C59F80C8C029041467D
:1056C0003846EBF79FFA414605463846EBF798FA1D
:1056D00059F818BC59F8086C039031465846EBF756
:1056E00091FA59F804AC804651460098EBF78AFAD3
:1056F000314607465846EBF783FA514683460098F1
:10570000EBF77EFADDF804A0064641465046EBF77B
:1057100079FA2146EBF77EFB394649F8200C2846FA
:10572000EBF770FA2146EBF775FB414649F81C0C84
:105730005046EBF765FA2146EBF76CFB394649F822
:10574000180C2846EBF75CFA2146EBF763FB029F47
:1057500049F8140C31463846EBF752FA2146EBF77C
:1057600059FB49F8100C039D59462846EBF74AFAB5
:105770002146EBF74FFB314649F80C0C3846EBF766
:1057800041FA2146EBF746FB594649F8080C2846F2
:10579000EBF736FA2146EBF73DFB1B9B49F8040C6F
:1057A000013B09F120091B937FF472AF21B0BDE8E2
:1057B000F08F00BF30B5044680786268A389012865
:1057C0000D4683B0218807D02846FFF72DFAE378ED
:1057D000012B09D003B030BD206900902846FFF7A7
:1057E000F5FCE378012BF5D1A368E28921882846EE
:1057F00003B0BDE8304000F001B800BF2DE9F04F24
:1058000085B049085200002401928A1E029201F1DB
:10581000010A25462246039103995618013450F88F
:10582000362050F8347040F83420F200E40040F89C
:1058300036700434043206598758075186500235B1
:105840001A880299019CADB205EB0A0902EB0A081D
:105850004FEAC50E4FEAC90CD7004FEAC8068D4281
:1058600023440EF1040E0CF1040C07F1040706F1B9
:1058700004062C4620D8AA42CED950F835B050F8AC
:10588000321040F8351040F832B0C15950F80EB01F
:1058900040F80E1040F807B050F8397050F838E072
:1058A00040F839E040F8387050F80C7050F806E0D5
:1058B00040F80CE08751AFE705B0BDE8F08F00BFBE
:1058C0002DE9F04F83B05FEA920B019207468846BC
:1058D0007BD000F1200401F110055E4654F8201C35
:1058E00054F81CAC0846EBF795FA514681465046F1
:1058F000EBF790FA01464846EBF784F90021814620
:10590000EBF73AFC002800F08B80484602F01EFEC0
:1059100045F8100C54F8181C54F814AC0846EBF772
:1059200079FA514681465046EBF774FA01464846EB
:10593000EBF768F900218146EBF71EFC00287BD0CD
:10594000484602F003FE45F80C0C54F8101C54F8BD
:105950000CAC0846EBF75EFA514681465046EBF731
:1059600059FA01464846EBF74DF900218146EBF71D
:1059700003FC00285CD0484602F0E8FD45F8080C1E
:1059800054F8081C54F804AC0846EBF743FA5146A7
:1059900081465046EBF73EFA01464846EBF732F9AE
:1059A00000218146EBF7E8FB00283DD0484602F095
:1059B000CDFD45F8040C013E04F1200405F110056D
:1059C0008CD107EB4B1708EB0B18019B13F0030A64
:1059D00023D00026083708EB8A0A57F8081C57F826
:1059E000045C0846EBF716FA294604462846EBF70E
:1059F00011FA01462046EBF705F90021044608F1AB
:105A00000408EBF7B9FBD8B1204602F09FFD48F837
:105A1000040CD04507F10807DFD103B0BDE8F08FD3
:105A2000002345F8103C75E7002345F8043CC2E725
:105A3000002345F8083CA3E7002345F80C3C84E725
:105A400048F8046CE5E700BFF8B52349EBF7E2F945
:105A50000446EBF7BBFB002105462046EBF778FB3D
:105A600000B1013D2846EBF781F901462046EBF7EE
:105A7000C7F84FF08841EBF7CDF90546EBF7CCFBC3
:105A800084B2B4F5007F1DD22046EBF76BF90146D6
:105A90002846EBF7B5F8671C0546104E29464FF02F
:105AA0007E50EBF7ADF856F82410EBF7B3F956F843
:105AB000271004462846EBF7ADF901462046EBF7E0
:105AC000A1F8F8BD28464FF08841EBF799F8012777
:105AD00005460024E1E700BF83F9223E98A20108B1
:105AE000F8B52549EBF796F94FF07A51EBF78AF8BC
:105AF0000446EBF76BFB002105462046EBF728FB3D
:105B000000B1013D2846EBF731F901462046EBF79D
:105B100077F84FF08841EBF77DF90546EBF77CFB12
:105B200084B2B4F5007F1DD22046EBF71BF9014685
:105B30002846EBF765F8671C0546104E29464FF0DE
:105B40007E50EBF75DF856F82410EBF763F956F842
:105B5000271004462846EBF75DF901462046EBF78F
:105B600051F8F8BD28464FF08841EBF749F8012776
:105B700005460024E1E700BF83F9223E98A2010810
:105B800038B5104B1D682B6B0446B3B9182001F0D3
:105B9000F9FC0246286320B90B4B0C48462100F063
:105BA00039FE0B490B4BC0E900130B4B83600B23F1
:105BB000838100210120C2E904012B6B00221C61BA
:105BC0005A6138BD18B400209C2A0208B32A020882
:105BD0000E33CDAB34126DE6ECDE0500164B10B57E
:105BE0001C68236BB3B9182001F0CCFC024620637B
:105BF00020B9124B1248522100F00CFE1149124BF1
:105C0000C0E90013114B83600B2383810021012025
:105C1000C2E90401216B0E480B694C690D4A5843D7
:105C200002FB0400A3FB0232013340EB0200C1E996
:105C3000043020F0004010BD18B400209C2A020857
:105C4000B32A02080E33CDAB34126DE6ECDE05004C
:105C50002DF451582D7F954C2DE9F04788B0002B3D
:105C60001D461446BCBF03F100431446129A109E11
:105C7000DDF84CA0B6BF1D4600232D231370149BE6
:105C800023F02008B8F1460F05D0B8F1450F00D138
:105C90000136022300E0032307AA049206AACDE9F5
:105CA00002A2CDE9003622462B4600F059FEB8F19B
:105CB000470F074619D1119BDB070ED500EB0609EC
:105CC0000022002320462946EAF7D6FE08B1CDF887
:105CD0001C903022079B4B451ED3079B159ADB1B5C
:105CE0003846136008B0BDE8F087B8F1460F00EB06
:105CF0000609E5D10378302B0AD100220023204683
:105D00002946EAF7B9FE18B9C6F10106CAF80060DB
:105D1000DAF800309944D3E7591C07911A70D9E793
:105D2000F7B50029BABF49422D232B230929027058
:105D3000437029DD0DF107031D460A271A46B1FB02
:105D4000F7F607FB1614303402F8014C0C46632CAE
:105D500003F1FF333146F1DC3031941E03F8011CAE
:105D6000411C2346AB420AD30DF109039B1AAC42F6
:105D700088BF002302330344181A03B0F0BD13F8A0
:105D8000016B01F8016FEDE7302330318370C17092
:105D9000031DF1E72DE9F04F91B00C46DDF8688066
:105DA00016461F46054600F0BDFC036808931846DA
:105DB000EAF736FA00230E93D8F80030099007333B
:105DC00023F0070303F1080294F818A0D4F800B0F8
:105DD000C8F80020D3E9008929F000430B93CDF8DF
:105DE0002880C4E91289DDE90A019D4B4FF0FF329A
:105DF000EAF774FE70BBDDE90A01994B4FF0FF3200
:105E0000EAF74EFE30BB0022002340464946EAF73F
:105E10003DFE10B12D2384F84330924A924BBAF1E3
:105E2000470F94BF90469846032323612BF0040349
:105E300023604FF00009009733460FAA21462846F9
:105E400000F0D4F9013040F08F804FF0FF3011B0F6
:105E5000BDE8F08F42464B4640464946EAF73EFED3
:105E600040B14B46002BBCBF2D2384F843307F4A02
:105E70007F4BD4E763685A1C0AF0DF013FD1062349
:105E800063604BF480630022236006920EAACDE982
:105E900004A20DAA03920DF13302CDE90132636829
:105EA000009342464B4628460A91FFF7D5FE0A99D1
:105EB000472980460D9928D1C81C02DB63689942A6
:105EC00040DDAAF1020A5FFA8AFA0139524604F16A
:105ED00050000D91FFF724FF0E9A1318012A8146F6
:105EE000236102DC2268D20701D5013323619DF8CA
:105EF0003330002B9FD02D2384F843309BE7472974
:105F0000BFD1002BBDD10123BAE7BAF1650FDCD9AF
:105F1000BAF1660F18D1002963680BDD216113B94E
:105F20002268D00702D501330B442361A1654FF0ED
:105F30000009DCE713B92268D20701D50233F4E780
:105F40000123F2E74FF0670A0E9B994205DB2368B5
:105F50002161D807EAD54B1CE7E70029D4BFC1F17E
:105F6000020201221344E0E723685A0507D423699B
:105F7000424631462846B84701302BD165E7BAF191
:105F8000650F40F2DD80D4E9120100220023EAF718
:105F900073FD002833D0374A012331462846B847DD
:105FA00001303FF452AFDDE90D38434502DB236891
:105FB000D8070FD5DDE9082331462846B847013018
:105FC0003FF443AF4FF0000908F1FF3804F11A0A1B
:105FD000C84509DC23689B0700F10381E0680F9B3B
:105FE0009842B8BF184632E7012352463146284648
:105FF000B84701303FF429AF09F10109E8E70D9BEB
:10600000002B39DC1B4A012331462846B8470130B2
:106010003FF41BAFDDE90D3959EA030302D12368D0
:10602000D907D7D5DDE9082331462846B8470130DE
:106030003FF40BAF4FF0000A04F11A0B0D9B5B42CB
:10604000534501DC4B4693E701235A463146284627
:10605000B84701303FF4F9AE0AF1010AEEE700BF9C
:10606000FFFFEF7F0B2B02080F2B0208132B0208F8
:10607000172B02081B2B0208A36DDDF838A053452F
:10608000A8BF5346002B994636DC4FF0000B29EA97
:10609000E97904F11A02A36D0A93A3EB09035B45A6
:1060A00031DC0D9B9A453ADC2368DA0737D40D9B27
:1060B000AAEB03090A9BAAEB03039945A8BF9946DB
:1060C000B9F1000F33DC4FF0000829EAE97904F157
:1060D0001A0B0D9BAAEB0303A3EB090343457FF7C0
:1060E00079AF01235A4631462846B84701303FF47C
:1060F000ACAE08F10108ECE7424631462846B84705
:106100000130C2D1A1E60123314628460A92B847A0
:1061100001303FF49AAE0A9A0BF1010BBBE7DDE9BF
:10612000082331462846B8470130C0D18DE60A9A87
:106130004B46424431462846B8470130C3D184E635
:10614000DDF838A0BAF1010F01DCDB0736D50123F9
:10615000424631462846B84701303FF476AEDDE985
:10616000082331462846B84701303FF46EAED4E9E3
:106170001201002200230AF1FF3AEAF77DFCC0B9C0
:10618000534608F1010231462846B84701300CD188
:106190005BE601235A4631462846B84701303FF4B2
:1061A00054AE08F10108D045F3DB4B4604F1500230
:1061B000DFE64FF0000804F11A0BF4E70123424632
:1061C000E1E701234A4631462846B84701303FF40B
:1061D0003CAE08F10108E3680F995B1A4345F0DC17
:1061E000FCE64FF0000804F11909F4E72DE9F04747
:1061F000164698468A680B69DDF820909342B8BF2E
:106200001346336091F8432007460C460AB1013328
:1062100033602368990642BF3368023333602568D0
:1062200015F0060506D104F1190AE36832689B1AD5
:10623000AB4226DC94F843302268003B18BF0123B0
:1062400092062BD404F1430241463846C847013038
:106250001ED02368226903F00603042B02BFE56801
:106260003368ED1AA3680CBF25EAE5750025934253
:10627000C4BF9B1AED1800261A34B5421AD100206B
:1062800008E00123524641463846C847013003D151
:106290004FF0FF30BDE8F0870135C6E7E1185A1C22
:1062A000302081F84300224494F8451082F84310CE
:1062B0000233C7E70123224641463846C84701302A
:1062C000E6D00136D9E700002DE9FF470F7E0C9E8E
:1062D000782F914680460C469A4601F1430207D832
:1062E000622F0AD8002F00F0D280582F00F0B9801A
:1062F00004F1420684F842703AE0A7F16303152BDB
:10630000F6D801A151F823F0616301087563010813
:10631000F1620108F1620108F1620108F16201080D
:1063200075630108F1620108F1620108F162010878
:10633000F1620108756401089F6301082F64010878
:10634000F1620108F162010897640108F162010835
:106350009F630108F1620108F162010837640108D6
:1063600033681A1D1B68326004F1420684F842301B
:1063700001239DE033682068191D3160060601D5B0
:106380001D6803E04506FBD5B3F90050002D03DA84
:106390002D236D4284F8433059480A2311E02168C7
:1063A0003368080653F8045B02D4490648BFADB20F
:1063B0006F2F5348336014BF0A230823002184F849
:1063C00043106668A660002EA2BF216821F0040178
:1063D00021600DB9002E4BD01646B5FBF3F103FB3F
:1063E0001157C75D06F8017D2F46BB420D46F4D913
:1063F000082B0BD12368DF0708D523696168994210
:10640000DEBF302306F8013C06F1FF36921B226105
:10641000CDF800A04B4603AA21464046FFF7E6FE12
:1064200001304AD14FF0FF3004B0BDE8F087236857
:1064300043F0200323603348782784F845702368AD
:1064400031681F0651F8045B02D45F0648BFADB245
:106450003160D90744BF43F0200323601DB11023EE
:10646000ACE72748E9E7236823F020032360F6E739
:106470001646BDE7336825686169181D30602E0631
:106480001B6801D5196002E06806FBD5198000235E
:1064900023611646BCE733681A1D32601E686268C5
:1064A00000213046E9F76CFE08B1801B606063682C
:1064B0002361002384F84330AAE723693246494622
:1064C0004046D0470130ADD023689B0713D4E06825
:1064D000039B9842B8BF1846A6E7012332464946B7
:1064E0004046D04701309DD00135E36803995B1ADF
:1064F000AB42F2DCEBE7002504F11906F5E700BF3B
:106500001D2B02082E2B0208002310B50446C0E9FB
:106510000033C0E90433836081814366C2818361B3
:10652000194608225C3000F0F4F80D4B63620D4B05
:10653000A3620D4BE3620D4B23630D4B24629C421F
:1065400006D003F16802944202D0D0339C4205D1B8
:1065500004F15800BDE8104000F058B910BD00BF6C
:106560008D660108AF660108E76601080B67010840
:10657000A0F40020024A0349034800F069B800BFB4
:106580000CB40020F17E01081CB4002041680C4BC3
:10659000994210B5044601D001F0AAFCA168094B4C
:1065A000994202D0204601F0A3FCE168064B9942D3
:1065B00004D02046BDE8104001F09ABC10BD00BFD9
:1065C000A0F4002008F5002070F5002010B50B4B5A
:1065D0000B4C0C4A1A60204600220421FFF794FF5E
:1065E00004F1680001220921FFF78EFF04F1D000B9
:1065F0000222BDE810401221FFF786BFD8F5002027
:10660000A0F4002075650108014800F000B900BF42
:10661000E1F50020014800F0FBB800BFE1F50020E3
:1066200010B50446FFF7F0FF236A1BB1BDE8104028
:10663000FFF7F0BF044B2362044B1B68002BF5D11E
:10664000FFF7C4FFF2E700BF8D650108D8F5002011
:106650002DE9F8430746884614460026D4E90195FB
:10666000B9F1010905D52468002CF7D13046BDE801
:10667000F883AB89012B07D9B5F90E30013303D06C
:1066800029463846C04706436835E9E710B50C4649
:10669000B1F90E1000F06CF80028ABBF636DA38950
:1066A0001B1823F48053ACBF6365A38110BD2DE993
:1066B000F0411F468B89DB0505460C46164605D57D
:1066C000B1F90E100223002200F040F8A389B4F9BA
:1066D0000E1023F48053A38132463B462846BDE882
:1066E000F04100F057B810B50C46B1F90E1000F0AB
:1066F0002DF8431CA38915BF606523F4805343F430
:106700008053A38118BFA38110BDB1F90E1000F012
:106710000DB802440346934200D1704703F8011BB1
:10672000F9E700000048704758B5002038B5064D1D
:106730000023044608462B60EEF7D8FD431C02D127
:106740002B6803B1236038BDDCF5002038B5074D58
:1067500004460846114600222A601A46EEF7D0FD8C
:10676000431C02D12B6803B1236038BDDCF5002047
:1067700038B5074D04460846114600222A601A46DD
:10678000EEF798FD431C02D12B6803B1236038BD9E
:10679000DCF5002038B5074D0446084611460022B6
:1067A0002A601A46EEF794FD431C02D12B6803B110
:1067B000236038BDDCF50020014B1868704700BF2E
:1067C00018B4002070B50D4D0D4C641BA4100026AC
:1067D000A64209D10B4D0C4C01F0F2FF641BA41032
:1067E0000026A64205D170BD55F8043B98470136F6
:1067F000EEE755F8043B98470136F2E7442F0208CC
:10680000442F0208442F0208482F0208704770479F
:10681000704700001FB514461A46094B1B68054611
:10682000D86854B9074B1C46CDE9013400912B467A
:10683000054901F085FB01F0B3FB044BF4E700BF11
:1068400018B40020628B01084C2B02083F2B020871
:106850002DE9F74F03690C69A34207467EDB013C33
:1068600001F11408A30000F11405009305EB840363
:10687000019358F8243055F8242001339A4208EB4C
:106880008409B2FBF3F62ED34FF0000AC446AE469D
:10689000D3465CF8043B98B206FB00A0020C1B0C2C
:1068A00006FB0323DEF8002080B292B2121A5A448B
:1068B000DEF800004FEA134A9BB2C3EB224303EB1E
:1068C000104392B242EA0342E1454EF8042B4FEAEC
:1068D000234BDED2009BEB582BB9019B043B9D421E
:1068E0001A462FD33C61384601F07CF9002825DB9D
:1068F0002946002058F8042BD1F800C01FFA82FE68
:106900001FFA8CF3A3EB0E030344120CC2EB2342D9
:1069100002EB1C429BB243EA0243C14541F8043BEF
:106920004FEA2240E6D255F8242005EB840322B931
:10693000043B9D421A460BD33C610136304603B0FE
:10694000BDE8F08F1268043B002ACBD1013CC6E7BA
:106950001268043B002AEFD1013CEAE70020EEE791
:106960002DE9F04FC76997B014461D46CDE90245A1
:10697000239E83467FB9102000F004FE0246CBF828
:106980001C0020B9A84BEF21A848FFF743FFC0E93E
:1069900001770760C760DBF81C30196859B15A6885
:1069A0004A60012393408B60584600F0E1FEDBF81B
:1069B0001C3000221A602B1EB9BF23F00043039342
:1069C00000233360DDF80C80994BBCBF012232609C
:1069D00033EA080312D1229A42F20F731360C8F30C
:1069E0001303234300F05185249BDFF848A2002BBA
:1069F00000F053850AF1030300F04DBDDDE90223E9
:106A0000CDE90C23DDE90C0100220023EAF734F87C
:106A1000074658B1229A01231360249B13B1249A8C
:106A2000854B1360DFF814A200F037BD14AB01935F
:106A300015AB00935846DDE90C2301F081F9C8F34A
:106A40000A568146002E76D00D9B1297C3F313038E
:106A5000DDE90C0143F07F5343F44013A6F2FF3607
:106A600019460022764BE9F7E7FB69A3D3E9002337
:106A7000E9F79AFD68A3D3E90023E9F7DFFB0446B1
:106A800030460D46E9F726FD65A3D3E90023E9F773
:106A90008BFD02460B4620462946E9F7CFFB04460C
:106AA0000D46EAF731F80022074600232046294622
:106AB000E9F7ECFF40B13846E9F70CFD22462B46DA
:106AC000E9F7DAFF00B9013F162F52D85D4B03EB0F
:106AD000C703D3E90023DDE90C01E9F7D7FF00285C
:106AE00049D0013F00230F93149B9B1B5A1E44BFA8
:106AF000C3F101080023099254BF4FF00008099325
:106B0000002F3ADB099B0E973B44099300230A931D
:106B1000209B092B65D8052BC4BF043B2093209BE9
:106B2000A3F10203CCBF00240124032B64D8DFE8C7
:106B300003F02B383656DDE914631E4406F2324367
:106B4000202BC1BFC3F1400308FA03F806F2124339
:106B500024FA03F3D6BFC3F1200348EA030004FA82
:106B600003F0E9F7A7FC0122A1F1F873013E1292AC
:106B700076E70123B7E70F90B6E77B420A9300233D
:106B8000A8EB07080E93C3E700230B93219B002B70
:106B900035DC0123CDE907331A4621920BE00123AE
:106BA000F3E700230B93219BFB1808930133012B80
:106BB0000793B8BF0123DBF81C000021042202F177
:106BC00014059D421FD94160584600F091FD824650
:106BD00000283BD11C4B024640F2AF11D4E6012302
:106BE000E0E70124002320930B944FF0FF33CDE91D
:106BF000073300221223D0E701230B93F5E7219BF3
:106C0000CDE90733D7E701315200D8E7AFF3008071
:106C100061436F63A787D23FB3C8608B288AC63FA2
:106C2000FB799F501344D33F9C2A0208882B02080B
:106C30000000F07F842B02081C2B02081B2B02088B
:106C40000000F83F802C0208E02B0208DBF81C3023
:106C50001860079B0E2B00F2A480002C00F0A1808E
:106C6000002F33DD864B07F00F0203EBC203D3E99D
:106C70000034F805CDE904344FEA271416D5814BCA
:106C8000DDE90C01D3E90823E9F7B8FDCDE90201FC
:106C900004F00F0403267B4D54B9DDE90423DDE93C
:106CA0000201E9F7ABFDCDE9020128E00226F2E797
:106CB000E10708D5DDE90401D5E90023E9F774FC13
:106CC000CDE90401013664100835E5E700F0D28013
:106CD0007C426B4B6B4D04F00F0203EBC203D3E914
:106CE0000023DDE90C01E9F75FFCCDE90201241185
:106CF00000230226002C40F0B280002BD3D10F9B42
:106D0000DDE90245002B00F0B7805F4B00222046F2
:106D10002946E9F7BBFE002800F0AE80079B002B58
:106D200000F0AA80089B002B37DD7B1E04932046D1
:106D3000564B00222946E9F737FCCDE90201089CB1
:106D400001363046E9F7C6FBDDE90223E9F72CFC02
:106D50004F4B0022E9F772FA0546A1F15076002C5C
:106D600040F09A80DDE902014A4B0022E9F764FA1B
:106D700002460B46CDE902232A463346E9F7A4FE34
:106D8000002840F08E82DDE902012A4606F1004328
:106D9000E9F77CFE002840F02781DDE90C34CDE9DD
:106DA0000234159B002BC0F263810E2F00F360812B
:106DB000334B03EBC703D3E90034CDE90434219B03
:106DC000002B03DA079B002B40F30081DDE902452D
:106DD0005646DDE9042320462946E9F70FFDE9F789
:106DE00093FE8046E9F776FBDDE90423E9F7DCFB57
:106DF00002460B462046294608F13004E9F71CFA02
:106E000006F8014B079DA6EB0A04A54202460B4675
:106E100040F01681E9F712FADDE9042304460D4635
:106E2000E9F752FE002840F0F880DDE9042320460F
:106E30002946E9F721FE18B118F0010F40F0ED8066
:106E40004946584600F094FC00233370229B0137DA
:106E50001F60249B002B00F020831E601DE3E207CF
:106E600005D5D5E90023E9F79FFB0136012364101E
:106E700008353FE7022642E7079C049761E700BF19
:106E8000802C0208582C02080000F03F000024402B
:106E900000001C4000001440704B0B9903EBC4032E
:106EA00053E902235444002945D06D490020E9F7F5
:106EB000A5FC33462A46E9F7BFF9CDE9100156464D
:106EC000DDE90201E9F720FE0546E9F703FB02468A
:106ED0000B46DDE90201E9F7AFF9303502460B4612
:106EE000CDE9022306F8015BDDE91023E9F7CEFDC9
:106EF000002863D1DDE902235A490020E9F79CF913
:106F0000DDE91023E9F7C2FD002840F08780A642A2
:106F10003FF443AFDDE91001534B0022E9F744FB96
:106F2000514BCDE910010022DDE90201E9F73CFBFC
:106F3000CDE90201C4E731462846E9F735FBCDE942
:106F4000100113945646DDE90201E9F7DDFD05461F
:106F5000E9F7C0FA02460B46DDE90201E9F76CF9F0
:106F6000303506F8015B02460B46A642CDE9022306
:106F70004FF0000224D13A4BDDE91001E9F75EF948
:106F800002460B46DDE90201E9F79EFD002845D1E6
:106F9000DDE9102332490020E9F74EF902460B469D
:106FA000DDE90201E9F772FD00283FF4F6AE139E19
:106FB000731E139316F8013C302BF8D0049F3FE763
:106FC000294BE9F7F1FACDE90201BCE70CD1274BD7
:106FD0000022DDE90401E9F7E7FADDE90223E9F738
:106FE00069FD002800F05B8100242546219BDB43DE
:106FF0000493564600272146584600F0B9FB002D61
:10700000DCD02FB1AF4203D03946584600F0B0FB78
:107010002946584600F0ACFBD0E7049733461E469D
:1070200013F8012D392A07D19A45F8D1049A013273
:10703000049230228AF800201A7801321A70BDE7D3
:10704000094B0022E9F7B0FA0022002304460D465E
:10705000E9F712FD00283FF4BCAEF1E6802C0208EF
:107060000000E03F0000F03F00002440000014401A
:107070000B9A002A00F0DB80209A012A00F3BF80DF
:10708000129A002A00F0B78003F233430A9C464666
:10709000099A01211A4458469844099200F01CFCB0
:1070A00005465EB1099B002B08DDB342099AA8BFD3
:1070B0003346A8EB0308F61AD31A09930A9BF3B1D7
:1070C0000B9B002B00F0B7808CB129462246584616
:1070D00000F0C2FC4A4601460546584600F012FC44
:1070E00049460490584600F043FB049B99460A9B8E
:1070F0001A1B04D04946584600F0AEFC81460121D7
:10710000584600F0E9FB0E9B0446002B00F0C981B5
:107110001A460146584600F09FFC209B012B04466E
:1071200000F38F80029B002B40F08780039BC3F30A
:107130001303002B40F08380039B23F000431B0DBF
:107140001B052BB1099B0133099308F101080123A9
:107150000A930E9B002B00F0AA81236904EB8303A2
:10716000186900F06DFBC0F12000099B184410F075
:107170001F0071D0C0F12003042B65DD099BC0F115
:107180001C000344804406440993B8F1000F05DD58
:1071900049464246584600F0B9FC8146099B002BFF
:1071A00005DD21461A46584600F0B0FC04460F9B08
:1071B000002B53D02146484600F014FD00284DDA3C
:1071C0007B1E0493494600230A22584600F0F2FA37
:1071D0000B9B8146002B00F06C81002329460A227C
:1071E000584600F0E7FA089B002B054661DC209B1F
:1071F000022B3BDC5DE0149BC3F1360346E7079BA3
:107200005C1E0A9BA342BFBF0A9B0E9A0A94E31A14
:10721000B4BFD2181C1B079BBCBF0E920024002BCE
:10722000B5BFA8EB0306079B0023464630E70A9C40
:107230000B9D464635E70A9A5CE7002388E7029BE8
:1072400086E700230A9388E79FD0099A1C331A44E3
:1072500098441E44099298E70346F6E7079B049773
:10726000002B20DC0893209B022B1EDD089B002BAB
:107270007FF4BCAE21460522584600F09BFA014639
:107280000446484600F0AEFC00287FF7AFAE5646F5
:10729000312306F8013B049B01330493AAE6079CC3
:1072A00004972546F3E7079B08930B9B002B00F000
:1072B0000481002E05DD29463246584600F026FCA2
:1072C00005460A9B002B5AD06968584600F010FA10
:1072D000064628B9844B024640F2EF21FFF754BB23
:1072E0002A690232920005F10C010C3000F04AFECE
:1072F00001223146584600F009FC0AF101030793C8
:10730000089B53440B93029B03F001032F460A93FF
:107310000546079B2146013B48460293FFF798FA32
:107320003946089000F13008484600F05BFC2A46D8
:1073300009902146584600F071FCC268064602BB1F
:107340000146484600F04EFC0246314658460C9233
:1073500000F00EFA209B0C9A079E43EA02010A9B5A
:10736000194310D1B8F1390F29D0099B002B02DD48
:10737000089B03F13108029B83F800803BE6284616
:10738000BBE70122E1E7099B002B04DB20990B43BB
:107390000A990B4320D1002AEDDD494601225846C7
:1073A00000F0B4FB2146814600F01CFC002803DC01
:1073B000E1D118F0010FDED0B8F1390FD8D1029A1F
:1073C0003923137033461E46013B16F8012C392A27
:1073D00052D001321A700EE6002A07DDB8F1390FDB
:1073E000EDD0029A08F10103137004E6079B079A97
:1073F00003F8018C0B9B934228D0494600230A22B4
:10740000584600F0D7F9AF4281464FF000034FF0E5
:107410000A023946584607D100F0CCF9074605461E
:10742000079B0133079374E700F0C4F92946074628
:1074300000230A22584600F0BDF90546F0E7089BF4
:10744000002BCCBF1E460126564400274946012288
:10745000584600F05BFB2146814600F0C3FB002844
:10746000B0DC02D118F0010FACD133461E4613F840
:10747000012D302AFAD0BEE59A45A4D1049B0133F0
:10748000049331238AF80030B5E5249BDFF85CA033
:107490001BB10AF10803249A1360504617B0BDE8E7
:1074A000F08F209B012B7FF73DAE0E9B0A930120AE
:1074B0005BE6089B002B7FF7D6AE56462146484632
:1074C000FFF7C6F900F1300806F8018B089BA6EB20
:1074D0000A029342B3DD494600230A22584600F0CF
:1074E00069F98146EAE700BFE02B02087B2B02081E
:1074F00038B50546002941D051F8043C0C1F002B3B
:10750000B8BFE41800F0E8F81D4A136833B96360A7
:1075100014602846BDE8384000F0E4B8A34208D91A
:10752000206821188B4201BF19685B680918216027
:10753000EDE71A465B680BB1A342FAD911685018FF
:10754000A0420BD120680144501883421160E0D161
:1075500018685B68536008441060DAE702D90C23AE
:107560002B60D6E7206821188B4204BF19685B683E
:10757000636004BF091821605460CAE738BD00BFCA
:10758000E8F50020024B0146186800F025B800BF5E
:1075900018B4002070B50F4E0C463168054611B97D
:1075A00000F0E0FC30602146284600F0DBFC431C84
:1075B00003D14FF0FF34204670BDC41C24F00304F7
:1075C000A042F8D0211A284600F0CCFC0130F2D1BC
:1075D000EFE700BFE4F500202DE9F843CD1C25F0CE
:1075E000030508350C2D38BF0C25002D064601DBA0
:1075F000A94204D90C2333600020BDE8F883DFF8EA
:10760000D48000F069F8D8F800301C4644BB294605
:107610003046FFF7BFFF431C044658D1D8F800405E
:107620002746002F43D1002C4BD0236839463046E3
:1076300004EB030900F096FC814542D121686D1AE4
:1076400029463046FFF7A6FF01303AD023682B4485
:107650002360D8F800305A6862BBC8F800700FE0A9
:107660002268521B20D40B2A17D96119A342256026
:1076700018BF5960636808BFC8F8001062514B60BA
:10768000304600F02FF804F10B00231D20F0070016
:10769000C21A1CBF1B1AA350AFE76268A3420CBFFB
:1076A000C8F800205A60EBE723466468AEE73C4622
:1076B0007F68B6E71A465B68A342FBD1002353609C
:1076C000DEE70C233360304600F00CF894E70560E9
:1076D000D6E700BFE8F500200148FFF798B800BFE3
:1076E000E0F500200148FFF793B800BFE0F5002067
:1076F00070B5C66904460D4676B91020FFF742FF03
:107700000246E06120B9184B18486B21FFF782F858
:10771000C0E901660660C660E669F36883B1E369A3
:10772000DB6853F82500B8B9012101FA05F6721D8E
:107730009200204600F03BFC60B1C0E901560EE02B
:1077400021220421204600F032FCE369F060DB686E
:10775000002BE4D1002070BD026843F825200023EF
:10776000C0E90333F7E700BF9C2A0208F12B0208A7
:1077700070B5C66905460C4676B91020FFF702FFC2
:107780000246E86120B9094B09488F21FFF742F80A
:10779000C0E901660660C6603CB1EB696268DB68FF
:1077A00053F82210216043F8224070BD9C2A020841
:1077B000F12B02082DE9F0410D6907460C461E46E3
:1077C00001F1140C0020DCF8003099B202FB0161D9
:1077D0001E0C0B0C02FB063389B2013001EB034196
:1077E00085424CF8041B4FEA1346ECDC0EB3A36849
:1077F000AB4219DC616838460131FFF779FF8046FA
:1078000028B902460C4B0D48BA21FFF703F822694C
:10781000023204F10C0192000C3000F0B3FB21465F
:107820003846FFF7A5FF444604EB850301355E614A
:1078300025612046BDE8F081E02B0208F12B02080B
:10784000B0F5803F034636BF030400201020B3F19B
:10785000807F3CBF1B020830B3F1805F3CBF1B013F
:107860000430B3F1804F3CBF9B000230002B05DB9E
:1078700013F0804F00F1010008BF2020704703681B
:10788000024613F007000BD0D90721D4980749BF4F
:107890005B089B08012013605CBF136002207047E7
:1078A00099B209B91B0C1020D9B209B908301B0ACA
:1078B000190704BF1B090430990704BF9B08023055
:1078C000D90703D45B0800F1010003D013607047AF
:1078D000002070472020704710B50C460121FFF7AB
:1078E00007FF024628B9054B054840F24511FEF74F
:1078F00091FF01234461036110BD00BFE02B02082A
:10790000F12B02082DE9F04F14460A6923699A42C7
:10791000A8BF23460F46A4BF0C461F46D4F810A0AC
:10792000D7F81090A36861680AEB0906B34285B0E6
:10793000B8BF0131FFF7DCFE30B90246444B454881
:107940004FF4B171FEF766FF00F1140505EB8608F0
:107950002B460022434521D307F1140104F1140200
:1079600002EB8A0201EB89030293131B153B23F000
:107970000303043304F11507BA4238BF042301930B
:10798000029B03918B420CD8002E03DD58F8043D76
:10799000002B5AD0066105B0BDE8F08F43F8042BE8
:1079A000D8E7B1F800A0BAF1000F23D004F1140E0B
:1079B000A9464FF0000C5EF8047BD9F800301FFA9E
:1079C00087FB9BB20AFB0B336344D9F800C03F0C22
:1079D0004FEA1C4C0AFB07C707EB13479BB243EA6D
:1079E0000743724549F8043B4FEA174CE3D8019B23
:1079F00045F803C0039BB3F802900431B9F1000FBE
:107A000021D02B6804F1140CAE464FF0000ABCF8EC
:107A100000B0BEF8027009FB0B7757449BB243EAF3
:107A200007434EF8043B5CF8043B4FEA134ABEF8A8
:107A3000003009FB0A3303EB174362454FEA134A50
:107A4000E5D8019FEB5104359AE7013E9CE700BF62
:107A5000E02B0208F12B02082DE9F843154612F03D
:107A6000030207460E4607D0254C013A002354F87E
:107A70002220FFF79FFE0646AD103DD0FC697CB981
:107A80001020FFF77FFD0246F86128B91D4B1E4804
:107A900040F2B311FEF7BEFEC0E901440460C460C9
:107AA000D7F81C80D8F808404CB940F2712138460C
:107AB000FFF712FF0023C8F80800044603604FF0E8
:107AC0000009EB070AD5314622463846FFF71AFF70
:107AD000314680463846FFF74BFE46466D100BD0C8
:107AE000206838B9224621463846FFF70BFF206050
:107AF000C0F800900446E4E73046BDE8F88300BFD4
:107B00004C2C02089C2A0208F12B02082DE9F047B0
:107B10000C464968236903EB6218A368074691463F
:107B20004FEA621A08F10106B3420BDB3846FFF751
:107B3000DFFD054648B90246284B29484FF4EF714E
:107B4000FEF768FE01315B00EEE7002300F114014F
:107B500000F110021846534533DB20692AEAEA7A1D
:107B600004F1140319F01F0901EB8A0103EB800CE7
:107B70002BD0C9F1200E8A460022186800FA09F0BD
:107B800010434AF8040B53F8042B9C4522FA0EF2DA
:107B9000F3D8ACEB0403153B23F00303043304F1E7
:107BA0001500844538BF0423CA500AB108F1020603
:107BB000013E38462E612146FFF7DAFD2846BDE832
:107BC000F08742F8040F0133C5E7043953F8042B5A
:107BD00041F8042F9C45F9D8EAE700BFE02B0208E2
:107BE000F12B02080A6903460069801A30B50ED1EC
:107BF0001433143103EB820401EB820154F8045D69
:107C000051F8042D954203D005D24FF0FF3030BD1E
:107C1000A342F3D3FBE70120F9E700002DE9F74F7A
:107C200089460646114648461446FFF7DBFF051E07
:107C300012D129463046FFF75BFD024628B93E4B7C
:107C400040F237213D48FEF7E5FD0123C0E9043548
:107C5000104603B0BDE8F08FBCBF4B46A14630468E
:107C6000D9F80410BABF1C4601250025FFF740FDD6
:107C7000024618B9304B40F24521E3E7D9F81070BD
:107C80002669C56009F1100309F1140504F1140E09
:107C900000F1140B05EB87080EEB86060193D9461D
:107CA0004FF0000C019B5EF8040B53F804AF0193F6
:107CB00081B21FFA8AF35B1A000C6344C0EB1A40CE
:107CC00000EB23409BB243EA0043764549F8043B6E
:107CD0004FEA204CE6D8331B153B23F00303153441
:107CE0000433A64238BF04231D445B441E462C4681
:107CF00044450ED308F10301491B21F00301033D64
:107D0000A84538BF00210B4453F8041D91B11761F9
:107D10009EE754F8041BE646080C1CFA81FC7144EB
:107D200000EB2C4089B241EA004146F8041B4FEABF
:107D3000204CDDE7013FE7E7E02B0208F12B0208CA
:107D40002DE973430121089E90469946FFF7D0FC28
:107D5000044630B90246244B244840F20F31FEF766
:107D600059FDC9F30A55C9F313030DB143F4801348
:107D70000193B8F1000324D068460093FFF77FFD1C
:107D8000DDE90012D8B1C0F1200302FA03F30B437E
:107D9000C24063610192019BA361002B0CBF0122D1
:107DA00002222261ADB1A5F2334505443560C0F130
:107DB0003500099B1860204602B0BDE87083616100
:107DC000E9E701A8FFF75BFD019B63612030012219
:107DD000E7E704EB8203A0F2324030601869FFF756
:107DE0002FFDC0EB4210E4E7E02B0208F12B020864
:107DF000B1F90C20F8B5160705460C4654D44B686B
:107E0000002B02DC0B6C002B48DDE66A002E45D00F
:107E1000002312F480522F68216A2B6030D0626DEB
:107E2000A389590705D56368D21A636B0BB1236C1C
:107E3000D21A0023E66A216A2846B047431CA38968
:107E400006D129681D292BD8284A0A41D60727D4EC
:107E500000226260D9042269226004D5421C01D14B
:107E60002B6803B96065616B2F60B9B104F14403FD
:107E7000994202D02846FFF73BFB002363630DE0E5
:107E800001232846B0470246501CC9D12B68002B5D
:107E9000C6D01D2B01D0162B1DD12F60002021E054
:107EA00043F040031BB21AE00F69002FF6D093078E
:107EB0000E6808BF4B690F6018BF0023F61B8B606C
:107EC000002EEBDD216AD4F828C033463A46284616
:107ED000E047002807DCB4F90C3043F04003A381ED
:107EE0004FF0FF30F8BD0744361AE9E7FEFFBFDF69
:107EF00038B50B6905460C4613B90025284638BD30
:107F000018B1036A0BB9FEF78BFBB4F90C30002BE8
:107F1000F3D0626ED00704D4990502D4A06DFEF7A9
:107F200076FC28462146FFF763FF636EDA070546B5
:107F3000E4D4A3899B05E1D4A06DFEF769FCDDE7DD
:107F40000EB403B5014603AB054853F8042B006893
:107F5000019300F087F802B05DF804EB03B07047BE
:107F600018B4002038B5064D0023044608462B609F
:107F7000EDF7C8F9431C02D12B6803B1236038BD6B
:107F8000DCF500200A44914200F1FF3300D1704734
:107F900010B511F8014B03F8014F9142F9D110BD12
:107FA00008B5062000F032FA0120EDF77DF970B532
:107FB000A1FB02543CB92946FFF70EFB064628B93F
:107FC0000026304670BD0C220260F9E72A462146A1
:107FD000FEF79FFBF5E782B001B901A942B14BB1B1
:107FE00013780B601278101E18BF012002B0704782
:107FF0001046FBE76FF00100F8E70346084641B181
:10800000FF2A04D98A221A604FF0FF3070470A70A5
:10801000012070479368013B002B10B4936007DA8E
:108020009469A34201DB0A2902D110BC00F032B9E5
:108030001368581C10601970084610BC7047F8B5DA
:1080400006460F461446D518AC4201D1002007E081
:1080500014F8011B3A463046FFF7DCFF431CF3D10E
:10806000F8BD00002DE9F04F0D469DB0144698462E
:10807000064618B1036A0BB9FEF7D2FA6B6ED90740
:1080800005D4AB899A0502D4A86DFEF7C0FBAB8975
:108090001B0701D52B699BB92946304600F038F9FA
:1080A00070B16B6EDC0704D54FF0FF301DB0BDE83A
:1080B000F08FAB899805F7D4A86DFEF7A9FBF3E71D
:1080C0000023099320238DF82930CDF80C8030232C
:1080D000DFF8AC818DF82A304FF0010923469A462B
:1080E00013F8012B0AB1252AF9D1BAEB040B0BD0F6
:1080F0005B46224629463046FFF7A1FF013000F0DB
:10810000A780099A5A4409929AF80030002B00F08F
:108110009F8000234FF0FF32CDE905230AF1010AC9
:10812000049307938DF853301A935446052214F89C
:10813000011B5348E8F724F8049AD8B9D10644BF84
:1081400020238DF85330130744BF2B238DF8533071
:108150009AF800302A2B15D0079A544600204FF089
:108160000A0C214611F8013B303B092B4BD9B0B129
:10817000079214E0A0EB080309FA03F313430493F6
:10818000A246D2E7039B191D1B680391002BBBBFBE
:108190005B4242F0020207930793B8BF0492237830
:1081A0002E2B0AD163782A2B32D1039B1A1D1B6810
:1081B000039243EAE37302340593DFF8C8A0217801
:1081C00003225046E7F7DCFF38B1049BA0EB0A001E
:1081D0004022824013430134049314F8011B2A48BF
:1081E0008DF828100622E7F7CBFF00283FD0274B59
:1081F0001BBB039B073323F0070308330393099B3F
:108200003B4409936AE70CFB02320C460120A8E7C5
:1082100000230134059319464FF00A0C204610F84C
:10822000012B303A092A03D9002BC6D00591C4E7A7
:108230000CFB012104460123F0E703AB00932A461F
:10824000134B04A93046FDF7A5FD0746781CD6D18F
:108250006B6ED90705D4AB899A0502D4A86DFEF7D9
:10826000D7FAAB895B063FF51FAF09981EE703AB52
:1082700000932A46064B04A93046FEF725F8E4E7AA
:10828000512E0208572E02085B2E0208955D010848
:108290003F800108F8B50E461446054618B1036A3A
:1082A0000BB9FEF7BDF9A369A360A3891A0701D52D
:1082B000236943B92146284600F02AF818B14FF047
:1082C000FF373846F8BD23682269981A6369F6B209
:1082D0008342374605DC21462846FFF709FE002881
:1082E000EDD1A368013BA36023685A1C22601E7075
:1082F0006269431C9A4204D0A389DB07E1D50A2EA8
:10830000DFD121462846FFF7F3FD0028D9D0D6E774
:1083100038B5294B054618680C4618B1036A0BB9E5
:10832000FEF77EF9B4F90C30190722D4DA0607D427
:1083300009222A6043F04003A3814FF0FF3033E06D
:10834000580712D5616B41B104F14403994202D040
:108350002846FFF7CDF800236363A38923F02403A5
:10836000A3810023636023692360A38943F008038A
:10837000A38123694BB9A38903F42073B3F5007F6C
:1083800003D02146284600F083F8B4F90C3013F0EE
:1083900001020AD00022A26062695242A2612269EF
:1083A00042B913F08000C5D138BD990758BF626942
:1083B000A260F4E70020F7E718B400201F2938B5C1
:1083C00005460C4604D9162303604FF0FF3038BD34
:1083D000C26B12B152F821304BB9284600F030F888
:1083E000224601462846BDE8384000F017B8012B68
:1083F0000AD0591C03D1162303600120E7E70021AE
:1084000042F82410204698470020E0E7024B01463E
:108410001868FFF7D3BF00BF18B4002038B5074D68
:1084200000230446084611462B60ECF735FF431C39
:1084300002D12B6803B1236038BD00BFDCF50020FA
:10844000ECF728BF70B50C46B1F90E10002996B0B4
:1084500015461E460DDAA38913F0800F4FF0000178
:1084600014BF40234FF48063002031602B6016B0AE
:1084700070BD6A4600F048F80028ECDB019901F471
:108480007041A1F50053594259414FF48063EBE725
:108490008B89F7B59D0706460C4607D504F14703BF
:1084A000236023610123636103B0F0BD01AB6A4621
:1084B000FFF7C8FF009F054639463046FFF78CF8A6
:1084C00048B9B4F90C309A05EED423F0030343F015
:1084D0000203A381E2E7A389206043F08003A38124
:1084E000019BC4E904075BB1B4F90E10304600F0FB
:1084F0001DF828B1A38923F0030343F00103A381EE
:10850000A3891D43A581CFE738B5074D0023044655
:10851000084611462B60ECF7ECFE431C02D12B6899
:1085200003B1236038BD00BFDCF5002038B5064D2F
:108530000023044608462B60ECF7E0FE431C02D102
:108540002B6803B1236038BDDCF5002038B5054643
:1085500000F046F8294604462846E8F721FE68B9A7
:1085600000212846E8F7F4FD40B1FEF725F9212364
:10857000002103600846E8F701FD0446204638BDA7
:1085800038B504460D4600F011F810B92C462046C7
:1085900038BD284600F00AF80028F8D029462046C1
:1085A000E8F7F4FD0028F1D0F1E7000030F00040DA
:1085B0000DD0A0F50003B3F1FE4F0AD3074B421EC6
:1085C0009A4208D9A0F1FF4358425841704702200F
:1085D0007047042070470320704700BFFEFF7F00F4
:1085E00020F00042B2F1FF4F2DE9F041034604466E
:1085F0000AD30146E8F70EFC01462046E8F702FBE5
:1086000004462046BDE8F081002AFAD0002806DAA8
:108610000146E8F7F5FA0146E8F7B0FCF0E710F09C
:10862000FF424FEAE0513DD0C3F3160343F4000389
:10863000CA07A1F17F0558BF5B0000246D105B00E5
:10864000192026464FF0807172189A42DDBF5618E5
:1086500064189A1A1A4601384FEA42034FEA510148
:10866000F2D1BAB1144E154F30683968D6F800808F
:10867000E8F7C6FA01464046E8F774FD50B13068A5
:1086800039683668E8F7BEFA01463046E8F760FD1B
:1086900068B10234641004F17C5404EBC554B0E7B3
:1086A0005B0001321802FBD5013A891ABCE701349C
:1086B00024F00104EEE700BFD8B50020D4B50020B7
:1086C0002DE9F041C1F30A57A7F2FF36132E0246F7
:1086D0000B460C460546804635DC002E17DA34A3DF
:1086E000D3E90023E7F7AAFD00220023E8F7ECF91D
:1086F00050B1002C57DA24F000442C430025AC4242
:108700002D4C08BF4FF0004423462A4624E02B4F4F
:10871000374101EA070C5CEA000C1DD024A3D3E921
:108720000023E7F78BFD00220023E8F7CDF90028AE
:10873000EAD0002CBEBF4FF480133341E41824EA82
:1087400007040025E0E7332E0ADDB6F5806F03D17C
:10875000E7F774FD02460B4610461946BDE8F08166
:10876000A7F213474FF0FF3C2CFA07F70742F3D06C
:108770000FA3D3E90023E7F761FD00220023E8F708
:10878000A3F90028C0D0002C0ADA142E01D101343C
:1087900006E0C6F134060123B3401D444545F6D337
:1087A00025EA0705B0E700252C46ADE7AFF30080CA
:1087B0009C7500883CE4377E0000F0BFFFFF0F008F
:1087C000F8B500BFF8BC08BC9E467047F8B500BFBE
:0887D000F8BC08BC9E4670478E
:1087D800000000000100000002000000000000008E
:1087E8008813000010270000204E0000307500009C
:1087F800409C000050C3000060EA0000C0D40100A3
:1088080080A903000053070000EA063700000000B3
:108818005000000040F70937000000005000000039
:10882800C194C10000000000B22700000000000051
:108838000000000000000000000000000000000030
:1088480000232323232323205072696D7573204945
:108858006E697420537461727420232323232323A5
:108868000D00232323232323205072696D75732061
:10887800496E697420456E64202323232323230D26
:1088880000000000000000000000000001000000DF
:1088980001000000020000000000000000000000CD
:1088A80001000000010000000200000041425000E9
:1088B8004F544141000D0A232323232323204C6FC7
:1088C80052612041637469766174696F6E205479CE
:1088D8007065203A202573202323232323230D0AA0
:1088E800000D0A232323232323202055706C696E4F
:1088F8006B436F756E746572204C6F6164203A200B
:108908002575202323232323230D0A000D0A23235F
:1089180023232323204E6578742053656E642054E6
:10892800696D65203A20202564206D696E7574652F
:10893800207C202564207365636F6E6420232323C5
:108948002323230D0A0A000D0A232323232323208C
:1089580054696D6572204572726F72202323232338
:1089680023230D0A000D0A232323232323204C6FDE
:1089780052612055706C696E6B436F756E746572C9
:10898800203A202575202323232323230D0A000DB5
:108998000A232323232323205478496E6465783AD5
:1089A80020256420202323232323230D0A000D0AD6
:1089B80023232323232320525353493A2025642079
:1089C800202323232323230D0A000D0A23232323F3
:1089D8002323204C525F5374617475733A202573B6
:1089E80020202323232323230D0A000D0A232323D6
:1089F800232323204F505F5374617475733A2025E5
:108A08007320202323232323230D0A000D0A232365
:108A180023232323204A4F494E204661696C203A7C
:108A280020256420202323232323230D0A000D0A55
:108A38002323232323232041434B204661696C20B1
:108A48003A20256420202323232323230D0A000D05
:108A58000A232323232323204142502041434B2030
:108A68004661696C203A20536C6565702020232389
:108A7800232323230D0A000D0A2323232323232042
:108A88004F5441412041434B204661696C203A20B4
:108A98005245424F4F5420202323232323230D0ADA
:108AA800000D0A2323232323232041434B20436F14
:108AB8006E6669726D203A205061737320202323FB
:108AC800232323230D0A000D0A23232323232320F2
:108AD8004669727374204A6F696E2020232323230A
:108AE80023230D0A000D0A232323232323204D4388
:108AF80055205265626F6F74202323232323230D8F
:108B08000A000D0A232323232323204B65792043BE
:108B18006F6E666967204279205072696D7573209F
:108B28005374617274202323232323230D0A0A001C
:108B38000D232323232323204B657920436F6E665F
:108B48006967204279205072696D757320456E649B
:108B5800202323232323230D0A0A0023232323234B
:108B68002320414343454C45524F5F4759524F20BC
:108B7800536C656570202323232323230D0A0023C8
:108B8800232323232320414343454C45524F5F472A
:108B980059524F5F4572726F72203A202564202324
:108BA80023232323230D0A002323232323232041C4
:108BB8004343454C45524F5F4759524F5F43616CA1
:108BC80063756C6174696F6E202323232323230D3F
:108BD8000A00202425642025642025643B002323E3
:108BE8002323232320414343454C45524F5F475994
:108BF800524F5F57616B6520557020436E74203A61
:108C0800202564202323232323230D0A0023232341
:108C180023232320414343454C45524F5F47595234
:108C28004F5F57616B65205570202323232323232F
:108C38000D0A00008F4F00087D4F0008614F0008A3
:108C4800814F00085D4F0008A14F00082564732577
:108C58003033643A00000000D95400087955000800
:108C6800E954000885550008495500089155000841
:108C780000000000F9540008B15400087D540008B1
:108C8800355400088D540008A154000841540008C8
:108C980045540008595400080D5800083558000874
:108CA800B9570008A557000853776974636820749A
:108CB8006F20436C61737320256320646F6E650DAC
:108CC8000A00414243004E41434B000D0A2323232F
:108CD800232323203D3D3D3D3D3D3D3D3D3D204D34
:108CE8004350532D436F6E6669726D203D3D3D3D87
:108CF8003D3D3D3D3D3D3D3D3D0D0A0023232323A4
:108D0800232320552F4C204652414D453A253034D7
:108D180064207C20504F52543A2564207C204452D1
:108D28003A2564207C205057523A256400207C2044
:108D38004D534720545950453A00434F4E464952E7
:108D48004D4544205B25735D0D0A00554E434F4E3B
:108D58004649524D45440D0A000D0A232323232377
:108D680023203D204A4F494E4544203D20004142A2
:108D780050203D3D3D3D3D3D3D3D3D3D3D3D3D3D25
:108D88003D3D3D3D3D3D3D3D0D0A004F5441412097
:108D98003D3D3D3D3D3D3D3D3D3D3D3D3D3D3D3DFB
:108DA8003D3D3D3D3D0D0A000D0A2323232323238A
:108DB800204A4F494E204641494C45440D0A00235C
:108DC800232323232320552F4C204652414D453A37
:108DD8004A4F494E207C2044523A2564207C20503A
:108DE80057523A25640D0A004C6D48616E646C65F3
:108DF800722053746F70206F6E20676F696E6720E2
:108E08002E2E2E0D0A004C6D48616E646C65722022
:108E180053746F707065640D0A004C6D48616E6420
:108E28006C65722073776974636820746F204F547F
:108E38004141206D6F64650D0A004C6D48616E6498
:108E48006C65722073776974636820746F2041427F
:108E580050206D6F64650D0A000D0A232323232318
:108E68002320424541434F4E204C4F53540D0A0096
:108E78000D0A23232323232320424541434F4E2019
:108E88005245434549564544207C2044523A25647E
:108E9800207C20525353493A2564207C20534E525B
:108EA8003A2564207C2046513A2564207C20544988
:108EB8004D453A2564207C20444553433A25642097
:108EC8007C20494E464F3A303258253032582530AA
:108ED8003258202530325825303258253032580D36
:108EE8000A000D0A23232323232320424541434F0D
:108EF8004E204E4F542052454345495645440D0A8D
:108F0800004E564D20444154412053544F5245443D
:108F18000D0A004E564D20444154412052455354A9
:108F28004F5245440D0A005258202D20506F72743C
:108F3800203A202564207C2042756666203A202548
:108F4800640D0A004C4544204F46460D0A004C4526
:108F580044204F4E0D0A0023232323232320442F8C
:108F68004C204652414D453A25303464207C2050EF
:108F78004F52543A2564207C2044523A2564207C80
:108F880020534C4F543A2573207C20525353493A6E
:108F98002564207C20534E523A25640D0A004E5613
:108FA8004D204441544120555020544F20444154B1
:108FB800450D0A004E564D20444154412053544F0C
:108FC8005245204641494C45440D0A0053454E44FC
:108FD80020524551554553540D0A004E657874206A
:108FE800547820696E20203A207E256420736563BA
:108FF8006F6E642873290D0A004150504C49434153
:1090080054494F4E5F56455253494F4E3A205625C4
:10901800582E25582E25580D0A004D575F4C4F5293
:109028004157414E5F56455253494F4E3A202056BC
:1090380025582E25582E25580D0A004D575F5241A8
:1090480044494F5F56455253494F4E3A20202020FD
:109058005625582E25582E25580D0A004C325F5398
:109068005045435F56455253494F4E3A20202020E1
:10907800205625582E25582E25580D0A0052505F87
:10908800535045435F56455253494F4E3A2020208E
:1090980020205625582D25582E25582E25580D0A9E
:1090A8000031003200435F4D4300505F4D430000E4
:1090B800A0860100400D0300801A060000350C0050
:1090C80040420F0080841E0000093D0000127A0013
:1090D8000024F40000366E010048E801006CDC0250
:1090E8000000000000000000000000000000000078
:1090F8000000000000000000000000000000000068
:10910800010000000200000003000000040000004D
:10911800010000000300000005000000010000003D
:1091280001000000060000000A0000002000000006
:109138000200000004000000080000001000000009
:109148004000000080000000000100000002000054
:10915800010002000400060008000A000C001000CC
:1091680020004000800000010804020408010101F9
:1091780001010103070100006572726F723A205203
:109188006567696F6E206973206E6F742064656609
:10919800696E656420696E20746865204D573A20B1
:1091A800736574206C6F726177616E5F636F6E6652
:1091B8002E68206163636F7264696E676C790D0A4B
:1091C800004D414320727854696D654F75740D0ADE
:1091D800004D414320747854696D654F75740D0ACC
:1091E800004D4143207278446F6E650D0A004D4171
:1091F80043207478446F6E650D0A00080A0C0D0E42
:1092080010121415181A1B1D1E212403050205012E
:10921800060202050000060000010504040202021D
:109228000202020202020202020202020302020215
:1092380002020203040302020202020405040302FA
:1092480002020205060504030202020607060504D7
:1092580003020207070706050403020707000000C8
:1092680000000001020100000000000203020100EA
:1092780000000003040302010000000405040302C7
:10928800010000050605040302010006070605049F
:109298000302010707070605040302070700000B7E
:1092A800357DF2F2F233337373DEDEDEDE33337391
:1092B80073F2F2F2F200000048E8010048E8010009
:1092C80048E8010048E8010048E8010048E80100D2
:1092D80090D00300000000000C0B0A0908070732B1
:1092E80052585F2573206F6E206672657120256461
:1092F80020487A2061742044522025640D0A0052C7
:1093080058206F6E206672657120256420487A2087
:1093180061742044522025640D0A005458206F6E51
:10932800206672657120256420487A206174204483
:10933800522025640D0A004D756C74695F43004D19
:10934800756C74695F500000A9900108AB90010822
:10935800CC8C01083F930108B6880108479301089F
:10936800A584998D0DBDB1545003A97D1962E69A63
:10937800459D408715EBC90BEC67FDEABFF7965B87
:10938800C21CAE6A5A41024F5CF434089373533FCF
:109398000C52655E28A10FB509369B3D2669CD9F05
:1093A8001B9E742E2DB2EEFBF64D61CE7B3E71975F
:1093B800F568002C601FC8EDBE46D94BDED4E84ADC
:1093C8006B2AE516C5D75594CF100681F044BAE349
:1093D800F3FEC08AADBC4804DFC17563301A0E6D58
:1093E8004C14352FE1A2CC3957F28247ACE72B95C4
:1093F800A098D17F667EAB83CA29D33C79E21D76DB
:109408003B564E1EDB0A6CE45D6EEFA6A8A4378BB4
:10941800324359B78C64D2E0B4FA0725AF8EE91805
:10942800D5886F7224F1C751237C9C21DDDC8685A9
:109438009042C4AAD8050112A35FF9D0915827B960
:109448003813B333BB7089A7B622922049FF787AC4
:109458008FF88017DA31C6B8C3B07711CBFCD63A8B
:10946800C6F8EEF6FFD6DE916002CE56E7B54DECB3
:109478008F1F89FAEFB28EFB41B35F452353E49BFC
:1094880075E13D4C6C7EF5836851D1F9E2AB622AF7
:109498000895469D30370A2F0E241BDFCD4E7FEAF4
:1094A800121D583436DCB45BA476B77D52DD5E13EA
:1094B800A6B900C140E379B6D48D67729498B08597
:1094C800BBC54FED869A66118AE904FEA078254B44
:1094D800A25D80053F2170F16377AF4220E5FDBFB3
:1094E800811826C3BE35882E9355FC7AC8BA32E651
:1094F800C0199EA344543B0B8CC76B28A7BC16AD60
:10950800DB647414920C48B89FBD43C43931D3F25C
:10951800D58B6EDA01B19C49D8ACF3CFCAF44710A9
:109528006FF04A5C38577397CBA1E83E96610D0FF0
:10953800E07C71CC9006F71CC26AAE6917993A278D
:10954800D9EB2B22D2A907332D3C15C987AA50A5E0
:109558000359091A65D784D082295A1E7BA86D2C15
:10956800637C777BF26B6FC53001672BFED7AB76D8
:10957800CA82C97DFA5947F0ADD4A2AF9CA472C083
:10958800B7FD9326363FF7CC34A5E5F171D83115F0
:1095980004C723C31896059A071280E2EB27B27511
:1095A80009832C1A1B6E5AA0523BD6B329E32F8489
:1095B80053D100ED20FCB15B6ACBBE394A4C58CF81
:1095C800D0EFAAFB434D338545F9027F503C9FA855
:1095D80051A3408F929D38F5BCB6DA2110FFF3D223
:1095E800CD0C13EC5F974417C4A77E3D645D1973D7
:1095F80060814FDC222A908846EEB814DE5E0BDBD1
:10960800E0323A0A4906245CC2D3AC629195E47907
:10961800E7C8376D8DD54EA96C56F4EA657AAE0861
:10962800BA78252E1CA6B4C6E8DD741F4BBD8B8AFC
:10963800703EB5664803F60E613557B986C11D9E62
:10964800E1F8981169D98E949B1E87E9CE5528DFD9
:109658008CA1890DBFE6426841992D0FB054BB1605
:1096680023232323232320257320253032583A250A
:109678003032583A253032583A253032583A253067
:1096880032583A253032583A253032583A25303255
:10969800583A253032583A253032583A253032581F
:1096A8003A253032583A253032583A253032583A2D
:1096B800253032583A253032580D0A002323232307
:1096C8002323204465764555493A20202020202030
:1096D800253032583A253032583A253032583A2512
:1096E8003032583A253032583A253032583A2530F7
:1096F80032583A253032580D0A00232323232323D6
:10970800204170704555493A2020202020202530DE
:1097180032583A253032583A253032583A253032C4
:10972800583A253032583A253032583A253032588E
:109738003A253032580D0A002323232323232044BB
:109748006576416464723A20202020202530325802
:109758003A253032583A253032583A253032580DA9
:109768000A004170704B65793A2020202020004E75
:10977800776B4B65793A2020202020004E776B5379
:109788004B65793A2020202000417070534B657951
:109798003A20202020004442496E744B65793A20D3
:1097A8002020004D43526F6F744B65793A2020009A
:1097B8004D434B454B65793A20202020004D4341CD
:1097C8007070534B65795F303A004D434E776B5359
:1097D8004B65795F303A0000000000004150505F4F
:1097E8006A970108010000004E574B5F7797010800
:1097F800080000004E574B538497010809000000E9
:1098080041505053919701080A0000004442495FB3
:109818009E9701080B0000004D435254AB97010876
:109828000C0000004D434B45B89701080D0000009F
:109838004D434B30C59701080E0000004D41533091
:10984800C59701080F0000004D4E5330D29701080C
:10985800100000005A45524F628B0108526164693A
:109868006F53656E64204F76657273697A650D0A69
:10987800004952515F52585F54585F54494D454F03
:1098880055540D0A00505245204F4B0D0A005359AC
:109898004E43204F4B0D0A00484452204F4B0D0AAF
:1098A80000484452204B4F0D0A004952515F435221
:1098B800435F4552524F520D0A0002010003000057
:1098C800841E0000093D0000127A000024F4000004
:1098D80048E8010090D0030020A107000000000024
:1098E800B128000061510000C3A200000405060071
:1098F80091240108612301088D250108DD23010851
:10990800A52E010879240108D12B0108492A01084C
:1099180065220108D5300108212F010865240108B6
:109928005923010809240108E123010899230108A2
:109938008F2301089D220108992201088B23010821
:109948008723010825250108512501087D230108E1
:10995800F1310108FD220108C5220108C1310108C1
:10996800A122010851280108D9250108F93F010859
:10997800FF3F01089122010895220108C01200004A
:109988001F000000A816000017000000841C00003B
:109998000F000000E42500001E000000B42D0000A8
:1099A80016000000083900000E0000002C4C0000D2
:1099B8001D000000685B00001500000074720000C4
:1099C8000D000000589800001C00000034B700008B
:1099D80014000000E8E400000C00000078310100E9
:1099E8001B000000686E01001300000034CA01006B
:1099F8000B000000286202001A00000040DB020091
:109A0800120000003C9303000A000000C0C20400DA
:109A18001900000060B3050011000000382007009D
:109A28000900000020A10700000000000403020252
:109A38000101010100000000000000003C4E554CEF
:109A48004C3E003031323334353637383961626351
:109A58006465666768696A6B6C6D6E6F7071727346
:109A68007475767778797A00303132333435363711
:109A780038394142434445464748494A4B4C4D4E84
:109A88004F505152535455565758595A00000000D8
:109A98000004000200060001000500030007800022
:109AA80080048002800680018005800380074000D2
:109AB8004004400240064001400540034007C00002
:109AC800C004C002C006C001C005C003C007200012
:109AD8002004200220062001200520032007A000E2
:109AE800A004A002A006A001A005A003A007600092
:109AF8006004600260066001600560036007E000C2
:109B0800E004E002E006E001E005E003E007100001
:109B18001004100210061001100510031007900021
:109B280090049002900690019005900390075000D1
:109B38005004500250065001500550035007D00001
:109B4800D004D002D006D001D005D003D007300011
:109B58003004300230063001300530033007B000E1
:109B6800B004B002B006B001B005B003B007700091
:109B78007004700270067001700570037007F000C1
:109B8800F004F002F006F001F005F003F007080019
:109B980008040802080608010805080308078800E1
:109BA8008804880288068801880588038807480091
:109BB8004804480248064801480548034807C800C1
:109BC800C804C802C806C801C805C803C8072800D1
:109BD8002804280228062801280528032807A800A1
:109BE800A804A802A806A801A805A803A807680051
:109BF8006804680268066801680568036807E80081
:109C0800E804E802E806E801E805E803E8071800C0
:109C180018041802180618011805180318079800E0
:109C28009804980298069801980598039807580090
:109C38005804580258065801580558035807D800C0
:109C4800D804D802D806D801D805D803D8073800D0
:109C58003804380238063801380538033807B800A0
:109C6800B804B802B806B801B805B803B807780050
:109C78007804780278067801780578037807F80080
:109C8800F804F802F806F801F805F803F8070400E4
:109C98000404040204060401040504030407840000
:109CA80084048402840684018405840384074400B0
:109CB8004404440244064401440544034407C400E0
:109CC800C404C402C406C401C405C403C4072400F0
:109CD8002404240224062401240524032407A400C0
:109CE800A404A402A406A401A405A403A407640070
:109CF8006404640264066401640564036407E400A0
:109D0800E404E402E406E401E405E403E4071400DF
:109D180014041402140614011405140314079400FF
:109D280094049402940694019405940394075400AF
:109D38005404540254065401540554035407D400DF
:109D4800D404D402D406D401D405D403D4073400EF
:109D58003404340234063401340534033407B400BF
:109D6800B404B402B406B401B405B403B40774006F
:109D78007404740274067401740574037407F4009F
:109D8800F404F402F406F401F405F403F4070C00F7
:109D98000C040C020C060C010C050C030C078C00BF
:109DA8008C048C028C068C018C058C038C074C006F
:109DB8004C044C024C064C014C054C034C07CC009F
:109DC800CC04CC02CC06CC01CC05CC03CC072C00AF
:109DD8002C042C022C062C012C052C032C07AC007F
:109DE800AC04AC02AC06AC01AC05AC03AC076C002F
:109DF8006C046C026C066C016C056C036C07EC005F
:109E0800EC04EC02EC06EC01EC05EC03EC071C009E
:109E18001C041C021C061C011C051C031C079C00BE
:109E28009C049C029C069C019C059C039C075C006E
:109E38005C045C025C065C015C055C035C07DC009E
:109E4800DC04DC02DC06DC01DC05DC03DC073C00AE
:109E58003C043C023C063C013C053C033C07BC007E
:109E6800BC04BC02BC06BC01BC05BC03BC077C002E
:109E78007C047C027C067C017C057C037C07FC005E
:109E8800FC04FC02FC06FC01FC05FC03FC070200C8
:109E9800020402020206020102050203020782000E
:109EA80082048202820682018205820382074200BE
:109EB8004204420242064201420542034207C200EE
:109EC800C204C202C206C201C205C203C2072200FE
:109ED8002204220222062201220522032207A200CE
:109EE800A204A202A206A201A205A203A20762007E
:109EF8006204620262066201620562036207E200AE
:109F0800E204E202E206E201E205E203E2071200ED
:109F1800120412021206120112051203120792000D
:109F280092049202920692019205920392075200BD
:109F38005204520252065201520552035207D200ED
:109F4800D204D202D206D201D205D203D2073200FD
:109F58003204320232063201320532033207B200CD
:109F6800B204B202B206B201B205B203B20772007D
:109F78007204720272067201720572037207F200AD
:109F8800F204F202F206F201F205F203F2070A0005
:109F98000A040A020A060A010A050A030A078A00CD
:109FA8008A048A028A068A018A058A038A074A007D
:109FB8004A044A024A064A014A054A034A07CA00AD
:109FC800CA04CA02CA06CA01CA05CA03CA072A00BD
:109FD8002A042A022A062A012A052A032A07AA008D
:109FE800AA04AA02AA06AA01AA05AA03AA076A003D
:109FF8006A046A026A066A016A056A036A07EA006D
:10A00800EA04EA02EA06EA01EA05EA03EA071A00AC
:10A018001A041A021A061A011A051A031A079A00CC
:10A028009A049A029A069A019A059A039A075A007C
:10A038005A045A025A065A015A055A035A07DA00AC
:10A04800DA04DA02DA06DA01DA05DA03DA073A00BC
:10A058003A043A023A063A013A053A033A07BA008C
:10A06800BA04BA02BA06BA01BA05BA03BA077A003C
:10A078007A047A027A067A017A057A037A07FA006C
:10A08800FA04FA02FA06FA01FA05FA03FA070600D0
:10A0980006040602060606010605060306078600EC
:10A0A800860486028606860186058603860746009C
:10A0B8004604460246064601460546034607C600CC
:10A0C800C604C602C606C601C605C603C6072600DC
:10A0D8002604260226062601260526032607A600AC
:10A0E800A604A602A606A601A605A603A60766005C
:10A0F8006604660266066601660566036607E6008C
:10A10800E604E602E606E601E605E603E6071600CB
:10A1180016041602160616011605160316079600EB
:10A12800960496029606960196059603960756009B
:10A138005604560256065601560556035607D600CB
:10A14800D604D602D606D601D605D603D6073600DB
:10A158003604360236063601360536033607B600AB
:10A16800B604B602B606B601B605B603B60776005B
:10A178007604760276067601760576037607F6008B
:10A18800F604F602F606F601F605F603F6070E00E3
:10A198000E040E020E060E010E050E030E078E00AB
:10A1A8008E048E028E068E018E058E038E074E005B
:10A1B8004E044E024E064E014E054E034E07CE008B
:10A1C800CE04CE02CE06CE01CE05CE03CE072E009B
:10A1D8002E042E022E062E012E052E032E07AE006B
:10A1E800AE04AE02AE06AE01AE05AE03AE076E001B
:10A1F8006E046E026E066E016E056E036E07EE004B
:10A20800EE04EE02EE06EE01EE05EE03EE071E008A
:10A218001E041E021E061E011E051E031E079E00AA
:10A228009E049E029E069E019E059E039E075E005A
:10A238005E045E025E065E015E055E035E07DE008A
:10A24800DE04DE02DE06DE01DE05DE03DE073E009A
:10A258003E043E023E063E013E053E033E07BE006A
:10A26800BE04BE02BE06BE01BE05BE03BE077E001A
:10A278007E047E027E067E017E057E037E07FE004A
:10A28800FE04FE02FE06FE01FE05FE03FE070100B7
:10A2980000000000920E493CB10AC93C2BC3163D90
:10A2A8002EFB483D752B7B3D04A9963D80B6AF3DFE
:10A2B80036BDC83D2FBCE13D73B2FA3D87CF093E9C
:10A2C8008340163EB5AB223EA2102F3ECF6E3B3EDA
:10A2D800C2C5473E0115543E135C603E7F9A6C3EF2
:10A2E800CCCF783EC07D823E938E883E229A8E3EA9
:10A2F80032A0943E86A09A3EE59AA03E128FA63ED2
:10A30800D47CAC3EEF63B23E2A44B83E491DBE3E03
:10A3180015EFC33E53B9C93ECA7BCF3E4136D53E41
:10A3280080E8DA3E4F92E03E7533E63EBBCBEB3E2B
:10A33800EA5AF13ECBE0F63E275DFC3EE4E7003FFB
:10A348003D9C033F824B063F9BF5083F6B9A0B3FB2
:10A35800DA390E3FCDD3103F2A68133FD9F6153F9F
:10A36800C07F183FC6021B3FD17F1D3FCBF61F3F62
:10A378009967223F25D2243F5636273F1594293F17
:10A388004AEB2B3FDE3B2E3FBB85303FC9C8323FEF
:10A39800F304353F233A373F4268393F3B8F3B3F11
:10A3A800F9AE3D3F67C73F3F70D8413F01E2433FA9
:10A3B80003E4453F65DE473F12D1493FF8BB4B3FB9
:10A3C800029F4D3F207A4F3F3D4D513F4918533F23
:10A3D80031DB543FE595563F5348583F6AF2593FA1
:10A3E8001A945B3F532D5D3F05BE5E3F2146603F9B
:10A3F80097C5613F5A3C633F59AA643F880F663F3F
:10A40800D86B673F3CBF683FA7096A3F0C4B6B3F5F
:10A418005E836C3F93B26D3F9ED86E3F73F56F3F7E
:10A428000809713F5213723F4714733FDD0B743FA5
:10A438000BFA743FC6DE753F07BA763FC58B773F88
:10A44800F853783F9812793F9DC7793F02737A3F56
:10A45800BE147B3FCDAC7B3F283B7C3FC9BF7C3FD4
:10A46800AC3A7D3FCCAB7D3F23137E3FB0707E3F3F
:10A478006DC47E3F580E7F3F6D4E7F3FAB847F3F5C
:10A488000FB17F3F97D37F3F43EC7F3F11FB7F3F67
:10A498000000803F11FB7F3F43EC7F3F97D37F3F16
:10A4A8000FB17F3FAB847F3F6D4E7F3F580E7F3F9C
:10A4B8006DC47E3FB0707E3F23137E3FCCAB7D3FA3
:10A4C800AC3A7D3FC9BF7C3F283B7C3FCDAC7B3F4E
:10A4D800BE147B3F02737A3F9DC7793F9812793F3C
:10A4E800F853783FC58B773F07BA763FC6DE753F8E
:10A4F8000BFA743FDD0B743F4714733F5213723FDE
:10A508000809713F73F56F3F9ED86E3F93B26D3F58
:10A518005E836C3F0C4B6B3FA7096A3F3CBF683FAB
:10A52800D86B673F880F663F59AA643F5A3C633F20
:10A5380097C5613F2146603F05BE5E3F532D5D3F95
:10A548001A945B3F6AF2593F5348583FE595563F86
:10A5580031DB543F4918533F3D4D513F207A4F3F1F
:10A56800029F4D3FF8BB4B3F12D1493F65DE473F45
:10A5780003E4453F01E2433F70D8413F67C73F3F8F
:10A58800F9AE3D3F3B8F3B3F4268393F233A373F67
:10A59800F304353FC9C8323FBB85303FDE3B2E3F11
:10A5A8004AEB2B3F1594293F5636273F25D2243FA7
:10A5B8009967223FCBF61F3FD17F1D3FC6021B3F45
:10A5C800C07F183FD9F6153F2A68133FCDD3103FF7
:10A5D800DA390E3F6B9A0B3F9BF5083F824B063FDB
:10A5E8003D9C033FE4E7003F275DFC3ECBE0F63EA1
:10A5F800EA5AF13EBBCBEB3E7533E63E4F92E03E66
:10A6080080E8DA3E4136D53ECA7BCF3E53B9C93ED3
:10A6180015EFC33E491DBE3E2A44B83EEF63B23E25
:10A62800D47CAC3E128FA63EE59AA03E86A09A3E08
:10A6380032A0943E229A8E3E938E883EC07D823E02
:10A64800CCCF783E7F9A6C3E135C603E0115543E39
:10A65800C2C5473ECF6E3B3EA2102F3EB5AB223E51
:10A668008340163E87CF093E73B2FA3D2FBCE13DC9
:10A6780036BDC83D80B6AF3D04A9963D752B7B3DE0
:10A688002EFB483D2BC3163DB10AC93C920E493CEE
:10A6980000000000920E49BCB10AC9BC2BC316BD0C
:10A6A8002EFB48BD752B7BBD04A996BD80B6AFBDFA
:10A6B80036BDC8BD2FBCE1BD73B2FABD87CF09BE98
:10A6C800834016BEB5AB22BEA2102FBECF6E3BBED6
:10A6D800C2C547BE011554BE135C60BE7F9A6CBEEE
:10A6E800CCCF78BEC07D82BE938E88BE229A8EBEA5
:10A6F80032A094BE86A09ABEE59AA0BE128FA6BECE
:10A70800D47CACBEEF63B2BE2A44B8BE491DBEBEFF
:10A7180015EFC3BE53B9C9BECA7BCFBE4136D5BE3D
:10A7280080E8DABE4F92E0BE7533E6BEBBCBEBBE27
:10A73800EA5AF1BECBE0F6BE275DFCBEE4E700BFF7
:10A748003D9C03BF824B06BF9BF508BF6B9A0BBFAE
:10A75800DA390EBFCDD310BF2A6813BFD9F615BF9B
:10A76800C07F18BFC6021BBFD17F1DBFCBF61FBF5E
:10A77800996722BF25D224BF563627BF159429BF13
:10A788004AEB2BBFDE3B2EBFBB8530BFC9C832BFEB
:10A79800F30435BF233A37BF426839BF3B8F3BBF0D
:10A7A800F9AE3DBF67C73FBF70D841BF01E243BFA5
:10A7B80003E445BF65DE47BF12D149BFF8BB4BBFB5
:10A7C800029F4DBF207A4FBF3D4D51BF491853BF1F
:10A7D80031DB54BFE59556BF534858BF6AF259BF9D
:10A7E8001A945BBF532D5DBF05BE5EBF214660BF97
:10A7F80097C561BF5A3C63BF59AA64BF880F66BF3B
:10A80800D86B67BF3CBF68BFA7096ABF0C4B6BBF5B
:10A818005E836CBF93B26DBF9ED86EBF73F56FBF7A
:10A82800080971BF521372BF471473BFDD0B74BFA1
:10A838000BFA74BFC6DE75BF07BA76BFC58B77BF84
:10A84800F85378BF981279BF9DC779BF02737ABF52
:10A85800BE147BBFCDAC7BBF283B7CBFC9BF7CBFD0
:10A86800AC3A7DBFCCAB7DBF23137EBFB0707EBF3B
:10A878006DC47EBF580E7FBF6D4E7FBFAB847FBF58
:10A888000FB17FBF97D37FBF43EC7FBF11FB7FBF63
:10A89800000080BF11FB7FBF43EC7FBF97D37FBF12
:10A8A8000FB17FBFAB847FBF6D4E7FBF580E7FBF98
:10A8B8006DC47EBFB0707EBF23137EBFCCAB7DBF9F
:10A8C800AC3A7DBFC9BF7CBF283B7CBFCDAC7BBF4A
:10A8D800BE147BBF02737ABF9DC779BF981279BF38
:10A8E800F85378BFC58B77BF07BA76BFC6DE75BF8A
:10A8F8000BFA74BFDD0B74BF471473BF521372BFDA
:10A90800080971BF73F56FBF9ED86EBF93B26DBF54
:10A918005E836CBF0C4B6BBFA7096ABF3CBF68BFA7
:10A92800D86B67BF880F66BF59AA64BF5A3C63BF1C
:10A9380097C561BF214660BF05BE5EBF532D5DBF91
:10A948001A945BBF6AF259BF534858BFE59556BF82
:10A9580031DB54BF491853BF3D4D51BF207A4FBF1B
:10A96800029F4DBFF8BB4BBF12D149BF65DE47BF41
:10A9780003E445BF01E243BF70D841BF67C73FBF8B
:10A98800F9AE3DBF3B8F3BBF426839BF233A37BF63
:10A99800F30435BFC9C832BFBB8530BFDE3B2EBF0D
:10A9A8004AEB2BBF159429BF563627BF25D224BFA3
:10A9B800996722BFCBF61FBFD17F1DBFC6021BBF41
:10A9C800C07F18BFD9F615BF2A6813BFCDD310BFF3
:10A9D800DA390EBF6B9A0BBF9BF508BF824B06BFD7
:10A9E8003D9C03BFE4E700BF275DFCBECBE0F6BE9D
:10A9F800EA5AF1BEBBCBEBBE7533E6BE4F92E0BE62
:10AA080080E8DABE4136D5BECA7BCFBE53B9C9BECF
:10AA180015EFC3BE491DBEBE2A44B8BEEF63B2BE21
:10AA2800D47CACBE128FA6BEE59AA0BE86A09ABE04
:10AA380032A094BE229A8EBE938E88BEC07D82BEFE
:10AA4800CCCF78BE7F9A6CBE135C60BE011554BE35
:10AA5800C2C547BECF6E3BBEA2102FBEB5AB22BE4D
:10AA6800834016BE87CF09BE73B2FABD2FBCE1BDC5
:10AA780036BDC8BD80B6AFBD04A996BD752B7BBDDC
:10AA88002EFB48BD2BC316BDB10AC9BC920E49BCEA
:10AA9800000000800000803F00000000ECFF7F3FC6
:10AAA800D40FC93AB1FF7F3FC70F493B4EFF7F3FE5
:10AAB800C1CB963BC4FE7F3F890FC93B13FE7F3F46
:10AAC8003053FB3B39FD7F3F59CB163C39FC7F3F68
:10AAD80002ED2F3C11FB7F3F900E493CC1F97F3FAF
:10AAE8000030623C4AF87F3F4B517B3CACF67F3FDD
:10AAF80038398A3CE6F47F3FB6C9963CF8F27F3F86
:10AB08001C5AA33CE3F07F3F69EAAF3CA7EE7F3FC6
:10AB18009B7ABC3C43EC7F3FB00AC93CB8E97F3F15
:10AB2800A69AD53C05E77F3F7B2AE23C2BE47F3F92
:10AB38002DBAEE3C29E17F3FB949FB3C00DE7F3F5F
:10AB480090EC033DAFDA7F3F2F340A3D37D77F3F84
:10AB5800B87B103D98D37F3F2CC3163DD1CF7F3FA4
:10AB6800880A1D3DE2CB7F3FCC51233DCCC77F3FB8
:10AB7800F698293D8FC37F3F07E02F3D2ABF7F3FCF
:10AB8800FC26363D9EBA7F3FD56D3C3DEAB57F3FFA
:10AB980091B4423D0FB17F3F2FFB483D0DAC7F3F45
:10ABA800AF414F3DE3A67F3F0E88553D91A17F3FC2
:10ABB8004CCE5B3D189C7F3F6814623D78967F3F82
:10ABC800625A683DB1907F3F38A06E3DC28A7F3F90
:10ABD800E9E5743DAB847F3F742B7B3D6D7E7F3F01
:10ABE8006CB8803D08787F3F0ADB833D7B717F3FEF
:10ABF80094FD863DC76A7F3F0A208A3DEC637F3F0C
:10AC08006A428D3DE95C7F3FB464903DBF557F3F0C
:10AC1800E786933D6D4E7F3F05A9963DF4467F3FFD
:10AC28000ACB993D543F7F3FF9EC9C3D8D377F3FE0
:10AC3800CF0EA03D9D2F7F3F8C30A33D87277F3FC0
:10AC48003052A63D491F7F3FBA73A93DE4167F3FA6
:10AC58002B95AC3D580E7F3F80B6AF3DA4057F3F96
:10AC6800BBD7B23DC9FC7E3FDAF8B53DC7F37E3F9E
:10AC7800DD19B93D9DEA7E3FC33ABC3D4CE17E3FBC
:10AC88008D5BBF3DD4D77E3F397CC23D34CE7E3FFD
:10AC9800C69CC53D6DC47E3F36BDC83D7FBA7E3F6C
:10ACA80086DDCB3D69B07E3FB7FDCE3D2DA67E3F0C
:10ACB800C81DD23DC99B7E3FB93DD53D3D917E3FE4
:10ACC800895DD83D8B867E3F377DDB3DB17B7E3FFE
:10ACD800C49CDE3DB0707E3F2EBCE13D88657E3F62
:10ACE80076DBE43D385A7E3F9AFAE73DC14E7E3F17
:10ACF8009A19EB3D23437E3F7638EE3D5E377E3F23
:10AD08002E57F13D722B7E3FC075F43D5E1F7E3F8E
:10AD18002C94F73D24137E3F73B2FA3DC2067E3F62
:10AD280092D0FD3D38FA7D3F4577003E88ED7D3F66
:10AD38002E06023EB1E07D3F0295033EB2D37D3F31
:10AD4800C223053E8CC67D3F6EB2063E40B97D3FAC
:10AD58000541083ECCAB7D3F86CF093E309E7D3F06
:10AD6800F35D0B3E6E907D3F4AEC0C3E85827D3F45
:10AD78008B7A0E3E74747D3FB708103E3D667D3F6A
:10AD8800CC96113EDE577D3FCA24133E59497D3F7C
:10AD9800B2B2143EAC3A7D3F8340163ED82B7D3F7D
:10ADA8003DCE173EDD1C7D3FE05B193EBC0D7D3F6F
:10ADB8006BE91A3E73FE7C3FDE761C3E03EF7C3F58
:10ADC80038041E3E6CDF7C3F7B911F3EAECF7C3F3C
:10ADD800A51E213EC9BF7C3FB6AB223EBDAF7C3F1E
:10ADE800AD38243E8A9F7C3F8CC5253E318F7C3F01
:10ADF8005152273EB07E7C3FFCDE283E086E7C3FE9
:10AE08008D6B2A3E3A5D7C3F04F82B3E444C7C3FD8
:10AE180061842D3E283B7C3FA2102F3EE5297C3FD4
:10AE2800C99C303E7A187C3FD428323EE9067C3FE4
:10AE3800C4B4333E31F57B3F9840353E53E37B3F06
:10AE480050CC363E4DD17B3FEC57383E20BF7B3F40
:10AE58006CE3393ECDAC7B3FCF6E3B3E539A7B3F94
:10AE680015FA3C3EB2877B3F3E853E3EEA747B3F07
:10AE78004910403EFC617B3F379B413EE74E7B3F9C
:10AE88000726433EAB3B7B3FB9B0443E48287B3F57
:10AE98004D3B463EBE147B3FC2C5473E0E017B3F3D
:10AEA8001850493E37ED7A3F4FDA4A3E3AD97A3F51
:10AEB80067644C3E16C57A3F60EE4D3ECBB07A3F94
:10AEC80038784F3E599C7A3FF101513EC1877A3F0D
:10AED800898B523E02737A3F0115543E1C5E7A3FBD
:10AEE800589E553E10497A3F8F27573EDD337A3FAB
:10AEF800A4B0583E841E7A3F97395A3E04097A3FD7
:10AF08006AC25B3E5EF3793F1A4B5D3E91DD793F45
:10AF1800A8D35E3E9DC7793F135C603E83B1793FFD
:10AF28005CE4613E439B793F836C633EDC84793FFC
:10AF380086F4643E4E6E793F667C663E9A57793F4A
:10AF48002204683EC040793FBA8B693EBF29793FE9
:10AF58002F136B3E9812793F7F9A6C3E4AFB783FDD
:10AF6800AB216E3ED6E3783FB2A86F3E3BCC783F2C
:10AF7800942F713E7BB4783F51B6723E939C783FD4
:10AF8800E83C743E8684783F5AC3753E526C783FDD
:10AF9800A649773EF853783FCCCF783E773B783F49
:10AFA800CB557A3ED122783FA4DB7B3E040A783F1A
:10AFB80056617D3E10F1773FE1E67E3EF7D7773F59
:10AFC8002236803EB7BE773FC0F8803E51A5773F16
:10AFD8004ABB813EC58B773FC07D823E1372773F67
:10AFE8002240833E3A58773F7002843E3C3E773F8A
:10AFF800AAC4843E1724773FCE86853ECC09773F86
:10B00800DF48863E5BEF763FDA0A873EC4D4763F58
:10B01800C1CC873E07BA763F938E883E249F763F01
:10B028005050893E1B84763FF8118A3EEC68763F83
:10B038008AD38A3E974D763F07958B3E1B32763FE3
:10B048006E568C3E7A16763FC0178D3EB3FA753F22
:10B05800FCD88D3EC6DE753F229A8E3EB3C2753F40
:10B06800325B8F3E7BA6753F2C1C903E1C8A753F39
:10B0780010DD903E976D753FDD9D913EED50753F1B
:10B08800945E923E1D34753F351F933E2717753FDA
:10B09800BFDF933E0BFA743F31A0943EC9DC743F86
:10B0A8008D60953E62BF743FD220963ED5A1743F15
:10B0B80000E1963E2284743F17A1973E4966743F8B
:10B0C8001661983E4B48743FFE20993E272A743FEC
:10B0D800CEE0993EDD0B743F86A09A3E6EED733F3D
:10B0E80027609B3ED9CE733FAF1F9C3E1FB0733F76
:10B0F80020DF9C3E3F91733F789E9D3E3972733F9F
:10B10800B85D9E3E0E53733FDF1C9F3EBE33733FB8
:10B11800EEDB9F3E4714733FE59AA03EACF4723FC6
:10B12800C259A13EEBD4723F8718A23E04B5723FC4
:10B1380033D7A23EF894723FC595A33EC774723FB9
:10B148003F54A43E7054723F9F12A53EF433723FA1
:10B15800E5D0A53E5213723F128FA63E8CF2713F86
:10B16800254DA73E9FD1713F1F0BA83E8EB0713F62
:10B17800FEC8A83E578F713FC486A93EFB6D713F3C
:10B188006F44AA3E7A4C713F0102AB3ED42A713F0C
:10B1980077BFAB3E0809713FD47CAC3E17E7703FE0
:10B1A800153AAD3E02C5703F3CF7AD3EC6A2703FB2
:10B1B80049B4AE3E6680703F3A71AF3EE15D703F84
:10B1C800102EB03E373B703FCBEAB03E6718703F59
:10B1D8006BA7B13E73F56F3FEF63B23E5AD26F3F34
:10B1E8005820B33E1BAF6F3FA5DCB33EB88B6F3F13
:10B1F800D698B43E30686F3FEC54B53E83446F3FF9
:10B20800E610B63EB0206F3FC3CCB63EBAFC6E3FE8
:10B218008488B73E9ED86E3F2A44B83E5DB46E3FE0
:10B22800B2FFB83EF88F6E3F1EBBB93E6D6B6E3FE6
:10B238006E76BA3EBE466E3FA031BB3EEB216E3FF6
:10B24800B6ECBB3EF2FC6D3FAFA7BC3ED5D76D3F19
:10B258008B62BD3E93B26D3F4A1DBE3E2D8D6D3F44
:10B26800EBD7BE3EA1676D3F6F92BF3EF2416D3F87
:10B27800D54CC03E1D1C6D3F1E07C13E24F66C3FD9
:10B2880048C1C13E07D06C3F557BC23EC5A96C3F43
:10B298004435C33E5E836C3F15EFC33ED45C6C3FC0
:10B2A800C8A8C43E24366C3F5C62C53E500F6C3F54
:10B2B800D21BC63E58E86B3F29D5C63E3BC16B3F03
:10B2C800628EC73EFB996B3F7C47C83E95726B3FC9
:10B2D8007700C93E0C4B6B3F53B9C93E5E236B3FA9
:10B2E8001072CA3E8CFB6A3FAE2ACB3E95D36A3FAA
:10B2F8002CE3CB3E7BAB6A3F8B9BCC3E3C836A3FC7
:10B30800CA53CD3ED95A6A3FEA0BCE3E52326A3F03
:10B31800EAC3CE3EA7096A3FCA7BCF3ED7E0693F62
:10B328008A33D03EE4B7693F2AEBD03ECC8E693FE2
:10B33800AAA2D13E9165693F095AD23E323C693F83
:10B348004811D33EAE12693F67C8D33E07E9683F4C
:10B35800647FD43E3CBF683F4136D53E4C95683F3C
:10B36800FDECD53E396B683F99A3D63E0341683F53
:10B37800135AD73EA816683F6B10D83E2AEC673F91
:10B38800A3C6D83E87C1673FB97CD93EC196673FFF
:10B39800AD32DA3ED86B673F80E8DA3ECA40673F95
:10B3A800319EDB3E9915673FC153DC3E45EA663F57
:10B3B8002E09DD3ECCBE663F79BEDD3E3093663F4A
:10B3C800A273DE3E7167663FA928DF3E8E3B663F6B
:10B3D8008DDDDF3E880F663F4F92E03E5EE3653FBE
:10B3E800EE46E13E10B7653F6AFBE13EA08A653F45
:10B3F800C4AFE23E0B5E653FFA63E33E5431653FFE
:10B408000E18E43E7904653FFECBE43E7BD7643FEB
:10B41800CB7FE53E59AA643F7533E63E147D643F11
:10B42800FBE6E63EAC4F643F5D9AE73E2122643F6F
:10B438009C4DE83E73F4633FB700E93EA1C6633F05
:10B44800AEB3E93EAC98633F8166EA3E956A633FD6
:10B458003019EB3E5A3C633FBBCBEB3EFC0D633FE0
:10B46800217EEC3E7BDF623F6330ED3ED7B0623F2A
:10B4780080E2ED3E1082623F7994EE3E2653623FB1
:10B488004C46EF3E1A24623FFBF7EF3EEAF4613F79
:10B4980085A9F03E98C5613FEA5AF13E2296613F80
:10B4A800290CF23E8A66613F43BDF23ED036613FC9
:10B4B800386EF33EF206613F071FF43EF2D6603F56
:10B4C800B1CFF43ECFA6603F3580F53E8976603F28
:10B4D8009330F63E2146603FCBE0F63E9615603F3E
:10B4E800DC90F73EE9E45F3FC840F83E19B45F3F9F
:10B4F8008EF0F83E27835F3F2DA0F93E12525F3F42
:10B50800A54FFA3EDB205F3FF7FEFA3E81EF5E3F34
:10B5180022AEFB3E05BE5E3F275DFC3E678C5E3F6C
:10B52800040CFD3EA65A5E3FBBBAFD3EC3285E3FF3
:10B538004A69FE3EBEF65D3FB217FF3E97C45D3FC7
:10B54800F3C5FF3E4D925D3F063A003FE15F5D3F28
:10B55800FF90003F532D5D3FE4E7003FA3FA5C3FB7
:10B56800B53E013FD1C75C3F7395013FDD945C3F19
:10B578001CEC013FC7615C3FB142023F8E2E5C3F2D
:10B588003299023F34FB5B3F9FEF023FB8C75B3FF6
:10B59800F845033F1A945B3F3D9C033F5A605B3F6D
:10B5A8006DF2033F792C5B3F8948043F75F85A3F99
:10B5B800919E043F50C45A3F84F4043F09905A3F77
:10B5C800624A053FA05B5A3F2CA0053F16275A3F09
:10B5D800E2F5053F6AF2593F824B063F9CBD593F51
:10B5E8000EA1063FAD88593F86F6063F9C53593F4A
:10B5F800E84B073F6A1E593F36A1073F17E9583FF6
:10B608006FF6073FA1B3583F924B083F0B7E583F58
:10B61800A1A0083F5348583F9BF5083F7912583F6F
:10B628007F4A093F7FDC573F4E9F093F63A6573F3C
:10B6380009F4093F2670573FAD480A3FC739573FBD
:10B648003D9D0A3F4803573FB7F10A3FA7CC563FF5
:10B658001C460B3FE595563F6B9A0B3F025F563FE2
:10B66800A5EE0B3FFE27563FC9420C3FD9F0553F88
:10B67800D7960C3F93B9553FD0EA0C3F2C82553FE3
:10B68800B33E0D3FA44A553F81920D3FFB12553FF3
:10B6980038E60D3F31DB543FDA390E3F47A3543FBC
:10B6A800658D0E3F3B6B543FDBE00E3F0F33543F3D
:10B6B8003B340F3FC3FA533F84870F3F55C2533F74
:10B6C800B8DA0F3FC789533FD52D103F1851533F64
:10B6D800DC80103F4918533FCDD3103F59DF523F0C
:10B6E800A726113F49A6523F6B79113F186D523F6B
:10B6F80019CC113FC633523FB01E123F54FA513F86
:10B708003071123FC2C0513F9AC3123F1087513F58
:10B71800EE15133F3D4D513F2A68133F4A13513FE1
:10B7280050BA133F37D9503F5F0C143F039F503F27
:10B73800585E143FAF64503F39B0143F3B2A503F26
:10B748000402153FA8EF4F3FB753153FF4B44F3FDE
:10B7580054A5153F1F7A4F3FD9F6153F2B3F4F3F52
:10B768004748163F17044F3F9F99163FE4C84E3F7E
:10B77800DFEA163F908D4E3F073C173F1C524E3F65
:10B78800188D173F89164E3F12DE173FD5DA4D3F09
:10B79800F52E183F029F4D3FC07F183F10634D3F65
:10B7A80073D0183FFD264D3F0F21193FCBEA4C3F80
:10B7B8009471193F79AE4C3F00C2193F08724C3F53
:10B7C80055121A3F78354C3F93621A3FC7F84B3FE2
:10B7D800B8B21A3FF8BB4B3FC6021B3F097F4B3F2D
:10B7E800BB521B3FFA414B3F99A21B3FCC044B3F36
:10B7F8005FF21B3F7FC74A3F0C421C3F138A4A3FF8
:10B80800A2911C3F874C4A3F1FE11C3FDC0E4A3F78
:10B8180084301D3F12D1493FD17F1D3F2993493FB5
:10B8280006CF1D3F2155493F221E1E3FFA16493FAC
:10B83800266D1E3FB3D8483F12BC1E3F4E9A483F64
:10B84800E50A1F3FCA5B483F9F591F3F271D483FD6
:10B8580041A81F3F65DE473FCBF61F3F849F473F08
:10B868003B45203F8560473F9393203F6721473FF3
:10B87800D2E1203F2AE2463FF92F213FCEA2463FA0
:10B88800067E213F5463463FFBCB213FBB23463F07
:10B89800D719223F03E4453F9967223F2DA4453F2E
:10B8A80043B5223F3964453FD302233F2624453F11
:10B8B8004B50233FF5E3443FA99D233FA5A3443FB5
:10B8C800EEEA233F3763443F1A38243FAB22443F14
:10B8D8002C85243F00E2433F25D2243F38A1433F33
:10B8E800041F253F5160433FCB6B253F4C1F433F0F
:10B8F80077B8253F29DE423F0A05263FE89C423FAC
:10B908008451263F895B423FE39D263F0B1A423F05
:10B918002AEA263F70D8413F5636273FB796413F1F
:10B928006882273FE154413F61CE273FEC12413FF7
:10B93800401A283FDAD0403F0566283FA98E403F8D
:10B94800B0B1283F5C4C403F41FD283FF009403FE3
:10B95800B848293F67C73F3F1594293FC0843F3FF8
:10B9680057DF293FFC413F3F802A2A3F1BFF3E3FCC
:10B978008E752A3F1BBC3E3F82C02A3FFF783E3F60
:10B988005B0B2B3FC5353E3F1B562B3F6EF23D3FB1
:10B99800BFA02B3FF9AE3D3F4AEB2B3F676B3D3FC6
:10B9A800B9352C3FB8273D3F0F802C3FECE33C3F97
:10B9B80049CA2C3F03A03C3F69142D3FFC5B3C3F28
:10B9C8006F5E2D3FD9173C3F59A82D3F98D33B3F79
:10B9D80029F22D3F3B8F3B3FDE3B2E3FC14A3B3F89
:10B9E80078852E3F29063B3FF7CE2E3F75C13A3F5B
:10B9F8005B182F3FA47C3A3FA5612F3FB7373A3FEA
:10BA0800D3AA2F3FACF2393FE6F32F3F85AD393F3C
:10BA1800DE3C303F4268393FBB85303FE122393F49
:10BA28007CCE303F65DD383F2217313FCB97383F1A
:10BA3800AD5F313F1652383F1DA8313F430C383FA8
:10BA480071F0313F55C6373FAA38323F4A80373FF9
:10BA5800C780323F233A373FC9C8323FDFF3363F0A
:10BA6800AF10333F7FAD363F7A58333F0467363FD8
:10BA780029A0333F6C20363FBCE7333FB8D9353F68
:10BA8800342F343FE792353F8F76343FFB4B353FB9
:10BA9800CFBD343FF304353FF304353FCFBD343FCA
:10BAA800FB4B353F8F76343FE792353F342F343F99
:10BAB800B8D9353FBCE7333F6C20363F29A0333F28
:10BAC8000467363F7A58333F7FAD363FAF10333F78
:10BAD800DFF3363FC9C8323F233A373FC780323F8A
:10BAE8004A80373FAA38323F55C6373F71F0313F59
:10BAF800430C383F1DA8313F1652383FAD5F313FE8
:10BB0800CB97383F2217313F65DD383F7CCE303F39
:10BB1800E122393FBB85303F4268393FDE3C303F48
:10BB280085AD393FE6F32F3FACF2393FD3AA2F3F1B
:10BB3800B7373A3FA5612F3FA47C3A3F5B182F3FA8
:10BB480075C13A3FF7CE2E3F29063B3F78852E3FF9
:10BB5800C14A3B3FDE3B2E3F3B8F3B3F29F22D3F07
:10BB680098D33B3F59A82D3FD9173C3F6F5E2D3FD7
:10BB7800FC5B3C3F69142D3F03A03C3F49CA2C3F66
:10BB8800ECE33C3F0F802C3FB8273D3FB9352C3FB5
:10BB9800676B3D3F4AEB2B3FF9AE3D3FBFA02B3FC4
:10BBA8006EF23D3F1B562B3FC5353E3F5B0B2B3F8F
:10BBB800FF783E3F82C02A3F1BBC3E3F8E752A3F1E
:10BBC8001BFF3E3F802A2A3FFC413F3F57DF293F6A
:10BBD800C0843F3F1594293F67C73F3FB848293F76
:10BBE800F009403F41FD283F5C4C403FB0B1283F41
:10BBF800A98E403F0566283FDAD0403F401A283FCB
:10BC0800EC12413F61CE273FE154413F6882273F14
:10BC1800B796413F5636273F70D8413F2AEA263F1C
:10BC28000B1A423FE39D263F895B423F8451263FE2
:10BC3800E89C423F0A05263F29DE423F77B8253F68
:10BC48004C1F433FCB6B253F5160433F041F253FAB
:10BC580038A1433F25D2243F00E2433F2C85243FAF
:10BC6800AB22443F1A38243F3763443FEEEA233F70
:10BC7800A5A3443FA99D233FF5E3443F4B50233FF1
:10BC88002624453FD302233F3964453F43B5223F2D
:10BC98002DA4453F9967223F03E4453FD719223F2A
:10BCA800BB23463FFBCB213F5463463F067E213FE3
:10BCB800CEA2463FF92F213F2AE2463FD2E1203F5C
:10BCC8006721473F9393203F8560473F3B45203F8F
:10BCD800849F473FCBF61F3F65DE473F41A81F3F84
:10BCE800271D483F9F591F3FCA5B483FE50A1F3F32
:10BCF8004E9A483F12BC1E3FB3D8483F266D1E3FA0
:10BD0800FA16493F221E1E3F2155493F06CF1D3FC7
:10BD18002993493FD17F1D3F12D1493F84301D3FB0
:10BD2800DC0E4A3F1FE11C3F874C4A3FA2911C3F53
:10BD3800138A4A3F0C421C3F7FC74A3F5FF21B3FB2
:10BD4800CC044B3F99A21B3FFA414B3FBB521B3FD0
:10BD5800097F4B3FC6021B3FF8BB4B3FB8B21A3FA7
:10BD6800C7F84B3F93621A3F78354C3F55121A3F3C
:10BD780008724C3F00C2193F79AE4C3F9471193F8D
:10BD8800CBEA4C3F0F21193FFD264D3F73D0183F9A
:10BD980010634D3FC07F183F029F4D3FF52E183F5F
:10BDA800D5DA4D3F12DE173F89164E3F188D173FE3
:10BDB8001C524E3F073C173F908D4E3FDFEA163F1F
:10BDC800E4C84E3F9F99163F17044F3F4748163F18
:10BDD8002B3F4F3FD9F6153F1F7A4F3F54A5153FCC
:10BDE800F4B44F3FB753153FA8EF4F3F0402153F38
:10BDF8003B2A503F39B0143FAF64503F585E143F60
:10BE0800039F503F5F0C143F37D9503F50BA133F40
:10BE18004A13513F2A68133F3D4D513FEE15133FDA
:10BE28001087513F9AC3123FC2C0513F3071123F31
:10BE380054FA513FB01E123FC633523F19CC113F3E
:10BE4800186D523F6B79113F49A6523FA726113F03
:10BE580059DF523FCDD3103F4918533FDC80103F84
:10BE68001851533FD52D103FC789533FB8DA0F3FBC
:10BE780055C2533F84870F3FC3FA533F3B340F3FAC
:10BE88000F33543FDBE00E3F3B6B543F658D0E3F55
:10BE980047A3543FDA390E3F31DB543F38E60D3FB4
:10BEA800FB12553F81920D3FA44A553FB33E0D3FCB
:10BEB8002C82553FD0EA0C3F93B9553FD7960C3F9B
:10BEC800D9F0553FC9420C3FFE27563FA5EE0B3F20
:10BED800025F563F6B9A0B3FE595563F1C460B3F5A
:10BEE800A7CC563FB7F10A3F4803573F3D9D0A3F4D
:10BEF800C739573FAD480A3F2670573F09F4093FF5
:10BF080063A6573F4E9F093F7FDC573F7F4A093F53
:10BF18007912583F9BF5083F5348583FA1A0083F66
:10BF28000B7E583F924B083FA1B3583F6FF6073F2F
:10BF380017E9583F36A1073F6A1E593FE84B073FAC
:10BF48009C53593F86F6063FAD88593F0EA1063FE0
:10BF58009CBD593F824B063F6AF2593FE2F5053FC7
:10BF680016275A3F2CA0053FA05B5A3F624A053F5F
:10BF780009905A3F84F4043F50C45A3F919E043FAD
:10BF880075F85A3F8948043F792C5B3F6DF2033FAF
:10BF98005A605B3F3D9C033F1A945B3FF845033F63
:10BFA800B8C75B3F9FEF023F34FB5B3F3299023FCC
:10BFB8008E2E5C3FB142023FC7615C3F1CEC013FE3
:10BFC800DD945C3F7395013FD1C75C3FB53E013FAF
:10BFD800A3FA5C3FE4E7003F532D5D3FFF90003F2D
:10BFE800E15F5D3F063A003F4D925D3FF3C5FF3E7E
:10BFF80097C45D3FB217FF3EBEF65D3F4A69FE3EFD
:10C00800C3285E3FBBBAFD3EA65A5E3F040CFD3E08
:10C01800678C5E3F275DFC3E05BE5E3F22AEFB3E61
:10C0280081EF5E3FF7FEFA3EDB205F3FA54FFA3E09
:10C0380012525F3F2DA0F93E27835F3F8EF0F83EF6
:10C0480019B45F3FC840F83EE9E45F3FDC90F73E33
:10C058009615603FCBE0F63E2146603F9330F63EB2
:10C068008976603F3580F53ECFA6603FB1CFF43E7C
:10C07800F2D6603F071FF43EF206613F386EF33E8A
:10C08800D036613F43BDF23E8A66613F290CF23EDD
:10C098002296613FEA5AF13E98C5613F85A9F03E74
:10C0A800EAF4613FFBF7EF3E1A24623F4C46EF3E4D
:10C0B8002653623F7994EE3E1082623F80E2ED3E65
:10C0C800D7B0623F6330ED3E7BDF623F217EEC3EBE
:10C0D800FC0D633FBBCBEB3E5A3C633F3019EB3E54
:10C0E800956A633F8166EA3EAC98633FAEB3E93E2A
:10C0F800A1C6633FB700E93E73F4633F9C4DE83E39
:10C108002122643F5D9AE73EAC4F643FFBE6E63E82
:10C11800147D643F7533E63E59AA643FCB7FE53E04
:10C128007BD7643FFECBE43E7904653F0E18E43EBE
:10C138005431653FFA63E33E0B5E653FC4AFE23EB0
:10C14800A08A653F6AFBE13E10B7653FEE46E13ED7
:10C158005EE3653F4F92E03E880F663F8DDDDF3E30
:10C168008E3B663FA928DF3E7167663FA273DE3EBD
:10C178003093663F79BEDD3ECCBE663F2E09DD3E7C
:10C1880045EA663FC153DC3E9915673F319EDB3E69
:10C19800CA40673F80E8DA3ED86B673FAD32DA3E87
:10C1A800C196673FB97CD93E87C1673FA3C6D83ED1
:10C1B8002AEC673F6B10D83EA816683F135AD73E43
:10C1C8000341683F99A3D63E396B683FFDECD53EE5
:10C1D8004C95683F4136D53E3CBF683F647FD43EAE
:10C1E80007E9683F67C8D33EAE12693F4811D33E9E
:10C1F800323C693F095AD23E9165693FAAA2D13EB5
:10C20800CC8E693F2AEBD03EE4B7693F8A33D03EF3
:10C21800D7E0693FCA7BCF3EA7096A3FEAC3CE3E53
:10C2280052326A3FEA0BCE3ED95A6A3FCA53CD3ED4
:10C238003C836A3F8B9BCC3E7BAB6A3F2CE3CB3E77
:10C2480095D36A3FAE2ACB3E8CFB6A3F1072CA3E3A
:10C258005E236B3F53B9C93E0C4B6B3F7700C93E19
:10C2680095726B3F7C47C83EFB996B3F628EC73E19
:10C278003BC16B3F29D5C63E58E86B3FD21BC63E33
:10C28800500F6C3F5C62C53E24366C3FC8A8C43E64
:10C29800D45C6C3F15EFC33E5E836C3F4435C33EB0
:10C2A800C5A96C3F557BC23E07D06C3F48C1C13E13
:10C2B80024F66C3F1E07C13E1D1C6D3FD54CC03E89
:10C2C800F2416D3F6F92BF3EA1676D3FEBD7BE3E17
:10C2D8002D8D6D3F4A1DBE3E93B26D3F8B62BD3EB4
:10C2E800D5D76D3FAFA7BC3EF2FC6D3FB6ECBB3E69
:10C2F800EB216E3FA031BB3EBE466E3F6E76BA3E26
:10C308006D6B6E3F1EBBB93EF88F6E3FB2FFB83EF5
:10C318005DB46E3F2A44B83E9ED86E3F8488B73ECF
:10C32800BAFC6E3FC3CCB63EB0206F3FE610B63EB7
:10C3380083446F3FEC54B53E30686F3FD698B43EA7
:10C34800B88B6F3FA5DCB33E1BAF6F3F5820B33EA1
:10C358005AD26F3FEF63B23E73F56F3F6BA7B13EA2
:10C368006718703FCBEAB03E373B703F102EB03EA7
:10C37800E15D703F3A71AF3E6680703F49B4AE3EB2
:10C38800C6A2703F3CF7AD3E02C5703F153AAD3EC0
:10C3980017E7703FD47CAC3E0809713F77BFAB3ECE
:10C3A800D42A713F0102AB3E7A4C713F6F44AA3EDA
:10C3B800FB6D713FC486A93E578F713FFEC8A83EEA
:10C3C8008EB0713F1F0BA83E9FD1713F254DA73EF0
:10C3D8008CF2713F128FA63E5213723FE5D0A53EF4
:10C3E800F433723F9F12A53E7054723F3F54A43EEF
:10C3F800C774723FC595A33EF894723F33D7A23EE7
:10C4080004B5723F8718A23EEBD4723FC259A13ED1
:10C41800ACF4723FE59AA03E4714733FEEDB9F3EB3
:10C42800BE33733FDF1C9F3E0E53733FB85D9E3E85
:10C438003972733F789E9D3E3F91733F20DF9C3E4B
:10C448001FB0733FAF1F9C3ED9CE733F27609B3E02
:10C458006EED733F86A09A3EDD0B743FCEE0993EA9
:10C46800272A743FFE20993E4B48743F1661983E38
:10C478004966743F17A1973E2284743F00E1963EB7
:10C48800D5A1743FD220963E62BF743F8D60953E21
:10C49800C9DC743F31A0943E0BFA743FBFDF933E72
:10C4A8002717753F351F933E1D34753F945E923EA6
:10C4B800ED50753FDD9D913E976D753F10DD903EC7
:10C4C8001C8A753F2C1C903E7BA6753F325B8F3EC5
:10C4D800B3C2753F229A8E3EC6DE753FFCD88D3EAC
:10C4E800B3FA753FC0178D3E7A16763F6E568C3E6E
:10C4F8001B32763F07958B3E974D763F8AD38A3E0F
:10C50800EC68763FF8118A3E1B84763F5050893E8E
:10C51800249F763F938E883E07BA763FC1CC873EEC
:10C52800C4D4763FDA0A873E5BEF763FDF48863E23
:10C53800CC09773FCE86853E1724773FAAC4843E30
:10C548003C3E773F7002843E3A58773F2240833E14
:10C558001372773FC07D823EC58B773F4ABB813ED1
:10C5680051A5773FC0F8803EB7BE773F2236803E60
:10C57800F7D7773FE1E67E3E10F1773F56617D3E83
:10C58800040A783FA4DB7B3ED122783FCB557A3E24
:10C59800773B783FCCCF783EF853783FA649773E33
:10C5A800526C783F5AC3753E8684783FE83C743EA7
:10C5B800939C783F51B6723E7BB4783F942F713E7E
:10C5C8003BCC783FB2A86F3ED6E3783FAB216E3EB6
:10C5D8004AFB783F7F9A6C3E9812793F2F136B3E47
:10C5E800BF29793FBA8B693EC040793F2204683E33
:10C5F8009A57793F667C663E4E6E793F86F4643E74
:10C60800DC84793F836C633E439B793F5CE4613E05
:10C6180083B1793F135C603E9DC7793FA8D35E3EE6
:10C6280091DD793F1A4B5D3E5EF3793F6AC25B3E0E
:10C6380004097A3F97395A3E841E7A3FA4B0583E7F
:10C64800DD337A3F8F27573E10497A3F589E553E33
:10C658001C5E7A3F0115543E02737A3F898B523E25
:10C66800C1877A3FF101513E599C7A3F38784F3E55
:10C67800CBB07A3F60EE4D3E16C57A3F67644C3EBC
:10C688003AD97A3F4FDA4A3E37ED7A3F1850493E59
:10C698000E017B3FC2C5473EBE147B3F4D3B463E25
:10C6A80048287B3FB9B0443EAB3B7B3F0726433E1F
:10C6B800E74E7B3F379B413EFC617B3F4910403E44
:10C6C800EA747B3F3E853E3EB2877B3F15FA3C3E8F
:10C6D800539A7B3FCF6E3B3ECDAC7B3F6CE3393EFC
:10C6E80020BF7B3FEC57383E4DD17B3F50CC363E88
:10C6F80053E37B3F9840353E31F57B3FC4B4333E2E
:10C70800E9067C3FD428323E7A187C3FC99C303EEB
:10C71800E5297C3FA2102F3E283B7C3F61842D3EBB
:10C72800444C7C3F04F82B3E3A5D7C3F8D6B2A3E9F
:10C73800086E7C3FFCDE283EB07E7C3F5152273E8F
:10C74800318F7C3F8CC5253E8A9F7C3FAD38243E87
:10C75800BDAF7C3FB6AB223EC9BF7C3FA51E213E84
:10C76800AECF7C3F7B911F3E6CDF7C3F38041E3E82
:10C7780003EF7C3FDE761C3E73FE7C3F6BE91A3E7E
:10C78800BC0D7D3FE05B193EDD1C7D3F3DCE173E75
:10C79800D82B7D3F8340163EAC3A7D3FB2B2143E63
:10C7A80059497D3FCA24133EDE577D3FCC96113E42
:10C7B8003D667D3FB708103E74747D3F8B7A0E3E10
:10C7C80085827D3F4AEC0C3E6E907D3FF35D0B3ECB
:10C7D800309E7D3F86CF093ECCAB7D3F0541083E6C
:10C7E80040B97D3F6EB2063E8CC67D3FC223053EF2
:10C7F800B2D37D3F0295033EB1E07D3F2E06023E57
:10C8080088ED7D3F4577003E38FA7D3F92D0FD3D6B
:10C81800C2067E3F73B2FA3D24137E3F2C94F73D47
:10C828005E1F7E3FC075F43D722B7E3F2E57F13D53
:10C838005E377E3F7638EE3D23437E3F9A19EB3DC7
:10C84800C14E7E3F9AFAE73D385A7E3F76DBE43D9B
:10C8580088657E3F2EBCE13DB0707E3FC49CDE3DC6
:10C86800B17B7E3F377DDB3D8B867E3F895DD83D42
:10C878003D917E3FB93DD53DC99B7E3FC81DD23D08
:10C888002DA67E3FB7FDCE3D69B07E3F86DDCB3D10
:10C898007FBA7E3F36BDC83D6DC47E3FC69CC53D50
:10C8A80034CE7E3F397CC23DD4D77E3F8D5BBF3DC1
:10C8B8004CE17E3FC33ABC3D9DEA7E3FDD19B93D60
:10C8C800C7F37E3FDAF8B53DC9FC7E3FBBD7B23D22
:10C8D800A4057F3F80B6AF3D580E7F3F2B95AC3DFA
:10C8E800E4167F3FBA73A93D491F7F3F3052A63DEA
:10C8F80087277F3F8C30A33D9D2F7F3FCF0EA03DE4
:10C908008D377F3FF9EC9C3D543F7F3F0ACB993DE3
:10C91800F4467F3F05A9963D6D4E7F3FE786933DE0
:10C92800BF557F3FB464903DE95C7F3F6A428D3DCF
:10C93800EC637F3F0A208A3DC76A7F3F94FD863DAE
:10C948007B717F3F0ADB833D08787F3F6CB8803D71
:10C958006D7E7F3F742B7B3DAB847F3FE9E5743D63
:10C96800C28A7F3F38A06E3DB1907F3F625A683DD2
:10C9780078967F3F6814623D189C7F3F4CCE5B3DA4
:10C9880091A17F3F0E88553DE3A67F3FAF414F3DC4
:10C998000DAC7F3F2FFB483D0FB17F3F91B4423D27
:10C9A800EAB57F3FD56D3C3D9EBA7F3FFC26363DBC
:10C9B8002ABF7F3F07E02F3D8FC37F3FF698293D71
:10C9C800CCC77F3FCC51233DE2CB7F3F880A1D3D3A
:10C9D800D1CF7F3F2CC3163D98D37F3FB87B103D06
:10C9E80037D77F3F2F340A3DAFDA7F3F90EC033DC6
:10C9F80000DE7F3FB949FB3C29E17F3F2DBAEE3C81
:10CA08002BE47F3F7B2AE23C05E77F3FA69AD53C93
:10CA1800B8E97F3FB00AC93C43EC7F3F9B7ABC3CF6
:10CA2800A7EE7F3F69EAAF3CE3F07F3F1C5AA33C87
:10CA3800F8F27F3FB6C9963CE6F47F3F38398A3C26
:10CA4800ACF67F3F4B517B3C4AF87F3F0030623C5D
:10CA5800C1F97F3F900E493C11FB7F3F02ED2F3C0F
:10CA680039FC7F3F59CB163C39FD7F3F3053FB3BA8
:10CA780013FE7F3F890FC93BC4FE7F3FC1CB963B66
:10CA88004EFF7F3FC70F493BB1FF7F3FD40FC93AE5
:10CA9800ECFF7F3F000000000000803FD40FC9BAC0
:10CAA800ECFF7F3FC70F49BBB1FF7F3FC1CB96BBB0
:10CAB8004EFF7F3F890FC9BBC4FE7F3F3053FBBB8E
:10CAC80013FE7F3F59CB16BC39FD7F3F02ED2FBCCB
:10CAD80039FC7F3F900E49BC11FB7F3F003062BCA0
:10CAE800C1F97F3F4B517BBC4AF87F3F38398ABC3C
:10CAF800ACF67F3FB6C996BCE6F47F3F1C5AA3BC90
:10CB0800F8F27F3F69EAAFBCE3F07F3F9B7ABCBC99
:10CB1800A7EE7F3FB00AC9BC43EC7F3FA69AD5BCBD
:10CB2800B8E97F3F7B2AE2BC05E77F3F2DBAEEBC20
:10CB38002BE47F3FB949FBBC29E17F3F90EC03BD63
:10CB480000DE7F3F2F340ABDAFDA7F3FB87B10BDD0
:10CB580037D77F3F2CC316BD98D37F3F880A1DBDAA
:10CB6800D1CF7F3FCC5123BDE2CB7F3FF69829BD83
:10CB7800CCC77F3F07E02FBD8FC37F3FFC2636BD64
:10CB88002ABF7F3FD56D3CBD9EBA7F3F91B442BD61
:10CB9800EAB57F3F2FFB48BD0FB17F3FAF414FBD87
:10CBA8000DAC7F3F0E8855BDE3A67F3F4CCE5BBDE5
:10CBB80091A17F3F681462BD189C7F3F625A68BD8F
:10CBC80078967F3F38A06EBDB1907F3FE9E574BD90
:10CBD800C28A7F3F742B7BBDAB847F3F6CB880BD1E
:10CBE8006D7E7F3F0ADB83BD08787F3F94FD86BD5D
:10CBF8007B717F3F0A208ABDC76A7F3F6A428DBD2D
:10CC0800EC637F3FB46490BDE95C7F3FE78693BDEA
:10CC1800BF557F3F05A996BD6D4E7F3F0ACB99BD95
:10CC2800F4467F3FF9EC9CBD543F7F3FCF0EA0BD3B
:10CC38008D377F3F8C30A3BD9D2F7F3F3052A6BDDF
:10CC480087277F3FBA73A9BD491F7F3F2B95ACBD8E
:10CC5800E4167F3F80B6AFBD580E7F3FBBD7B2BD4D
:10CC6800A4057F3FDAF8B5BDC9FC7E3FDD19B9BD23
:10CC7800C7F37E3FC33ABCBD9DEA7E3F8D5BBFBD17
:10CC88004CE17E3F397CC2BDD4D77E3FC69CC5BD32
:10CC980034CE7E3F36BDC8BD6DC47E3F86DDCBBD7C
:10CCA8007FBA7E3FB7FDCEBD69B07E3FC81DD2BDFD
:10CCB8002DA67E3FB93DD5BDC99B7E3F895DD8BDB8
:10CCC8003D917E3F377DDBBD8B867E3FC49CDEBDBC
:10CCD800B17B7E3F2EBCE1BDB0707E3F76DBE4BD0C
:10CCE80088657E3F9AFAE7BD385A7E3F9A19EBBDB0
:10CCF800C14E7E3F7638EEBD23437E3F2E57F1BDB1
:10CD08005E377E3FC075F4BD722B7E3F2C94F7BD15
:10CD18005E1F7E3F73B2FABD24137E3F92D0FDBDE5
:10CD2800C2067E3F457700BE38FA7D3F2E0602BE1A
:10CD380088ED7D3F029503BEB1E07D3FC22305BE6D
:10CD4800B2D37D3F6EB206BE8CC67D3F054108BE9C
:10CD580040B97D3F86CF09BECCAB7D3FF35D0BBEAE
:10CD6800309E7D3F4AEC0CBE6E907D3F8B7A0EBEA6
:10CD780085827D3FB70810BE74747D3FCC9611BE86
:10CD88003D667D3FCA2413BEDE577D3FB2B214BE56
:10CD980059497D3F834016BEAC3A7D3F3DCE17BE14
:10CDA800D82B7D3FE05B19BEDD1C7D3F6BE91ABEC9
:10CDB800BC0D7D3FDE761CBE73FE7C3F38041EBE74
:10CDC80003EF7C3F7B911FBE6CDF7C3FA51E21BE1D
:10CDD800AECF7C3FB6AB22BEC9BF7C3FAD3824BEC8
:10CDE800BDAF7C3F8CC525BE8A9F7C3F515227BE74
:10CDF800318F7C3FFCDE28BEB07E7C3F8D6B2ABE27
:10CE0800086E7C3F04F82BBE3A5D7C3F61842DBEE2
:10CE1800444C7C3FA2102FBE283B7C3FC99C30BEAF
:10CE2800E5297C3FD42832BE7A187C3FC4B433BE8F
:10CE3800E9067C3F984035BE31F57B3F50CC36BE85
:10CE480053E37B3FEC5738BE4DD17B3F6CE339BE93
:10CE580020BF7B3FCF6E3BBECDAC7B3F15FA3CBEBF
:10CE6800539A7B3F3E853EBEB2877B3F491040BE0A
:10CE7800EA747B3F379B41BEFC617B3F072643BE7C
:10CE8800E74E7B3FB9B044BEAB3B7B3F4D3B46BE14
:10CE980048287B3FC2C547BEBE147B3F185049BED9
:10CEA8000E017B3F4FDA4ABE37ED7A3F67644CBECE
:10CEB8003AD97A3F60EE4DBE16C57A3F38784FBEF4
:10CEC800CBB07A3FF10151BE599C7A3F898B52BE53
:10CED800C1877A3F011554BE02737A3F589E55BEEA
:10CEE8001C5E7A3F8F2757BE10497A3FA4B058BEC0
:10CEF800DD337A3F97395ABE841E7A3F6AC25BBED9
:10CF080004097A3F1A4B5DBE5EF3793FA8D35EBE33
:10CF180091DD793F135C60BE9DC7793F5CE461BEDB
:10CF280083B1793F836C63BE439B793F86F464BECB
:10CF3800DC84793F667C66BE4E6E793F220468BE0B
:10CF48009A57793FBA8B69BEC040793F2F136BBEA1
:10CF5800BF29793F7F9A6CBE9812793FAB216EBE8C
:10CF68004AFB783FB2A86FBED6E3783F942F71BED4
:10CF78003BCC783F51B672BE7BB4783FE83C74BE78
:10CF8800939C783F5AC375BE8684783FA64977BE7E
:10CF9800526C783FCCCF78BEF853783FCB557ABEE9
:10CFA800773B783FA4DB7BBED122783F56617DBEBC
:10CFB800040A783FE1E67EBE10F1773F223680BE54
:10CFC800F7D7773FC0F880BEB7BE773F4ABB81BE70
:10CFD80051A5773FC07D82BEC58B773F224083BE77
:10CFE8001372773F700284BE3A58773FAAC484BE52
:10CFF8003C3E773FCE8685BE1724773FDF4886BE06
:10D00800CC09773FDA0A87BE5BEF763FC1CC87BE93
:10D01800C4D4763F938E88BE07BA763F505089BEF7
:10D02800249F763FF8118ABE1B84763F8AD38ABE36
:10D03800EC68763F07958BBE974D763F6E568CBE53
:10D048001B32763FC0178DBE7A16763FFCD88DBE50
:10D05800B3FA753F229A8EBEC6DE753F325B8FBE2D
:10D06800B3C2753F2C1C90BE7BA6753F10DD90BEE9
:10D078001C8A753FDD9D91BE976D753F945E92BE8B
:10D08800ED50753F351F93BE1D34753FBFDF93BE0E
:10D098002717753F31A094BE0BFA743F8D6095BE7B
:10D0A800C9DC743FD22096BE62BF743F00E196BED1
:10D0B800D5A1743F17A197BE2284743F166198BE0C
:10D0C8004966743FFE2099BE4B48743FCEE099BE36
:10D0D800272A743F86A09ABEDD0B743F27609BBE4B
:10D0E8006EED733FAF1F9CBED9CE733F20DF9CBE51
:10D0F8001FB0733F789E9DBE3F91733FB85D9EBE43
:10D108003972733FDF1C9FBE0E53733FEEDB9FBE29
:10D11800BE33733FE59AA0BE4714733FC259A1BE00
:10D12800ACF4723F8718A2BEEBD4723F33D7A2BECD
:10D1380004B5723FC595A3BEF894723F3F54A4BE90
:10D14800C774723F9F12A5BE7054723FE5D0A5BE4A
:10D15800F433723F128FA6BE5213723F254DA7BEFD
:10D168008CF2713F1F0BA8BE9FD1713FFEC8A8BEAD
:10D178008EB0713FC486A9BE578F713F6F44AABE57
:10D18800FB6D713F0102ABBE7A4C713F77BFABBEFE
:10D19800D42A713FD47CACBE0809713F153AADBEA4
:10D1A80017E7703F3CF7ADBE02C5703F49B4AEBE4D
:10D1B800C6A2703F3A71AFBE6680703F102EB0BEF7
:10D1C800E15D703FCBEAB0BE373B703F6BA7B1BEA5
:10D1D8006718703FEF63B2BE73F56F3F5820B3BE58
:10D1E8005AD26F3FA5DCB3BE1BAF6F3FD698B4BE13
:10D1F800B88B6F3FEC54B5BE30686F3FE610B6BED3
:10D2080083446F3FC3CCB6BEB0206F3F8488B7BE9F
:10D21800BAFC6E3F2A44B8BE9ED86E3FB2FFB8BE75
:10D228005DB46E3F1EBBB9BEF88F6E3F6E76BABE58
:10D238006D6B6E3FA031BBBEBE466E3FB6ECBBBE4B
:10D24800EB216E3FAFA7BCBEF2FC6D3F8B62BDBE4B
:10D25800D5D76D3F4A1DBEBE93B26D3FEBD7BEBE5C
:10D268002D8D6D3F6F92BFBEA1676D3FD54CC0BE7F
:10D27800F2416D3F1E07C1BE1D1C6D3F48C1C1BEB6
:10D2880024F66C3F557BC2BE07D06C3F4435C3BE05
:10D29800C5A96C3F15EFC3BE5E836C3FC8A8C4BE6A
:10D2A800D45C6C3F5C62C5BE24366C3FD21BC6BEE4
:10D2B800500F6C3F29D5C6BE58E86B3F628EC7BE7B
:10D2C8003BC16B3F7C47C8BEFB996B3F7700C9BE2B
:10D2D80095726B3F53B9C9BE0C4B6B3F1072CABEF7
:10D2E8005E236B3FAE2ACBBE8CFB6A3F2CE3CBBEE2
:10D2F80095D36A3F8B9BCCBE7BAB6A3FCA53CDBEEE
:10D308003C836A3FEA0BCEBED95A6A3FEAC3CEBE17
:10D3180052326A3FCA7BCFBEA7096A3F8A33D0BE62
:10D32800D7E0693F2AEBD0BEE4B7693FAAA2D1BED5
:10D33800CC8E693F095AD2BE9165693F4811D3BE68
:10D34800323C693F67C8D3BEAE12693F647FD4BE22
:10D3580007E9683F4136D5BE3CBF683FFDECD5BE06
:10D368004C95683F99A3D6BE396B683F135AD7BE10
:10D378000341683F6B10D8BEA816683FA3C6D8BE45
:10D388002AEC673FB97CD9BE87C1673FAD32DABEA8
:10D39800C196673F80E8DABED86B673F319EDBBE37
:10D3A800CA40673FC153DCBE9915673F2E09DDBEF1
:10D3B80045EA663F79BEDDBECCBE663FA273DEBEDF
:10D3C8003093663FA928DFBE7167663F8DDDDFBEFB
:10D3D8008E3B663F4F92E0BE880F663FEE46E1BE49
:10D3E8005EE3653F6AFBE1BE10B7653FC4AFE2BECE
:10D3F800A08A653FFA63E3BE0B5E653F0E18E4BE84
:10D408005431653FFECBE4BE7904653FCB7FE5BE72
:10D418007BD7643F7533E6BE59AA643FFBE6E6BE98
:10D42800147D643F5D9AE7BEAC4F643F9C4DE8BEF7
:10D438002122643FB700E9BE73F4633FAEB3E9BE8F
:10D44800A1C6633F8166EABEAC98633F3019EBBE64
:10D45800956A633FBBCBEBBE5A3C633F217EECBE73
:10D46800FC0D633F6330EDBE7BDF623F80E2EDBEC3
:10D47800D7B0623F7994EEBE1082623F4C46EFBE51
:10D488002653623FFBF7EFBE1A24623F85A9F0BE20
:10D49800EAF4613FEA5AF1BE98C5613F290CF2BE31
:10D4A8002296613F43BDF2BE8A66613F386EF3BE85
:10D4B800D036613F071FF4BEF206613FB1CFF4BE1C
:10D4C800F2D6603F3580F5BECFA6603F9330F6BEFA
:10D4D8008976603FCBE0F6BE2146603FDC90F7BE20
:10D4E8009615603FC840F8BEE9E45F3F8EF0F8BE8D
:10D4F80019B45F3F2DA0F9BE27835F3FA54FFABE41
:10D5080012525F3FF7FEFABEDB205F3F22AEFBBE42
:10D5180081EF5E3F275DFCBE05BE5E3F040CFDBE8D
:10D52800678C5E3FBBBAFDBEA65A5E3F4A69FEBE27
:10D53800C3285E3FB217FFBEBEF65D3FF3C5FFBE10
:10D5480097C45D3F063A00BF4D925D3FFF9000BF14
:10D55800E15F5D3FE4E700BF532D5D3FB53E01BF8E
:10D56800A3FA5C3F739501BFD1C75C3F1CEC01BFB8
:10D57800DD945C3FB14202BFC7615C3F329902BF94
:10D588008E2E5C3F9FEF02BF34FB5B3FF84503BF25
:10D59800B8C75B3F3D9C03BF1A945B3F6DF203BF66
:10D5A8005A605B3F894804BF792C5B3F919E04BF5A
:10D5B80075F85A3F84F404BF50C45A3F624A05BF05
:10D5C80009905A3F2CA005BFA05B5A3FE2F505BF62
:10D5D80016275A3F824B06BF6AF2593F0EA106BF73
:10D5E8009CBD593F86F606BFAD88593FE84B07BF3B
:10D5F8009C53593F36A107BF6A1E593F6FF607BFB4
:10D6080017E9583F924B08BFA1B3583FA1A008BFE4
:10D618000B7E583F9BF508BF5348583F7F4A09BFC8
:10D628007912583F4E9F09BF7FDC573F09F409BF65
:10D6380063A6573FAD480ABF2670573F3D9D0ABFB6
:10D64800C739573FB7F10ABF4803573F1C460BBFBE
:10D65800A7CC563F6B9A0BBFE595563FA5EE0BBF7F
:10D66800025F563FC9420CBFFE27563FD7960CBFF4
:10D67800D9F0553FD0EA0CBF93B9553FB33E0DBF23
:10D688002C82553F81920DBFA44A553F38E60DBF05
:10D69800FB12553FDA390EBF31DB543F658D0EBFA3
:10D6A80047A3543FDBE00EBF3B6B543F3B340FBFF7
:10D6B8000F33543F84870FBFC3FA533FB8DA0FBF05
:10D6C80055C2533FD52D10BFC789533FDC8010BFCB
:10D6D8001851533FCDD310BF4918533FA72611BF48
:10D6E80059DF523F6B7911BF49A6523F19CC11BF80
:10D6F800186D523FB01E12BFC633523F307112BF71
:10D7080054FA513F9AC312BFC2C0513FEE1513BF1E
:10D718001087513F2A6813BF3D4D513F50BA13BF80
:10D728004A13513F5F0C14BF37D9503F585E14BF9E
:10D73800039F503F39B014BFAF64503F040215BF78
:10D748003B2A503FB75315BFA8EF4F3F54A515BF0D
:10D75800F4B44F3FD9F615BF1F7A4F3F474816BF5D
:10D768002B3F4F3F9F9916BF17044F3FDFEA16BF65
:10D77800E4C84E3F073C17BF908D4E3F188D17BF2A
:10D788001C524E3F12DE17BF89164E3FF52E18BFAA
:10D79800D5DA4D3FC07F18BF029F4D3F73D018BFE9
:10D7A80010634D3F0F2119BFFD264D3F947119BFDE
:10D7B800CBEA4C3F00C219BF79AE4C3F55121ABF95
:10D7C80008724C3F93621ABF78354C3FB8B21ABF03
:10D7D800C7F84B3FC6021BBFF8BB4B3FBB521BBF32
:10D7E800097F4B3F99A21BBFFA414B3F5FF21BBF1A
:10D7F800CC044B3F0C421CBF7FC74A3FA2911CBFC1
:10D80800138A4A3F1FE11CBF874C4A3F84301DBF23
:10D81800DC0E4A3FD17F1DBF12D1493F06CF1DBF45
:10D828002993493F221E1EBF2155493F266D1EBF21
:10D83800FA16493F12BC1EBFB3D8483FE50A1FBFBE
:10D848004E9A483F9F591FBFCA5B483F41A81FBF18
:10D85800271D483FCBF61FBF65DE473F3B4520BF2E
:10D86800849F473F939320BF8560473FD2E120BF05
:10D878006721473FF92F21BF2AE2463F067E21BF95
:10D88800CEA2463FFBCB21BF5463463FD71922BFE8
:10D89800BB23463F996722BF03E4453F43B522BFF8
:10D8A8002DA4453FD30223BF3964453F4B5023BFC6
:10D8B8002624453FA99D23BFF5E3443FEEEA23BF55
:10D8C800A5A3443F1A3824BF3763443F2C8524BF9F
:10D8D800AB22443F25D224BF00E2433F041F25BFAB
:10D8E80038A1433FCB6B25BF5160433F77B825BF75
:10D8F8004C1F433F0A0526BF29DE423F845126BFFD
:10D90800E89C423FE39D26BF895B423F2AEA26BF47
:10D918000B1A423F563627BF70D8413F688227BF4F
:10D92800B796413F61CE27BFE154413F401A28BF17
:10D93800EC12413F056628BFDAD0403FB0B128BF9E
:10D94800A98E403F41FD28BF5C4C403FB84829BFE5
:10D95800F009403F159429BF67C73F3F57DF29BFEC
:10D96800C0843F3F802A2ABFFC413F3F8E752ABFB3
:10D978001BFF3E3F82C02ABF1BBC3E3F5B0B2BBF39
:10D98800FF783E3F1B562BBFC5353E3FBFA02BBF80
:10D998006EF23D3F4AEB2BBFF9AE3D3FB9352CBF88
:10D9A800676B3D3F0F802CBFB8273D3F49CA2CBF4E
:10D9B800ECE33C3F69142DBF03A03C3F6F5E2DBFD5
:10D9C800FC5B3C3F59A82DBFD9173C3F29F22DBF1E
:10D9D80098D33B3FDE3B2EBF3B8F3B3F78852EBF26
:10D9E800C14A3B3FF7CE2EBF29063B3F5B182FBFEE
:10D9F80075C13A3FA5612FBFA47C3A3FD3AA2FBF78
:10DA0800B7373A3FE6F32FBFACF2393FDE3C30BFC1
:10DA180085AD393FBB8530BF4268393F7CCE30BFCA
:10DA2800E122393F221731BF65DD383FAD5F31BF95
:10DA3800CB97383F1DA831BF1652383F71F031BF20
:10DA4800430C383FAA3832BF55C6373FC78032BF6C
:10DA58004A80373FC9C832BF233A373FAF1033BF78
:10DA6800DFF3363F7A5833BF7FAD363F29A033BF47
:10DA78000467363FBCE733BF6C20363F342F34BFD2
:10DA8800B8D9353F8F7634BFE792353FCFBD34BF25
:10DA9800FB4B353FF30435BFF304353FFB4B35BF34
:10DAA800CFBD343FE79235BF8F76343FB8D935BF05
:10DAB800342F343F6C2036BFBCE7333F046736BF92
:10DAC80029A0333F7FAD36BF7A58333FDFF336BFE7
:10DAD800AF10333F233A37BFC9C8323F4A8037BFF8
:10DAE800C780323F55C637BFAA38323F430C38BFCC
:10DAF80071F0313F165238BF1DA8313FCB9738BF60
:10DB0800AD5F313F65DD38BF2217313FE12239BFB4
:10DB18007CCE303F426839BFBB85303F85AD39BFC9
:10DB2800DE3C303FACF239BFE6F32F3FB7373ABFA0
:10DB3800D3AA2F3FA47C3ABFA5612F3F75C13ABF36
:10DB48005B182F3F29063BBFF7CE2E3FC14A3BBF8C
:10DB580078852E3F3B8F3BBFDE3B2E3F98D33BBFA4
:10DB680029F22D3FD9173CBF59A82D3FFC5B3CBF7C
:10DB78006F5E2D3F03A03CBF69142D3FECE33CBF13
:10DB880049CA2C3FB8273DBF0F802C3F676B3DBF6C
:10DB9800B9352C3FF9AE3DBF4AEB2B3F6EF23DBF86
:10DBA800BFA02B3FC5353EBF1B562B3FFF783EBF5E
:10DBB8005B0B2B3F1BBC3EBF82C02A3F1BFF3EBFF7
:10DBC8008E752A3FFC413FBF802A2A3FC0843FBF51
:10DBD80057DF293F67C73FBF1594293FF00940BF6A
:10DBE800B848293F5C4C40BF41FD283FA98E40BF43
:10DBF800B0B1283FDAD040BF0566283FEC1241BFDC
:10DC0800401A283FE15441BF61CE273FB79641BF34
:10DC18006882273F70D841BF5636273F0B1A42BF4C
:10DC28002AEA263F895B42BFE39D263FE89C42BF24
:10DC38008451263F29DE42BF0A05263F4C1F43BFB9
:10DC480077B8253F516043BFCB6B253F38A143BF11
:10DC5800041F253F00E243BF25D2243FAB2244BF27
:10DC68002C85243F376344BF1A38243FA5A344BFFB
:10DC7800EEEA233FF5E344BFA99D233F262445BF91
:10DC88004B50233F396445BFD302233F2DA445BFE2
:10DC980043B5223F03E445BF9967223FBB2346BFF4
:10DCA800D719223F546346BFFBCB213FCEA246BFC4
:10DCB800067E213F2AE246BFF92F213F672147BF51
:10DCC800D2E1203F856047BF9393203F849F47BFA1
:10DCD8003B45203F65DE47BFCBF61F3F271D48BFAA
:10DCE80041A81F3FCA5B48BF9F591F3F4E9A48BF74
:10DCF800E50A1F3FB3D848BF12BC1E3FFA1649BFFA
:10DD0800266D1E3F215549BF221E1E3F299349BF3C
:10DD180006CF1D3F12D149BFD17F1D3FDC0E4ABF40
:10DD280084301D3F874C4ABF1FE11C3F138A4ABFFE
:10DD3800A2911C3F7FC74ABF0C421C3FCC044BBF7B
:10DD48005FF21B3FFA414BBF99A21B3F097F4BBFB4
:10DD5800BB521B3FF8BB4BBFC6021B3FC7F84BBFAC
:10DD6800B8B21A3F78354CBF93621A3F08724CBF5D
:10DD780055121A3F79AE4CBF00C2193FCBEA4CBFCF
:10DD88009471193FFD264DBF0F21193F10634DBFF8
:10DD980073D0183F029F4DBFC07F183FD5DA4DBFE3
:10DDA800F52E183F89164EBF12DE173F1C524EBF84
:10DDB800188D173F908D4EBF073C173FE4C84EBFE4
:10DDC800DFEA163F17044FBF9F99163F2B3F4FBFFF
:10DDD8004748163F1F7A4FBFD9F6153FF4B44FBFD7
:10DDE80054A5153FA8EF4FBFB753153F3B2A50BF67
:10DDF8000402153FAF6450BF39B0143F039F50BFB2
:10DE0800585E143F37D950BF5F0C143F4A1351BFB7
:10DE180050BA133F3D4D51BF2A68133F108751BF79
:10DE2800EE15133FC2C051BF9AC3123F54FA51BFF7
:10DE38003071123FC63352BFB01E123F186D52BF29
:10DE480019CC113F49A652BF6B79113F59DF52BF18
:10DE5800A726113F491853BFCDD3103F185153BFC0
:10DE6800DC80103FC78953BFD52D103F55C253BF23
:10DE7800B8DA0F3FC3FA53BF84870F3F0F3354BF3D
:10DE88003B340F3F3B6B54BFDBE00E3F47A354BF0F
:10DE9800658D0E3F31DB54BFDA390E3FFB1255BF9B
:10DEA80038E60D3FA44A55BF81920D3F2C8255BFDD
:10DEB800B33E0D3F93B955BFD0EA0C3FD9F055BFDB
:10DEC800D7960C3FFE2756BFC9420C3F025F56BF8C
:10DED800A5EE0B3FE59556BF6B9A0B3FA7CC56BFF7
:10DEE8001C460B3F480357BFB7F10A3FC73957BF16
:10DEF8003D9D0A3F267057BFAD480A3F63A657BFEE
:10DF080009F4093F7FDC57BF4E9F093F791258BF7C
:10DF18007F4A093F534858BF9BF5083F0B7E58BFBF
:10DF2800A1A0083FA1B358BF924B083F17E958BFBB
:10DF38006FF6073F6A1E59BF36A1073F9C5359BF6A
:10DF4800E84B073FAD8859BF86F6063F9CBD59BFD1
:10DF58000EA1063F6AF259BF824B063F16275ABFE9
:10DF6800E2F5053FA05B5ABF2CA0053F09905ABFB8
:10DF7800624A053F50C45ABF84F4043F75F85ABF3B
:10DF8800919E043F792C5BBF8948043F5A605BBF70
:10DF98006DF2033F1A945BBF3D9C033FB8C75BBF5C
:10DFA800F845033F34FB5BBF9FEF023F8E2E5CBFFB
:10DFB8003299023FC7615CBFB142023FDD945CBF4A
:10DFC8001CEC013FD1C75CBF7395013FA3FA5CBF4E
:10DFD800B53E013F532D5DBFE4E7003FE15F5DBF04
:10DFE800FF90003F4D925DBF063A003F97C45DBF6A
:10DFF800F3C5FF3EBEF65DBFB217FF3EC3285EBF46
:10E008004A69FE3EA65A5EBFBBBAFD3E678C5EBF3C
:10E01800040CFD3E05BE5EBF275DFC3E81EF5EBF82
:10E0280022AEFB3EDB205FBFF7FEFA3E12525FBF17
:10E03800A54FFA3E27835FBF2DA0F93E19B45FBFF5
:10E048008EF0F83EE9E45FBFC840F83E961560BF21
:10E05800DC90F73E214660BFCBE0F63E897660BF94
:10E068009330F63ECFA660BF3580F53EF2D660BF4E
:10E07800B1CFF43EF20661BF071FF43ED03661BF50
:10E08800386EF33E8A6661BF43BDF23E229661BF99
:10E09800290CF23E98C561BFEA5AF13EEAF461BF25
:10E0A80085A9F03E1A2462BFFBF7EF3E265362BFF4
:10E0B8004C46EF3E108262BF7994EE3ED7B062BF05
:10E0C80080E2ED3E7BDF62BF6330ED3EFC0D63BF57
:10E0D800217EEC3E5A3C63BFBBCBEB3E956A63BFE7
:10E0E8003019EB3EAC9863BF8166EA3EA1C663BFB8
:10E0F800AEB3E93E73F463BFB700E93E212264BFC3
:10E108009C4DE83EAC4F64BF5D9AE73E147D64BF0A
:10E11800FBE6E63E59AA64BF7533E63E7BD764BF8B
:10E12800CB7FE53E790465BFFECBE43E543165BF45
:10E138000E18E43E0B5E65BFFA63E33EA08A65BF36
:10E14800C4AFE23E10B765BF6AFBE13E5EE365BF60
:10E15800EE46E13E880F66BF4F92E03E8E3B66BFBB
:10E168008DDDDF3E716766BFA928DF3E309366BF4D
:10E17800A273DE3ECCBE66BF79BEDD3E45EA66BF11
:10E188002E09DD3E991567BFC153DC3ECA4067BF03
:10E19800319EDB3ED86B67BF80E8DA3EC19667BF29
:10E1A800AD32DA3E87C167BFB97CD93E2AEC67BF7A
:10E1B800A3C6D83EA81668BF6B10D83E034168BFF7
:10E1C800135AD73E396B68BF99A3D63E4C9568BFA2
:10E1D800FDECD53E3CBF68BF4136D53E07E968BF78
:10E1E800647FD43EAE1269BF67C8D33E323C69BF74
:10E1F8004811D33E916569BF095AD23ECC8E69BF9A
:10E20800AAA2D13EE4B769BF2AEBD03ED7E069BFE6
:10E218008A33D03EA7096ABFCA7BCF3E52326ABF53
:10E22800EAC3CE3ED95A6ABFEA0BCE3E3C836ABFE8
:10E23800CA53CD3E7BAB6ABF8B9BCC3E95D36ABF9E
:10E248002CE3CB3E8CFB6ABFAE2ACB3E5E236BBF72
:10E258001072CA3E0C4B6BBF53B9C93E95726BBF67
:10E268007700C93EFB996BBF7C47C83E3BC16BBF7B
:10E27800628EC73E58E86BBF29D5C63E500F6CBFAB
:10E28800D21BC63E24366CBF5C62C53ED45C6CBFF4
:10E29800C8A8C43E5E836CBF15EFC33EC5A96CBF5A
:10E2A8004435C33E07D06CBF557BC23E24F66CBFD5
:10E2B80048C1C13E1D1C6DBF1E07C13EF2416DBF66
:10E2C800D54CC03EA1676DBF6F92BF3E2D8D6DBF0F
:10E2D800EBD7BE3E93B26DBF4A1DBE3ED5D76DBFCC
:10E2E8008B62BD3EF2FC6DBFAFA7BC3EEB216EBF9B
:10E2F800B6ECBB3EBE466EBFA031BB3E6D6B6EBF7B
:10E308006E76BA3EF88F6EBF1EBBB93E5DB46EBF67
:10E31800B2FFB83E9ED86EBF2A44B83EBAFC6EBF64
:10E328008488B73EB0206FBFC3CCB63E83446FBF6E
:10E33800E610B63E30686FBFEC54B53EB88B6FBF81
:10E34800D698B43E1BAF6FBFA5DCB33E5AD26FBFA1
:10E358005820B33E73F56FBFEF63B23E671870BFC6
:10E368006BA7B13E373B70BFCBEAB03EE15D70BFF3
:10E37800102EB03E668070BF3A71AF3EC6A270BF25
:10E3880049B4AE3E02C570BF3CF7AD3E17E770BF5B
:10E39800153AAD3E080971BFD47CAC3ED42A71BF92
:10E3A80077BFAB3E7A4C71BF0102AB3EFB6D71BFCC
:10E3B8006F44AA3E578F71BFC486A93E8EB071BF05
:10E3C800FEC8A83E9FD171BF1F0BA83E8CF271BF3B
:10E3D800254DA73E521372BF128FA63EF43372BF6B
:10E3E800E5D0A53E705472BF9F12A53EC77472BF98
:10E3F8003F54A43EF89472BFC595A33E04B572BFBE
:10E4080033D7A23EEBD472BF8718A23EACF472BFDA
:10E41800C259A13E471473BFE59AA03EBE3373BFED
:10E42800EEDB9F3E0E5373BFDF1C9F3E397273BFF6
:10E43800B85D9E3E3F9173BF789E9D3E1FB073BFEF
:10E4480020DF9C3ED9CE73BFAF1F9C3E6EED73BFDD
:10E4580027609B3EDD0B74BF86A09A3E272A74BFB7
:10E46800CEE0993E4B4874BFFE20993E496674BF82
:10E478001661983E228474BF17A1973ED5A174BF38
:10E4880000E1963E62BF74BFD220963EC9DC74BFDD
:10E498008D60953E0BFA74BF31A0943E271775BF67
:10E4A800BFDF933E1D3475BF351F933EED5075BFDA
:10E4B800945E923E976D75BFDD9D913E1C8A75BF37
:10E4C80010DD903E7BA675BF2C1C903EB3C275BF75
:10E4D800325B8F3EC6DE75BF229A8E3EB3FA75BF99
:10E4E800FCD88D3E7A1676BFC0178D3E1B3276BF9C
:10E4F8006E568C3E974D76BF07958B3EEC6876BF7F
:10E508008AD38A3E1B8476BFF8118A3E249F76BF41
:10E518005050893E07BA76BF938E883EC4D476BFE2
:10E52800C1CC873E5BEF76BFDA0A873ECC0977BF5E
:10E53800DF48863E172477BFCE86853E3C3E77BFB0
:10E54800AAC4843E3A5877BF7002843E137277BFDC
:10E558002240833EC58B77BFC07D823E51A577BFE1
:10E568004ABB813EB7BE77BFC0F8803EF7D777BFBA
:10E578002236803E10F177BFE1E67E3E040A78BF7E
:10E5880056617D3ED12278BFA4DB7B3E773B78BFC6
:10E59800CB557A3EF85378BFCCCF783E526C78BFD3
:10E5A800A649773E868478BF5AC3753E939C78BF48
:10E5B800E83C743E7BB478BF51B6723E3BCC78BF22
:10E5C800942F713ED6E378BFB2A86F3E4AFB78BF5E
:10E5D800AB216E3E981279BF7F9A6C3EBF2979BFF6
:10E5E8002F136B3EC04079BFBA8B693E9A5779BFEB
:10E5F8002204683E4E6E79BF667C663EDC8479BF35
:10E6080086F4643E439B79BF836C633E83B179BFD4
:10E618005CE4613E9DC779BF135C603E91DD79BFC4
:10E62800A8D35E3E5EF379BF1A4B5D3E04097ABFFC
:10E638006AC25B3E841E7ABF97395A3EDD337ABF81
:10E64800A4B0583E10497ABF8F27573E1C5E7ABF48
:10E65800589E553E02737ABF0115543EC1877ABF52
:10E66800898B523E599C7ABFF101513ECBB07ABF9B
:10E6780038784F3E16C57ABF60EE4D3E3AD97ABF1C
:10E6880067644C3E37ED7ABF4FDA4A3E0E017BBFD6
:10E698001850493EBE147BBFC2C5473E48287BBFC1
:10E6A8004D3B463EAB3B7BBFB9B0443EE74E7BBFDC
:10E6B8000726433EFC617BBF379B413EEA747BBF24
:10E6C8004910403EB2877BBF3E853E3E539A7BBF92
:10E6D80015FA3C3ECDAC7BBFCF6E3B3E20BF7BBF27
:10E6E8006CE3393E4DD17BBFEC57383E53E37BBFDB
:10E6F80050CC363E31F57BBF9840353EE9067CBFAD
:10E70800C4B4333E7A187CBFD428323EE5297CBF96
:10E71800C99C303E283B7CBFA2102F3E444C7CBF96
:10E7280061842D3E3A5D7CBF04F82B3E086E7CBFA9
:10E738008D6B2A3EB07E7CBFFCDE283E318F7CBFCD
:10E748005152273E8A9F7CBF8CC5253EBDAF7CBFFA
:10E75800AD38243EC9BF7CBFB6AB223EAECF7CBF2E
:10E76800A51E213E6CDF7CBF7B911F3E03EF7CBF63
:10E7780038041E3E73FE7CBFDE761C3EBC0D7DBF9A
:10E788006BE91A3EDD1C7DBFE05B193ED82B7DBFCF
:10E798003DCE173EAC3A7DBF8340163E59497DBFFA
:10E7A800B2B2143EDE577DBFCA24133E3D667DBF1C
:10E7B800CC96113E74747DBFB708103E85827DBF2C
:10E7C8008B7A0E3E6E907DBF4AEC0C3E309E7DBF2C
:10E7D800F35D0B3ECCAB7DBF86CF093E40B97DBF14
:10E7E8000541083E8CC67DBF6EB2063EB2D37DBFE2
:10E7F800C223053EB1E07DBF0295033E88ED7DBF93
:10E808002E06023E38FA7DBF4577003EC2067EBF1F
:10E8180092D0FD3D24137EBF73B2FA3D5E1F7EBFCA
:10E828002C94F73D722B7EBFC075F43D5E377EBFDA
:10E838002E57F13D23437EBF7638EE3DC14E7EBF55
:10E848009A19EB3D385A7EBF9AFAE73D88657EBF34
:10E8580076DBE43DB0707EBF2EBCE13DB17B7EBF70
:10E86800C49CDE3D8B867EBF377DDB3D3D917EBF00
:10E87800895DD83DC99B7EBFB93DD53D2DA67EBFDC
:10E88800C81DD23D69B07EBFB7FDCE3D7FBA7EBF01
:10E8980086DDCB3D6DC47EBF36BDC83D34CE7EBF60
:10E8A800C69CC53DD4D77EBF397CC23D4CE17EBFF6
:10E8B8008D5BBF3D9DEA7EBFC33ABC3DC7F37EBFBB
:10E8C800DD19B93DC9FC7EBFDAF8B53DA4057FBFA7
:10E8D800BBD7B23D580E7FBF80B6AF3DE4167FBFB1
:10E8E8002B95AC3D491F7FBFBA73A93D87277FBFD2
:10E8F8003052A63D9D2F7FBF8C30A33D8D377FBF03
:10E90800CF0EA03D543F7FBFF9EC9C3DF4467FBF3E
:10E918000ACB993D6D4E7FBF05A9963DBF557FBF78
:10E92800E786933DE95C7FBFB464903DEC637FBFAD
:10E938006A428D3DC76A7FBF0A208A3D7B717FBFCF
:10E9480094FD863D08787FBF0ADB833D6D7E7FBFDF
:10E958006CB8803DAB847FBF742B7B3DC28A7FBF80
:10E96800E9E5743DB1907FBF38A06E3D78967FBFD2
:10E97800625A683D189C7FBF6814623D91A17FBFB1
:10E988004CCE5B3DE3A67FBF0E88553D0DAC7FBFE7
:10E99800AF414F3D0FB17FBF2FFB483DEAB57FBF69
:10E9A80091B4423D9EBA7FBFD56D3C3D2ABF7FBF23
:10E9B800FC26363D8FC37FBF07E02F3DCCC77FBF06
:10E9C800F698293DE2CB7FBFCC51233DD1CF7FBF05
:10E9D800880A1D3D98D37FBF2CC3163D37D77FBF0C
:10E9E800B87B103DAFDA7FBF2F340A3D00DE7FBF12
:10E9F80090EC033D29E17FBFB949FB3C2BE47FBF85
:10EA08002DBAEE3C05E77FBF7B2AE23CB8E97FBF21
:10EA1800A69AD53C43EC7FBFB00AC93CA7EE7FBF9E
:10EA28009B7ABC3CE3F07FBF69EAAF3CF8F27FBF5A
:10EA38001C5AA33CE6F47FBFB6C9963CACF67FBF30
:10EA480038398A3C4AF87FBF4B517B3CC1F97FBFBC
:10EA58000030623C11FB7FBF900E493C39FC7FBF00
:10EA680002ED2F3C39FD7FBF59CB163C13FE7FBF0B
:10EA78003053FB3BC4FE7FBF890FC93B4EFF7FBFAE
:10EA8800C1CB963BB1FF7FBFC70F493BECFF7FBFB0
:10EA9800D40FC93A000080BF00000000ECFF7FBF20
:10EAA800D40FC9BAB1FF7FBFC70F49BB4EFF7FBFA5
:10EAB800C1CB96BBC4FE7FBF890FC9BB13FE7FBF06
:10EAC8003053FBBB39FD7FBF59CB16BC39FC7FBF28
:10EAD80002ED2FBC11FB7FBF900E49BCC1F97FBF6F
:10EAE800003062BC4AF87FBF4B517BBCACF67FBF9D
:10EAF80038398ABCE6F47FBFB6C996BCF8F27FBF46
:10EB08001C5AA3BCE3F07FBF69EAAFBCA7EE7FBF86
:10EB18009B7ABCBC43EC7FBFB00AC9BCB8E97FBFD5
:10EB2800A69AD5BC05E77FBF7B2AE2BC2BE47FBF52
:10EB38002DBAEEBC29E17FBFB949FBBC00DE7FBF1F
:10EB480090EC03BDAFDA7FBF2F340ABD37D77FBF44
:10EB5800B87B10BD98D37FBF2CC316BDD1CF7FBF64
:10EB6800880A1DBDE2CB7FBFCC5123BDCCC77FBF78
:10EB7800F69829BD8FC37FBF07E02FBD2ABF7FBF8F
:10EB8800FC2636BD9EBA7FBFD56D3CBDEAB57FBFBA
:10EB980091B442BD0FB17FBF2FFB48BD0DAC7FBF05
:10EBA800AF414FBDE3A67FBF0E8855BD91A17FBF82
:10EBB8004CCE5BBD189C7FBF681462BD78967FBF42
:10EBC800625A68BDB1907FBF38A06EBDC28A7FBF50
:10EBD800E9E574BDAB847FBF742B7BBD6D7E7FBFC1
:10EBE8006CB880BD08787FBF0ADB83BD7B717FBFAF
:10EBF80094FD86BDC76A7FBF0A208ABDEC637FBFCC
:10EC08006A428DBDE95C7FBFB46490BDBF557FBFCC
:10EC1800E78693BD6D4E7FBF05A996BDF4467FBFBD
:10EC28000ACB99BD543F7FBFF9EC9CBD8D377FBFA0
:10EC3800CF0EA0BD9D2F7FBF8C30A3BD87277FBF80
:10EC48003052A6BD491F7FBFBA73A9BDE4167FBF66
:10EC58002B95ACBD580E7FBF80B6AFBDA4057FBF56
:10EC6800BBD7B2BDC9FC7EBFDAF8B5BDC7F37EBF5E
:10EC7800DD19B9BD9DEA7EBFC33ABCBD4CE17EBF7C
:10EC88008D5BBFBDD4D77EBF397CC2BD34CE7EBFBD
:10EC9800C69CC5BD6DC47EBF36BDC8BD7FBA7EBF2C
:10ECA80086DDCBBD69B07EBFB7FDCEBD2DA67EBFCC
:10ECB800C81DD2BDC99B7EBFB93DD5BD3D917EBFA4
:10ECC800895DD8BD8B867EBF377DDBBDB17B7EBFBE
:10ECD800C49CDEBDB0707EBF2EBCE1BD88657EBF22
:10ECE80076DBE4BD385A7EBF9AFAE7BDC14E7EBFD7
:10ECF8009A19EBBD23437EBF7638EEBD5E377EBFE3
:10ED08002E57F1BD722B7EBFC075F4BD5E1F7EBF4E
:10ED18002C94F7BD24137EBF73B2FABDC2067EBF22
:10ED280092D0FDBD38FA7DBF457700BE88ED7DBF26
:10ED38002E0602BEB1E07DBF029503BEB2D37DBFF1
:10ED4800C22305BE8CC67DBF6EB206BE40B97DBF6C
:10ED5800054108BECCAB7DBF86CF09BE309E7DBFC6
:10ED6800F35D0BBE6E907DBF4AEC0CBE85827DBF05
:10ED78008B7A0EBE74747DBFB70810BE3D667DBF2A
:10ED8800CC9611BEDE577DBFCA2413BE59497DBF3C
:10ED9800B2B214BEAC3A7DBF834016BED82B7DBF3D
:10EDA8003DCE17BEDD1C7DBFE05B19BEBC0D7DBF2F
:10EDB8006BE91ABE73FE7CBFDE761CBE03EF7CBF18
:10EDC80038041EBE6CDF7CBF7B911FBEAECF7CBFFC
:10EDD800A51E21BEC9BF7CBFB6AB22BEBDAF7CBFDE
:10EDE800AD3824BE8A9F7CBF8CC525BE318F7CBFC1
:10EDF800515227BEB07E7CBFFCDE28BE086E7CBFA9
:10EE08008D6B2ABE3A5D7CBF04F82BBE444C7CBF98
:10EE180061842DBE283B7CBFA2102FBEE5297CBF94
:10EE2800C99C30BE7A187CBFD42832BEE9067CBFA4
:10EE3800C4B433BE31F57BBF984035BE53E37BBFC6
:10EE480050CC36BE4DD17BBFEC5738BE20BF7BBF00
:10EE58006CE339BECDAC7BBFCF6E3BBE539A7BBF54
:10EE680015FA3CBEB2877BBF3E853EBEEA747BBFC7
:10EE7800491040BEFC617BBF379B41BEE74E7BBF5C
:10EE8800072643BEAB3B7BBFB9B044BE48287BBF17
:10EE98004D3B46BEBE147BBFC2C547BE0E017BBFFD
:10EEA800185049BE37ED7ABF4FDA4ABE3AD97ABF11
:10EEB80067644CBE16C57ABF60EE4DBECBB07ABF54
:10EEC80038784FBE599C7ABFF10151BEC1877ABFCD
:10EED800898B52BE02737ABF011554BE1C5E7ABF7D
:10EEE800589E55BE10497ABF8F2757BEDD337ABF6B
:10EEF800A4B058BE841E7ABF97395ABE04097ABF97
:10EF08006AC25BBE5EF379BF1A4B5DBE91DD79BF05
:10EF1800A8D35EBE9DC779BF135C60BE83B179BFBD
:10EF28005CE461BE439B79BF836C63BEDC8479BFBC
:10EF380086F464BE4E6E79BF667C66BE9A5779BF0A
:10EF4800220468BEC04079BFBA8B69BEBF2979BFA9
:10EF58002F136BBE981279BF7F9A6CBE4AFB78BF9D
:10EF6800AB216EBED6E378BFB2A86FBE3BCC78BFEC
:10EF7800942F71BE7BB478BF51B672BE939C78BF94
:10EF8800E83C74BE868478BF5AC375BE526C78BF9D
:10EF9800A64977BEF85378BFCCCF78BE773B78BF09
:10EFA800CB557ABED12278BFA4DB7BBE040A78BFDA
:10EFB80056617DBE10F177BFE1E67EBEF7D777BF19
:10EFC800223680BEB7BE77BFC0F880BE51A577BFD6
:10EFD8004ABB81BEC58B77BFC07D82BE137277BF27
:10EFE800224083BE3A5877BF700284BE3C3E77BF4A
:10EFF800AAC484BE172477BFCE8685BECC0977BF46
:10F00800DF4886BE5BEF76BFDA0A87BEC4D476BF18
:10F01800C1CC87BE07BA76BF938E88BE249F76BFC1
:10F02800505089BE1B8476BFF8118ABEEC6876BF43
:10F038008AD38ABE974D76BF07958BBE1B3276BFA3
:10F048006E568CBE7A1676BFC0178DBEB3FA75BFE2
:10F05800FCD88DBEC6DE75BF229A8EBEB3C275BF00
:10F06800325B8FBE7BA675BF2C1C90BE1C8A75BFF9
:10F0780010DD90BE976D75BFDD9D91BEED5075BFDB
:10F08800945E92BE1D3475BF351F93BE271775BF9A
:10F09800BFDF93BE0BFA74BF31A094BEC9DC74BF46
:10F0A8008D6095BE62BF74BFD22096BED5A174BFD5
:10F0B80000E196BE228474BF17A197BE496674BF4B
:10F0C800166198BE4B4874BFFE2099BE272A74BFAC
:10F0D800CEE099BEDD0B74BF86A09ABE6EED73BFFD
:10F0E80027609BBED9CE73BFAF1F9CBE1FB073BF36
:10F0F80020DF9CBE3F9173BF789E9DBE397273BF5F
:10F10800B85D9EBE0E5373BFDF1C9FBEBE3373BF78
:10F11800EEDB9FBE471473BFE59AA0BEACF472BF86
:10F12800C259A1BEEBD472BF8718A2BE04B572BF84
:10F1380033D7A2BEF89472BFC595A3BEC77472BF79
:10F148003F54A4BE705472BF9F12A5BEF43372BF61
:10F15800E5D0A5BE521372BF128FA6BE8CF271BF46
:10F16800254DA7BE9FD171BF1F0BA8BE8EB071BF22
:10F17800FEC8A8BE578F71BFC486A9BEFB6D71BFFC
:10F188006F44AABE7A4C71BF0102ABBED42A71BFCC
:10F1980077BFABBE080971BFD47CACBE17E770BFA0
:10F1A800153AADBE02C570BF3CF7ADBEC6A270BF72
:10F1B80049B4AEBE668070BF3A71AFBEE15D70BF44
:10F1C800102EB0BE373B70BFCBEAB0BE671870BF19
:10F1D8006BA7B1BE73F56FBFEF63B2BE5AD26FBFF4
:10F1E8005820B3BE1BAF6FBFA5DCB3BEB88B6FBFD3
:10F1F800D698B4BE30686FBFEC54B5BE83446FBFB9
:10F20800E610B6BEB0206FBFC3CCB6BEBAFC6EBFA8
:10F218008488B7BE9ED86EBF2A44B8BE5DB46EBFA0
:10F22800B2FFB8BEF88F6EBF1EBBB9BE6D6B6EBFA6
:10F238006E76BABEBE466EBFA031BBBEEB216EBFB6
:10F24800B6ECBBBEF2FC6DBFAFA7BCBED5D76DBFD9
:10F258008B62BDBE93B26DBF4A1DBEBE2D8D6DBF04
:10F26800EBD7BEBEA1676DBF6F92BFBEF2416DBF47
:10F27800D54CC0BE1D1C6DBF1E07C1BE24F66CBF99
:10F2880048C1C1BE07D06CBF557BC2BEC5A96CBF03
:10F298004435C3BE5E836CBF15EFC3BED45C6CBF80
:10F2A800C8A8C4BE24366CBF5C62C5BE500F6CBF14
:10F2B800D21BC6BE58E86BBF29D5C6BE3BC16BBFC3
:10F2C800628EC7BEFB996BBF7C47C8BE95726BBF89
:10F2D8007700C9BE0C4B6BBF53B9C9BE5E236BBF69
:10F2E8001072CABE8CFB6ABFAE2ACBBE95D36ABF6A
:10F2F8002CE3CBBE7BAB6ABF8B9BCCBE3C836ABF87
:10F30800CA53CDBED95A6ABFEA0BCEBE52326ABFC3
:10F31800EAC3CEBEA7096ABFCA7BCFBED7E069BF22
:10F328008A33D0BEE4B769BF2AEBD0BECC8E69BFA2
:10F33800AAA2D1BE916569BF095AD2BE323C69BF43
:10F348004811D3BEAE1269BF67C8D3BE07E968BF0C
:10F35800647FD4BE3CBF68BF4136D5BE4C9568BFFC
:10F36800FDECD5BE396B68BF99A3D6BE034168BF13
:10F37800135AD7BEA81668BF6B10D8BE2AEC67BF51
:10F38800A3C6D8BE87C167BFB97CD9BEC19667BFBF
:10F39800AD32DABED86B67BF80E8DABECA4067BF55
:10F3A800319EDBBE991567BFC153DCBE45EA66BF17
:10F3B8002E09DDBECCBE66BF79BEDDBE309366BF0A
:10F3C800A273DEBE716766BFA928DFBE8E3B66BF2B
:10F3D8008DDDDFBE880F66BF4F92E0BE5EE365BF7E
:10F3E800EE46E1BE10B765BF6AFBE1BEA08A65BF05
:10F3F800C4AFE2BE0B5E65BFFA63E3BE543165BFBE
:10F408000E18E4BE790465BFFECBE4BE7BD764BFAB
:10F41800CB7FE5BE59AA64BF7533E6BE147D64BFD1
:10F42800FBE6E6BEAC4F64BF5D9AE7BE212264BF2F
:10F438009C4DE8BE73F463BFB700E9BEA1C663BFC5
:10F44800AEB3E9BEAC9863BF8166EABE956A63BF96
:10F458003019EBBE5A3C63BFBBCBEBBEFC0D63BFA0
:10F46800217EECBE7BDF62BF6330EDBED7B062BFEA
:10F4780080E2EDBE108262BF7994EEBE265362BF71
:10F488004C46EFBE1A2462BFFBF7EFBEEAF461BF39
:10F4980085A9F0BE98C561BFEA5AF1BE229661BF40
:10F4A800290CF2BE8A6661BF43BDF2BED03661BF89
:10F4B800386EF3BEF20661BF071FF4BEF2D660BF16
:10F4C800B1CFF4BECFA660BF3580F5BE897660BFE8
:10F4D8009330F6BE214660BFCBE0F6BE961560BFFE
:10F4E800DC90F7BEE9E45FBFC840F8BE19B45FBF5F
:10F4F8008EF0F8BE27835FBF2DA0F9BE12525FBF02
:10F50800A54FFABEDB205FBFF7FEFABE81EF5EBFF4
:10F5180022AEFBBE05BE5EBF275DFCBE678C5EBF2C
:10F52800040CFDBEA65A5EBFBBBAFDBEC3285EBFB3
:10F538004A69FEBEBEF65DBFB217FFBE97C45DBF87
:10F54800F3C5FFBE4D925DBF063A00BFE15F5DBFE8
:10F55800FF9000BF532D5DBFE4E700BFA3FA5CBF77
:10F56800B53E01BFD1C75CBF739501BFDD945CBFD9
:10F578001CEC01BFC7615CBFB14202BF8E2E5CBFED
:10F58800329902BF34FB5BBF9FEF02BFB8C75BBFB6
:10F59800F84503BF1A945BBF3D9C03BF5A605BBF2D
:10F5A8006DF203BF792C5BBF894804BF75F85ABF59
:10F5B800919E04BF50C45ABF84F404BF09905ABF37
:10F5C800624A05BFA05B5ABF2CA005BF16275ABFC9
:10F5D800E2F505BF6AF259BF824B06BF9CBD59BF11
:10F5E8000EA106BFAD8859BF86F606BF9C5359BF0A
:10F5F800E84B07BF6A1E59BF36A107BF17E958BFB6
:10F608006FF607BFA1B358BF924B08BF0B7E58BF18
:10F61800A1A008BF534858BF9BF508BF791258BF2F
:10F628007F4A09BF7FDC57BF4E9F09BF63A657BFFC
:10F6380009F409BF267057BFAD480ABFC73957BF7D
:10F648003D9D0ABF480357BFB7F10ABFA7CC56BFB5
:10F658001C460BBFE59556BF6B9A0BBF025F56BFA2
:10F66800A5EE0BBFFE2756BFC9420CBFD9F055BF48
:10F67800D7960CBF93B955BFD0EA0CBF2C8255BFA3
:10F68800B33E0DBFA44A55BF81920DBFFB1255BFB3
:10F6980038E60DBF31DB54BFDA390EBF47A354BF7C
:10F6A800658D0EBF3B6B54BFDBE00EBF0F3354BFFD
:10F6B8003B340FBFC3FA53BF84870FBF55C253BF34
:10F6C800B8DA0FBFC78953BFD52D10BF185153BF24
:10F6D800DC8010BF491853BFCDD310BF59DF52BFCC
:10F6E800A72611BF49A652BF6B7911BF186D52BF2B
:10F6F80019CC11BFC63352BFB01E12BF54FA51BF46
:10F70800307112BFC2C051BF9AC312BF108751BF18
:10F71800EE1513BF3D4D51BF2A6813BF4A1351BFA1
:10F7280050BA13BF37D950BF5F0C14BF039F50BFE7
:10F73800585E14BFAF6450BF39B014BF3B2A50BFE6
:10F74800040215BFA8EF4FBFB75315BFF4B44FBF9E
:10F7580054A515BF1F7A4FBFD9F615BF2B3F4FBF12
:10F76800474816BF17044FBF9F9916BFE4C84EBF3E
:10F77800DFEA16BF908D4EBF073C17BF1C524EBF25
:10F78800188D17BF89164EBF12DE17BFD5DA4DBFC9
:10F79800F52E18BF029F4DBFC07F18BF10634DBF25
:10F7A80073D018BFFD264DBF0F2119BFCBEA4CBF40
:10F7B800947119BF79AE4CBF00C219BF08724CBF13
:10F7C80055121ABF78354CBF93621ABFC7F84BBFA2
:10F7D800B8B21ABFF8BB4BBFC6021BBF097F4BBFED
:10F7E800BB521BBFFA414BBF99A21BBFCC044BBFF6
:10F7F8005FF21BBF7FC74ABF0C421CBF138A4ABFB8
:10F80800A2911CBF874C4ABF1FE11CBFDC0E4ABF38
:10F8180084301DBF12D149BFD17F1DBF299349BF75
:10F8280006CF1DBF215549BF221E1EBFFA1649BF6C
:10F83800266D1EBFB3D848BF12BC1EBF4E9A48BF24
:10F84800E50A1FBFCA5B48BF9F591FBF271D48BF96
:10F8580041A81FBF65DE47BFCBF61FBF849F47BFC8
:10F868003B4520BF856047BF939320BF672147BFB3
:10F87800D2E120BF2AE246BFF92F21BFCEA246BF60
:10F88800067E21BF546346BFFBCB21BFBB2346BFC7
:10F89800D71922BF03E445BF996722BF2DA445BFEE
:10F8A80043B522BF396445BFD30223BF262445BFD1
:10F8B8004B5023BFF5E344BFA99D23BFA5A344BF75
:10F8C800EEEA23BF376344BF1A3824BFAB2244BFD4
:10F8D8002C8524BF00E243BF25D224BF38A143BFF3
:10F8E800041F25BF516043BFCB6B25BF4C1F43BFCF
:10F8F80077B825BF29DE42BF0A0526BFE89C42BF6C
:10F90800845126BF895B42BFE39D26BF0B1A42BFC5
:10F918002AEA26BF70D841BF563627BFB79641BFDF
:10F92800688227BFE15441BF61CE27BFEC1241BFB7
:10F93800401A28BFDAD040BF056628BFA98E40BF4D
:10F94800B0B128BF5C4C40BF41FD28BFF00940BFA3
:10F95800B84829BF67C73FBF159429BFC0843FBFB8
:10F9680057DF29BFFC413FBF802A2ABF1BFF3EBF8C
:10F978008E752ABF1BBC3EBF82C02ABFFF783EBF20
:10F988005B0B2BBFC5353EBF1B562BBF6EF23DBF71
:10F99800BFA02BBFF9AE3DBF4AEB2BBF676B3DBF86
:10F9A800B9352CBFB8273DBF0F802CBFECE33CBF57
:10F9B80049CA2CBF03A03CBF69142DBFFC5B3CBFE8
:10F9C8006F5E2DBFD9173CBF59A82DBF98D33BBF39
:10F9D80029F22DBF3B8F3BBFDE3B2EBFC14A3BBF49
:10F9E80078852EBF29063BBFF7CE2EBF75C13ABF1B
:10F9F8005B182FBFA47C3ABFA5612FBFB7373ABFAA
:10FA0800D3AA2FBFACF239BFE6F32FBF85AD39BFFC
:10FA1800DE3C30BF426839BFBB8530BFE12239BF09
:10FA28007CCE30BF65DD38BF221731BFCB9738BFDA
:10FA3800AD5F31BF165238BF1DA831BF430C38BF68
:10FA480071F031BF55C637BFAA3832BF4A8037BFB9
:10FA5800C78032BF233A37BFC9C832BFDFF336BFCA
:10FA6800AF1033BF7FAD36BF7A5833BF046736BF98
:10FA780029A033BF6C2036BFBCE733BFB8D935BF28
:10FA8800342F34BFE79235BF8F7634BFFB4B35BF79
:10FA9800CFBD34BFF30435BFF30435BFCFBD34BF8A
:10FAA800FB4B35BF8F7634BFE79235BF342F34BF59
:10FAB800B8D935BFBCE733BF6C2036BF29A033BFE8
:10FAC800046736BF7A5833BF7FAD36BFAF1033BF38
:10FAD800DFF336BFC9C832BF233A37BFC78032BF4A
:10FAE8004A8037BFAA3832BF55C637BF71F031BF19
:10FAF800430C38BF1DA831BF165238BFAD5F31BFA8
:10FB0800CB9738BF221731BF65DD38BF7CCE30BFF9
:10FB1800E12239BFBB8530BF426839BFDE3C30BF08
:10FB280085AD39BFE6F32FBFACF239BFD3AA2FBFDB
:10FB3800B7373ABFA5612FBFA47C3ABF5B182FBF68
:10FB480075C13ABFF7CE2EBF29063BBF78852EBFB9
:10FB5800C14A3BBFDE3B2EBF3B8F3BBF29F22DBFC7
:10FB680098D33BBF59A82DBFD9173CBF6F5E2DBF97
:10FB7800FC5B3CBF69142DBF03A03CBF49CA2CBF26
:10FB8800ECE33CBF0F802CBFB8273DBFB9352CBF75
:10FB9800676B3DBF4AEB2BBFF9AE3DBFBFA02BBF84
:10FBA8006EF23DBF1B562BBFC5353EBF5B0B2BBF4F
:10FBB800FF783EBF82C02ABF1BBC3EBF8E752ABFDE
:10FBC8001BFF3EBF802A2ABFFC413FBF57DF29BF2A
:10FBD800C0843FBF159429BF67C73FBFB84829BF36
:10FBE800F00940BF41FD28BF5C4C40BFB0B128BF01
:10FBF800A98E40BF056628BFDAD040BF401A28BF8B
:10FC0800EC1241BF61CE27BFE15441BF688227BFD4
:10FC1800B79641BF563627BF70D841BF2AEA26BFDC
:10FC28000B1A42BFE39D26BF895B42BF845126BFA2
:10FC3800E89C42BF0A0526BF29DE42BF77B825BF28
:10FC48004C1F43BFCB6B25BF516043BF041F25BF6B
:10FC580038A143BF25D224BF00E243BF2C8524BF6F
:10FC6800AB2244BF1A3824BF376344BFEEEA23BF30
:10FC7800A5A344BFA99D23BFF5E344BF4B5023BFB1
:10FC8800262445BFD30223BF396445BF43B522BFED
:10FC98002DA445BF996722BF03E445BFD71922BFEA
:10FCA800BB2346BFFBCB21BF546346BF067E21BFA3
:10FCB800CEA246BFF92F21BF2AE246BFD2E120BF1C
:10FCC800672147BF939320BF856047BF3B4520BF4F
:10FCD800849F47BFCBF61FBF65DE47BF41A81FBF44
:10FCE800271D48BF9F591FBFCA5B48BFE50A1FBFF2
:10FCF8004E9A48BF12BC1EBFB3D848BF266D1EBF60
:10FD0800FA1649BF221E1EBF215549BF06CF1DBF87
:10FD1800299349BFD17F1DBF12D149BF84301DBF70
:10FD2800DC0E4ABF1FE11CBF874C4ABFA2911CBF13
:10FD3800138A4ABF0C421CBF7FC74ABF5FF21BBF72
:10FD4800CC044BBF99A21BBFFA414BBFBB521BBF90
:10FD5800097F4BBFC6021BBFF8BB4BBFB8B21ABF67
:10FD6800C7F84BBF93621ABF78354CBF55121ABFFC
:10FD780008724CBF00C219BF79AE4CBF947119BF4D
:10FD8800CBEA4CBF0F2119BFFD264DBF73D018BF5A
:10FD980010634DBFC07F18BF029F4DBFF52E18BF1F
:10FDA800D5DA4DBF12DE17BF89164EBF188D17BFA3
:10FDB8001C524EBF073C17BF908D4EBFDFEA16BFDF
:10FDC800E4C84EBF9F9916BF17044FBF474816BFD8
:10FDD8002B3F4FBFD9F615BF1F7A4FBF54A515BF8C
:10FDE800F4B44FBFB75315BFA8EF4FBF040215BFF8
:10FDF8003B2A50BF39B014BFAF6450BF585E14BF20
:10FE0800039F50BF5F0C14BF37D950BF50BA13BF00
:10FE18004A1351BF2A6813BF3D4D51BFEE1513BF9A
:10FE2800108751BF9AC312BFC2C051BF307112BFF1
:10FE380054FA51BFB01E12BFC63352BF19CC11BFFE
:10FE4800186D52BF6B7911BF49A652BFA72611BFC3
:10FE580059DF52BFCDD310BF491853BFDC8010BF44
:10FE6800185153BFD52D10BFC78953BFB8DA0FBF7C
:10FE780055C253BF84870FBFC3FA53BF3B340FBF6C
:10FE88000F3354BFDBE00EBF3B6B54BF658D0EBF15
:10FE980047A354BFDA390EBF31DB54BF38E60DBF74
:10FEA800FB1255BF81920DBFA44A55BFB33E0DBF8B
:10FEB8002C8255BFD0EA0CBF93B955BFD7960CBF5B
:10FEC800D9F055BFC9420CBFFE2756BFA5EE0BBFE0
:10FED800025F56BF6B9A0BBFE59556BF1C460BBF1A
:10FEE800A7CC56BFB7F10ABF480357BF3D9D0ABF0D
:10FEF800C73957BFAD480ABF267057BF09F409BFB5
:10FF080063A657BF4E9F09BF7FDC57BF7F4A09BF13
:10FF1800791258BF9BF508BF534858BFA1A008BF26
:10FF28000B7E58BF924B08BFA1B358BF6FF607BFEF
:10FF380017E958BF36A107BF6A1E59BFE84B07BF6C
:10FF48009C5359BF86F606BFAD8859BF0EA106BFA0
:10FF58009CBD59BF824B06BF6AF259BFE2F505BF87
:10FF680016275ABF2CA005BFA05B5ABF624A05BF1F
:10FF780009905ABF84F404BF50C45ABF919E04BF6D
:10FF880075F85ABF894804BF792C5BBF6DF203BF6F
:10FF98005A605BBF3D9C03BF1A945BBFF84503BF23
:10FFA800B8C75BBF9FEF02BF34FB5BBF329902BF8C
:10FFB8008E2E5CBFB14202BFC7615CBF1CEC01BFA3
:10FFC800DD945CBF739501BFD1C75CBFB53E01BF6F
:10FFD800A3FA5CBFE4E700BF532D5DBFFF9000BFED
:10FFE800E15F5DBF063A00BF4D925DBFF3C5FFBE3E
:08FFF80097C45DBFB217FFBE04
:020000040802F0
:10000000BEF65DBF4A69FEBEC3285EBFBBBAFDBE79
:10001000A65A5EBF040CFDBE678C5EBF275DFCBEAA
:1000200005BE5EBF22AEFBBE81EF5EBFF7FEFABE2D
:10003000DB205FBFA54FFABE12525FBF2DA0F9BEF5
:1000400027835FBF8EF0F8BE19B45FBFC840F8BE0B
:10005000E9E45FBFDC90F7BE961560BFCBE0F6BE6B
:10006000214660BF9330F6BE897660BF3580F5BE0D
:10007000CFA660BFB1CFF4BEF2D660BF071FF4BEFB
:10008000F20661BF386EF3BED03661BF43BDF2BE2B
:100090008A6661BF290CF2BE229661BFEA5AF1BEA0
:1000A00098C561BF85A9F0BEEAF461BFFBF7EFBE5A
:1000B0001A2462BF4C46EFBE265362BF7994EEBE4F
:1000C000108262BF80E2EDBED7B062BF6330EDBE8A
:1000D0007BDF62BF217EECBEFC0D63BFBBCBEBBE02
:1000E0005A3C63BF3019EBBE956A63BF8166EABEB6
:1000F000AC9863BFAEB3E9BEA1C663BFB700E9BEAB
:1001000073F463BF9C4DE8BE212264BF5D9AE7BED5
:10011000AC4F64BFFBE6E6BE147D64BF7533E6BE3C
:1001200059AA64BFCB7FE5BE7BD764BFFECBE4BEDC
:10013000790465BF0E18E4BE543165BFFA63E3BEAF
:100140000B5E65BFC4AFE2BEA08A65BF6AFBE1BEBD
:1001500010B765BFEE46E1BE5EE365BF4F92E0BEFD
:10016000880F66BF8DDDDFBE8E3B66BFA928DFBE70
:10017000716766BFA273DEBE309366BF79BEDDBE17
:10018000CCBE66BF2E09DDBE45EA66BFC153DCBEEC
:10019000991567BF319EDBBECA4067BF80E8DABEF3
:1001A000D86B67BFAD32DABEC19667BFB97CD9BE26
:1001B00087C167BFA3C6D8BE2AEC67BF6B10D8BE85
:1001C000A81668BF135AD7BE034168BF99A3D6BE0D
:1001D000396B68BFFDECD5BE4C9568BF4136D5BEC6
:1001E0003CBF68BF647FD4BE07E968BF67C8D3BEA1
:1001F000AE1269BF4811D3BE323C69BF095AD2BEA4
:10020000916569BFAAA2D1BECC8E69BF2AEBD0BED0
:10021000E4B769BF8A33D0BED7E069BFCA7BCFBE1F
:10022000A7096ABFEAC3CEBE52326ABFEA0BCEBE8E
:10023000D95A6ABFCA53CDBE3C836ABF8B9BCCBE22
:100240007BAB6ABF2CE3CBBE95D36ABFAE2ACBBED5
:100250008CFB6ABF1072CABE5E236BBF53B9C9BEA6
:100260000C4B6BBF7700C9BE95726BBF7C47C8BE95
:10027000FB996BBF628EC7BE3BC16BBF29D5C6BEA3
:1002800058E86BBFD21BC6BE500F6CBF5C62C5BEC8
:1002900024366CBFC8A8C4BED45C6CBF15EFC3BE07
:1002A0005E836CBF4435C3BEC5A96CBF557BC2BE5F
:1002B00007D06CBF48C1C1BE24F66CBF1E07C1BECB
:1002C0001D1C6DBFD54CC0BEF2416DBF6F92BFBE4D
:1002D000A1676DBFEBD7BEBE2D8D6DBF4A1DBEBEE3
:1002E00093B26DBF8B62BDBED5D76DBFAFA7BCBE8D
:1002F000F2FC6DBFB6ECBBBEEB216EBFA031BBBE46
:10030000BE466EBF6E76BABE6D6B6EBF1EBBB9BE0B
:10031000F88F6EBFB2FFB8BE5DB46EBF2A44B8BEE0
:100320009ED86EBF8488B7BEBAFC6EBFC3CCB6BEC3
:10033000B0206FBFE610B6BE83446FBFEC54B5BEAD
:1003400030686FBFD698B4BEB88B6FBFA5DCB3BEA4
:100350001BAF6FBF5820B3BE5AD26FBFEF63B2BEA0
:1003600073F56FBF6BA7B1BE671870BFCBEAB0BEA5
:10037000373B70BF102EB0BEE15D70BF3A71AFBEAB
:10038000668070BF49B4AEBEC6A270BF3CF7ADBEBA
:1003900002C570BF153AADBE17E770BFD47CACBEC6
:1003A000080971BF77BFABBED42A71BF0102ABBED3
:1003B0007A4C71BF6F44AABEFB6D71BFC486A9BEE3
:1003C000578F71BFFEC8A8BE8EB071BF1F0BA8BEED
:1003D0009FD171BF254DA7BE8CF271BF128FA6BEF3
:1003E000521372BFE5D0A5BEF43372BF9F12A5BEF3
:1003F000705472BF3F54A4BEC77472BFC595A3BEEC
:10040000F89472BF33D7A2BE04B572BF8718A2BEDC
:10041000EBD472BFC259A1BEACF472BFE59AA0BEC4
:10042000471473BFEEDB9FBEBE3373BFDF1C9FBE9E
:100430000E5373BFB85D9EBE397273BF789E9DBE6A
:100440003F9173BF20DF9CBE1FB073BFAF1F9CBE28
:10045000D9CE73BF27609BBE6EED73BF86A09ABED8
:10046000DD0B74BFCEE099BE272A74BFFE2099BE73
:100470004B4874BF166198BE496674BF17A197BEFA
:10048000228474BF00E196BED5A174BFD22096BE6F
:1004900062BF74BF8D6095BEC9DC74BF31A094BECD
:1004A0000BFA74BFBFDF93BE271775BF351F93BE0E
:1004B0001D3475BF945E92BEED5075BFDD9D91BE3B
:1004C000976D75BF10DD90BE1C8A75BF2C1C90BE49
:1004D0007BA675BF325B8FBEB3C275BF229A8EBE3C
:1004E000C6DE75BFFCD88DBEB3FA75BFC0178DBE12
:1004F0007A1676BF6E568CBE1B3276BF07958BBEC2
:10050000974D76BF8AD38ABEEC6876BFF8118ABE53
:100510001B8476BF505089BE249F76BF938E88BEC1
:1005200007BA76BFC1CC87BEC4D476BFDA0A87BE0D
:100530005BEF76BFDF4886BECC0977BFCE8685BE2F
:10054000172477BFAAC484BE3C3E77BF700284BE26
:100550003A5877BF224083BE137277BFC07D82BEF8
:10056000C58B77BF4ABB81BE51A577BFC0F880BE9F
:10057000B7BE77BF223680BEF7D777BFE1E67EBE33
:1005800010F177BF56617DBE040A78BFA4DB7BBE45
:10059000D12278BFCB557ABE773B78BFCCCF78BE1F
:1005A000F85378BFA64977BE526C78BF5AC375BE60
:1005B000868478BFE83C74BE939C78BF51B672BE07
:1005C0007BB478BF942F71BE3BCC78BFB2A86FBE0E
:1005D000D6E378BFAB216EBE4AFB78BF7F9A6CBE74
:1005E000981279BF2F136BBEBF2979BFBA8B69BE32
:1005F000C04079BF220468BE9A5779BF667C66BE48
:100600004E6E79BF86F464BEDC8479BF836C63BEB2
:10061000439B79BF5CE461BE83B179BF135C60BE6C
:100620009DC779BFA8D35EBE91DD79BF1A4B5DBE71
:100630005EF379BF6AC25BBE04097ABF97395ABEBE
:10064000841E7ABFA4B058BEDD337ABF8F2757BE51
:1006500010497ABF589E55BE1C5E7ABF011554BE24
:1006600002737ABF898B52BEC1877ABFF10151BE36
:10067000599C7ABF38784FBECBB07ABF60EE4DBE82
:1006800016C57ABF67644CBE3AD97ABF4FDA4ABE04
:1006900037ED7ABF185049BE0E017BBFC2C547BEB9
:1006A000BE147BBF4D3B46BE48287BBFB9B044BE9D
:1006B000AB3B7BBF072643BEE74E7BBF379B41BEAC
:1006C000FC617BBF491040BEEA747BBF3E853EBEE5
:1006D000B2877BBF15FA3CBE539A7BBFCF6E3BBE41
:1006E000CDAC7BBF6CE339BE20BF7BBFEC5738BEBF
:1006F0004DD17BBF50CC36BE53E37BBF984035BE57
:1007000031F57BBFC4B433BEE9067CBFD42832BE0A
:100710007A187CBFC99C30BEE5297CBFA2102FBED1
:10072000283B7CBF61842DBE444C7CBF04F82BBEAB
:100730003A5D7CBF8D6B2ABE086E7CBFFCDE28BE96
:10074000B07E7CBF515227BE318F7CBF8CC525BE89
:100750008A9F7CBFAD3824BEBDAF7CBFB6AB22BE86
:10076000C9BF7CBFA51E21BEAECF7CBF7B911FBE83
:100770006CDF7CBF38041EBE03EF7CBFDE761CBE80
:1007800073FE7CBF6BE91ABEBC0D7DBFE05B19BE7A
:10079000DD1C7DBF3DCE17BED82B7DBF834016BE6E
:1007A000AC3A7DBFB2B214BE59497DBFCA2413BE54
:1007B000DE577DBFCC9611BE3D667DBFB70810BE2B
:1007C00074747DBF8B7A0EBE85827DBF4AEC0CBEF1
:1007D0006E907DBFF35D0BBE309E7DBF86CF09BEA0
:1007E000CCAB7DBF054108BE40B97DBF6EB206BE31
:1007F0008CC67DBFC22305BEB2D37DBF029503BEAA
:10080000B1E07DBF2E0602BE88ED7DBF457700BEFC
:1008100038FA7DBF92D0FDBDC2067EBF73B2FABD6D
:1008200024137EBF2C94F7BD5E1F7EBFC075F4BD40
:10083000722B7EBF2E57F1BD5E377EBF7638EEBD80
:1008400023437EBF9A19EBBDC14E7EBF9AFAE7BD26
:10085000385A7EBF76DBE4BD88657EBF2EBCE1BD25
:10086000B0707EBFC49CDEBDB17B7EBF377DDBBD7B
:100870008B867EBF895DD8BD3D917EBFB93DD5BD1C
:10088000C99B7EBFC81DD2BD2DA67EBFB7FDCEBD04
:1008900069B07EBF86DDCBBD7FBA7EBF36BDC8BD29
:1008A0006DC47EBFC69CC5BD34CE7EBF397CC2BD83
:1008B000D4D77EBF8D5BBFBD4CE17EBFC33ABCBD0C
:1008C0009DEA7EBFDD19B9BDC7F37EBFDAF8B5BDBD
:1008D000C9FC7EBFBBD7B2BDA4057FBF80B6AFBD8C
:1008E000580E7FBF2B95ACBDE4167FBFBA73A9BD70
:1008F000491F7FBF3052A6BD87277FBF8C30A3BD65
:100900009D2F7FBFCF0EA0BD8D377FBFF9EC9CBD63
:10091000543F7FBF0ACB99BDF4467FBF05A996BD62
:100920006D4E7FBFE78693BDBF557FBFB46490BD5A
:10093000E95C7FBF6A428DBDEC637FBF0A208ABD40
:10094000C76A7FBF94FD86BD7B717FBF0ADB83BD15
:1009500008787FBF6CB880BD6D7E7FBF742B7BBD78
:10096000AB847FBFE9E574BDC28A7FBF38A06EBD8E
:10097000B1907FBF625A68BD78967FBF681462BD30
:10098000189C7FBF4CCE5BBD91A17FBF0E8855BD2B
:10099000E3A67FBFAF414FBD0DAC7FBF2FFB48BD6E
:1009A0000FB17FBF91B442BDEAB57FBFD56D3CBDED
:1009B0009EBA7FBFFC2636BD2ABF7FBF07E02FBD92
:1009C0008FC37FBFF69829BDCCC77FBFCC5123BD55
:1009D000E2CB7FBF880A1DBDD1CF7FBF2CC316BD20
:1009E00098D37FBFB87B10BD37D77FBF2F340ABDE8
:1009F000AFDA7FBF90EC03BD00DE7FBFB949FBBC1F
:100A000029E17FBF2DBAEEBC2BE47FBF7B2AE2BC7D
:100A100005E77FBFA69AD5BCB8E97FBFB00AC9BCBD
:100A200043EC7FBF9B7ABCBCA7EE7FBF69EAAFBC3B
:100A3000E3F07FBF1C5AA3BCF8F27FBFB6C996BCD7
:100A4000E6F47FBF38398ABCACF67FBF4B517BBC24
:100A50004AF87FBF003062BCC1F97FBF900E49BC2D
:100A600011FB7FBF02ED2FBC39FC7FBF59CB16BCF9
:100A700039FD7FBF3053FBBB13FE7FBF890FC9BB5E
:100A8000C4FE7FBFC1CB96BB4EFF7FBFC70F49BB24
:100A9000B1FF7FBFD40FC9BAECFF7FBF0000008059
:100AA000000080BFD40FC93AECFF7FBFC70F493B9E
:100AB000B1FF7FBFC1CB963B4EFF7FBF890FC93BC4
:100AC000C4FE7FBF3053FB3B13FE7FBF59CB163CA8
:100AD00039FD7FBF02ED2F3C39FC7FBF900E493CB2
:100AE00011FB7FBF0030623CC1F97FBF4B517B3CA3
:100AF0004AF87FBF38398A3CACF67FBFB6C9963C0E
:100B0000E6F47FBF1C5AA33CF8F27FBF69EAAF3C12
:100B1000E3F07FBF9B7ABC3CA7EE7FBFB00AC93C25
:100B200043EC7FBFA69AD53CB8E97FBF7B2AE23C65
:100B300005E77FBF2DBAEE3C2BE47FBFB949FB3CF4
:100B400029E17FBF90EC033D00DE7FBF2F340A3DDB
:100B5000AFDA7FBFB87B103D37D77FBF2CC3163DC0
:100B600098D37FBF880A1D3DD1CF7FBFCC51233D95
:100B7000E2CB7FBFF698293DCCC77FBF07E02F3D72
:100B80008FC37FBFFC26363D2ABF7FBFD56D3C3D5E
:100B90009EBA7FBF91B4423DEAB57FBF2FFB483D6F
:100BA0000FB17FBFAF414F3D0DAC7FBF0E88553DAC
:100BB000E3A67FBF4CCE5B3D91A17FBF6814623D31
:100BC000189C7FBF625A683D78967FBF38A06E3D03
:100BD000B1907FBFE9E5743DC28A7FBF742B7B3D36
:100BE000AB847FBF6CB8803D6D7E7FBF0ADB833DE9
:100BF00008787FBF94FD863D7B717FBF0A208A3DC8
:100C0000C76A7FBF6A428D3DEC637FBFB464903D8D
:100C1000E95C7FBFE786933DBF557FBF05A9963D41
:100C20006D4E7FBF0ACB993DF4467FBFF9EC9C3DEA
:100C3000543F7FBFCF0EA03D8D377FBF8C30A33D8B
:100C40009D2F7FBF3052A63D87277FBFBA73A93D36
:100C5000491F7FBF2B95AC3DE4167FBF80B6AF3DEB
:100C6000580E7FBFBBD7B23DA4057FBFDAF8B53DB4
:100C7000C9FC7EBFDD19B93DC7F37EBFC33ABC3D99
:100C80009DEA7EBF8D5BBF3D4CE17EBF397CC23D9E
:100C9000D4D77EBFC69CC53D34CE7EBF36BDC83DD1
:100CA0006DC47EBF86DDCB3D7FBA7EBFB7FDCE3D36
:100CB00069B07EBFC81DD23D2DA67EBFB93DD53DD2
:100CC000C99B7EBF895DD83D3D917EBF377DDB3DB1
:100CD0008B867EBFC49CDE3DB17B7EBF2EBCE13DDA
:100CE000B0707EBF76DBE43D88657EBF9AFAE73D53
:100CF000385A7EBF9A19EB3DC14E7EBF7638EE3D25
:100D000023437EBF2E57F13D5E377EBFC075F43D55
:100D1000722B7EBF2C94F73D5E1F7EBF73B2FA3DEF
:100D200024137EBF92D0FD3DC2067EBF4577003EB4
:100D300038FA7DBF2E06023E88ED7DBF0295033E48
:100D4000B1E07DBFC223053EB2D37DBF6EB2063E89
:100D50008CC67DBF0541083E40B97DBF86CF093EA8
:100D6000CCAB7DBFF35D0B3E309E7DBF4AEC0C3EAD
:100D70006E907DBF8B7A0E3E85827DBFB708103E98
:100D800074747DBFCC96113E3D667DBFCA24133E70
:100D9000DE577DBFB2B2143E59497DBF8340163E37
:100DA000AC3A7DBF3DCE173ED82B7DBFE05B193EF0
:100DB000DD1C7DBF6BE91A3EBC0D7DBFDE761C3E9F
:100DC00073FE7CBF38041E3E03EF7CBF7B911F3E49
:100DD0006CDF7CBFA51E213EAECF7CBFB6AB223EF2
:100DE000C9BF7CBFAD38243EBDAF7CBF8CC5253E9E
:100DF0008A9F7CBF5152273E318F7CBFFCDE283E4C
:100E0000B07E7CBF8D6B2A3E086E7CBF04F82B3E03
:100E10003A5D7CBF61842D3E444C7CBFA2102F3EC6
:100E2000283B7CBFC99C303EE5297CBFD428323E9C
:100E30007A187CBFC4B4333EE9067CBF9840353E87
:100E400031F57BBF50CC363E53E37BBFEC57383E89
:100E50004DD17BBF6CE3393E20BF7BBFCF6E3B3EA5
:100E6000CDAC7BBF15FA3C3E539A7BBF3E853E3EE0
:100E7000B2877BBF4910403EEA747BBF379B413E3F
:100E8000FC617BBF0726433EE74E7BBFB9B0443EC3
:100E9000AB3B7BBF4D3B463E48287BBFC2C5473E70
:100EA000BE147BBF1850493E0E017BBF4FDA4A3E4D
:100EB00037ED7ABF67644C3E3AD97ABF60EE4D3E5B
:100EC00016C57ABF38784F3ECBB07ABFF101513E9C
:100ED000599C7ABF898B523EC1877ABF0115543E17
:100EE00002737ABF589E553E1C5E7ABF8F27573ECD
:100EF00010497ABFA4B0583EDD337ABF97395A3EC5
:100F0000841E7ABF6AC25B3E04097ABF1A4B5D3EFB
:100F10005EF379BFA8D35E3E91DD79BF135C603E7E
:100F20009DC779BF5CE4613E83B179BF836C633E4A
:100F3000439B79BF86F4643EDC8479BF667C663E61
:100F40004E6E79BF2204683E9A5779BFBA8B693ECC
:100F5000C04079BF2F136B3EBF2979BF7F9A6C3E8B
:100F6000981279BFAB216E3E4AFB78BFB2A86F3EA4
:100F7000D6E378BF942F713E3BCC78BF51B6723E1A
:100F80007BB478BFE83C743E939C78BF5AC3753EEF
:100F9000868478BFA649773E526C78BFCCCF783E26
:100FA000F85378BFCB557A3E773B78BFA4DB7B3EC6
:100FB000D12278BF56617D3E040A78BFE1E67E3ECD
:100FC00010F177BF2236803EF7D777BFC0F8803E5A
:100FD000B7BE77BF4ABB813E51A577BFC07D823E79
:100FE000C58B77BF2240833E137277BF7002843E69
:100FF0003A5877BFAAC4843E3C3E77BFCE86853E32
:10100000172477BFDF48863ECC0977BFDA0A873ED0
:101010005BEF76BFC1CC873EC4D476BF938E883E4B
:1010200007BA76BF5050893E249F76BFF8118A3E9A
:101030001B8476BF8AD38A3EEC6876BF07958B3EC9
:10104000974D76BF6E568C3E1B3276BFC0178D3ED5
:101050007A1676BFFCD88D3EB3FA75BF229A8E3EC3
:10106000C6DE75BF325B8F3EB3C275BF2C1C903E8F
:101070007BA675BF10DD903E1C8A75BFDD9D913E3D
:10108000976D75BF945E923EED5075BF351F933ED0
:101090001D3475BFBFDF933E271775BF31A0943E47
:1010A0000BFA74BF8D60953EC9DC74BFD220963EAA
:1010B00062BF74BF00E1963ED5A174BF17A1973EF1
:1010C000228474BF1661983E496674BFFE20993E23
:1010D0004B4874BFCEE0993E272A74BF86A09A3E43
:1010E000DD0B74BF27609B3E6EED73BFAF1F9C3E50
:1010F000D9CE73BF20DF9C3E1FB073BF789E9D3E4C
:101100003F9173BFB85D9E3E397273BFDF1C9F3E37
:101110000E5373BFEEDB9F3EBE3373BFE59AA03E16
:10112000471473BFC259A13EACF472BF8718A23EE8
:10113000EBD472BF33D7A23E04B572BFC595A33EB0
:10114000F89472BF3F54A43EC77472BF9F12A53E6D
:10115000705472BFE5D0A53EF43372BF128FA63E25
:10116000521372BF254DA73E8CF271BF1F0BA83ED4
:101170009FD171BFFEC8A83E8EB071BFC486A93E84
:10118000578F71BF6F44AA3EFB6D71BF0102AB3E2A
:101190007A4C71BF77BFAB3ED42A71BFD47CAC3ED2
:1011A000080971BF153AAD3E17E770BF3CF7AD3E79
:1011B00002C570BF49B4AE3EC6A270BF3A71AF3E21
:1011C000668070BF102EB03EE15D70BFCBEAB03ECE
:1011D000373B70BF6BA7B13E671870BFEF63B23E7D
:1011E00073F56FBF5820B33E5AD26FBFA5DCB33E34
:1011F0001BAF6FBFD698B43EB88B6FBFEC54B53EF3
:1012000030686FBFE610B63E83446FBFC3CCB63EB6
:10121000B0206FBF8488B73EBAFC6EBF2A44B83E88
:101220009ED86EBFB2FFB83E5DB46EBF1EBBB93E66
:10123000F88F6EBF6E76BA3E6D6B6EBFA031BB3E4F
:10124000BE466EBFB6ECBB3EEB216EBFAFA7BC3E49
:10125000F2FC6DBF8B62BD3ED5D76DBF4A1DBE3E51
:1012600093B26DBFEBD7BE3E2D8D6DBF6F92BF3E6B
:10127000A1676DBFD54CC03EF2416DBF1E07C13E98
:101280001D1C6DBF48C1C13E24F66CBF557BC23EDC
:1012900007D06CBF4435C33EC5A96CBF15EFC33E34
:1012A0005E836CBFC8A8C43ED45C6CBF5C62C53EA4
:1012B00024366CBFD21BC63E500F6CBF29D5C63E2C
:1012C00058E86BBF628EC73E3BC16BBF7C47C83ED0
:1012D000FB996BBF7700C93E95726BBF53B9C93E8E
:1012E0000C4B6BBF1072CA3E5E236BBFAE2ACB3E67
:1012F0008CFB6ABF2CE3CB3E95D36ABF8B9BCC3E65
:101300007BAB6ABFCA53CD3E3C836ABFEA0BCE3E7D
:10131000D95A6ABFEAC3CE3E52326ABFCA7BCF3EB9
:10132000A7096ABF8A33D03ED7E069BF2AEBD03E17
:10133000E4B769BFAAA2D13ECC8E69BF095AD23E9A
:10134000916569BF4811D33E323C69BF67C8D33E3F
:10135000AE1269BF647FD43E07E968BF4136D53E0F
:101360003CBF68BFFDECD53E4C9568BF99A3D63E07
:10137000396B68BF135AD73E034168BF6B10D83E24
:10138000A81668BFA3C6D83E2AEC67BFB97CD93E71
:1013900087C167BFAD32DA3EC19667BF80E8DA3EEB
:1013A000D86B67BF319EDB3ECA4067BFC153DC3E8E
:1013B000991567BF2E09DD3E45EA66BF79BEDD3E61
:1013C000CCBE66BFA273DE3E309366BFA928DF3E67
:1013D000716766BF8DDDDF3E8E3B66BF4F92E03E9C
:1013E000880F66BFEE46E13E5EE365BF6AFBE13E05
:1013F00010B765BFC4AFE23EA08A65BFFA63E33EA3
:101400000B5E65BF0E18E43E543165BFFECBE43E73
:10141000790465BFCB7FE53E7BD764BF7533E63E7D
:1014200059AA64BFFBE6E63E147D64BF5D9AE73EC1
:10143000AC4F64BF9C4DE83E212264BFB700E93E3B
:1014400073F463BFAEB3E93EA1C663BF8166EA3EF3
:10145000AC9863BF3019EB3E956A63BFBBCBEB3EE4
:101460005A3C63BF217EEC3EFC0D63BF6330ED3E12
:101470007BDF62BF80E2ED3ED7B062BF7994EE3E83
:10148000108262BF4C46EF3E265362BFFBF7EF3E31
:101490001A2462BF85A9F03EEAF461BFEA5AF13E20
:1014A00098C561BF290CF23E229661BF43BDF23E52
:1014B0008A6661BF386EF33ED03661BF071FF43EC7
:1014C000F20661BFB1CFF43EF2D660BF3580F53E83
:1014D000CFA660BF9330F63E897660BFCBE0F63E84
:1014E000214660BFDC90F73E961560BFC840F83ECD
:1014F000E9E45FBF8EF0F83E19B45FBF2DA0F93E5E
:1015000027835FBFA54FFA3E12525FBFF7FEFA3E38
:10151000DB205FBF22AEFB3E81EF5EBF275DFC3E5E
:1015200005BE5EBF040CFD3E678C5EBFBBBAFD3ED0
:10153000A65A5EBF4A69FE3EC3285EBFB217FF3E91
:10154000BEF65DBFF3C5FF3E97C45DBF063A003FE0
:101550004D925DBFFF90003FE15F5DBFE4E7003F5C
:10156000532D5DBFB53E013FA3FA5CBF7395013FAC
:10157000D1C75CBF1CEC013FDD945CBFB142023FB0
:10158000C7615CBF3299023F8E2E5CBF9FEF023F66
:1015900034FB5BBFF845033FB8C75BBF3D9C033FCF
:1015A0001A945BBF6DF2033F5A605BBF8948043FEA
:1015B000792C5BBF919E043F75F85ABF84F4043FB9
:1015C00050C45ABF624A053F09905ABF2CA0053F3C
:1015D000A05B5ABFE2F5053F16275ABF824B063F74
:1015E0006AF259BF0EA1063F9CBD59BF86F6063F61
:1015F000AD8859BFE84B073F9C5359BF36A1073F01
:101600006A1E59BF6FF6073F17E958BF924B083F54
:10161000A1B358BFA1A0083F0B7E58BF9BF5083F60
:10162000534858BF7F4A093F791258BF4E9F093F20
:101630007FDC57BF09F4093F63A657BFAD480A3F97
:10164000267057BF3D9D0A3FC73957BFB7F10A3FC4
:10165000480357BF1C460B3FA7CC56BF6B9A0B3FA6
:10166000E59556BFA5EE0B3F025F56BFC9420C3F42
:10167000FE2756BFD7960C3FD9F055BFD0EA0C3F96
:1016800093B955BFB33E0D3F2C8255BF81920D3F9C
:10169000A44A55BF38E60D3FFB1255BFDA390E3F5D
:1016A00031DB54BF658D0E3F47A354BFDBE00E3FD7
:1016B0003B6B54BF3B340F3F0F3354BF84870F3F06
:1016C000C3FA53BFB8DA0F3F55C253BFD52D103FF1
:1016D000C78953BFDC80103F185153BFCDD3103F93
:1016E000491853BFA726113F59DF52BF6B79113FED
:1016F00049A652BF19CC113F186D52BFB01E123F00
:10170000C63352BF3071123F54FA51BF9AC3123FD1
:10171000C2C051BFEE15133F108751BF2A68133F57
:101720003D4D51BF50BA133F4A1351BF5F0C143F98
:1017300037D950BF585E143F039F50BF39B0143F94
:10174000AF6450BF0402153F3B2A50BFB753153F4B
:10175000A8EF4FBF54A5153FF4B44FBFD9F6153FBE
:101760001F7A4FBF4748163F2B3F4FBF9F99163FE9
:1017700017044FBFDFEA163FE4C84EBF073C173FD0
:10178000908D4EBF188D173F1C524EBF12DE173F73
:1017900089164EBFF52E183FD5DA4DBFC07F183FD2
:1017A000029F4DBF73D0183F10634DBF0F21193FEB
:1017B000FD264DBF9471193FCBEA4CBF00C2193FC3
:1017C00079AE4CBF55121A3F08724CBF93621A3F54
:1017D00078354CBFB8B21A3FC7F84BBFC6021B3FA3
:1017E000F8BB4BBFBB521B3F097F4BBF99A21B3FAE
:1017F000FA414BBF5FF21B3FCC044BBF0C421C3F76
:101800007FC74ABFA2911C3F138A4ABF1FE11C3FFA
:10181000874C4ABF84301D3FDC0E4ABFD17F1D3F3D
:1018200012D149BF06CF1D3F299349BF221E1E3F3B
:10183000215549BF266D1E3FFA1649BF12BC1E3FF7
:10184000B3D848BFE50A1F3F4E9A48BF9F591F3F74
:10185000CA5B48BF41A81F3F271D48BFCBF61F3FAB
:1018600065DE47BF3B45203F849F47BF9393203FA2
:10187000856047BFD2E1203F672147BFF92F213F55
:101880002AE246BF067E213FCEA246BFFBCB213FC8
:10189000546346BFD719223FBB2346BF9967223FF7
:1018A00003E445BF43B5223F2DA445BFD302233FE8
:1018B000396445BF4B50233F262445BFA99D233F94
:1018C000F5E344BFEEEA233FA5A344BF1A38243F03
:1018D000376344BF2C85243FAB2244BF25D2243F2D
:1018E00000E243BF041F253F38A143BFCB6B253F18
:1018F000516043BF77B8253F4C1F43BF0A05263FC1
:1019000029DE42BF8451263FE89C42BFE39D263F2B
:10191000895B42BF2AEA263F0B1A42BF5636273F51
:1019200070D841BF6882273FB79641BF61CE273F3D
:10193000E15441BF401A283FEC1241BF0566283FE1
:10194000DAD040BFB0B1283FA98E40BF41FD283F4B
:101950005C4C40BFB848293FF00940BF1594293F6F
:1019600067C73FBF57DF293FC0843FBF802A2A3F58
:10197000FC413FBF8E752A3F1BFF3EBF82C02A3FFE
:101980001BBC3EBF5B0B2B3FFF783EBF1B562B3F64
:10199000C5353EBFBFA02B3F6EF23DBF4AEB2B3F8C
:1019A000F9AE3DBFB9352C3F676B3DBF0F802C3F73
:1019B000B8273DBF49CA2C3FECE33CBF69142D3F1B
:1019C00003A03CBF6F5E2D3FFC5B3CBF59A82D3F81
:1019D000D9173CBF29F22D3F98D33BBFDE3B2E3FAA
:1019E0003B8F3BBF78852E3FC14A3BBFF7CE2E3F92
:1019F00029063BBF5B182F3F75C13ABFA5612F3F3A
:101A0000A47C3ABFD3AA2F3FB7373ABFE6F32F3FA4
:101A1000ACF239BFDE3C303F85AD39BFBB85303FCE
:101A2000426839BF7CCE303FE12239BF2217313FB7
:101A300065DD38BFAD5F313FCB9738BF1DA8313F63
:101A4000165238BF71F0313F430C38BFAA38323FCD
:101A500055C637BFC780323F4A8037BFC9C8323FFB
:101A6000233A37BFAF10333FDFF336BF7A58333FE7
:101A70007FAD36BF29A0333F046736BFBCE7333F95
:101A80006C2036BF342F343FB8D935BF8F76343F02
:101A9000E79235BFCFBD343FFB4B35BFF304353F35
:101AA000F30435BFFB4B353FCFBD34BFE792353F25
:101AB0008F7634BFB8D9353F342F34BF6C20363FD2
:101AC000BCE733BF0467363F29A033BF7FAD363F45
:101AD0007A5833BFDFF3363FAF1033BF233A373F77
:101AE000C9C832BF4A80373FC78032BF55C6373F6B
:101AF000AA3832BF430C383F71F031BF1652383F1D
:101B00001DA831BFCB97383FAD5F31BF65DD383F92
:101B1000221731BFE122393F7CCE30BF4268393FC6
:101B2000BB8530BF85AD393FDE3C30BFACF2393FBD
:101B3000E6F32FBFB7373A3FD3AA2FBFA47C3A3F73
:101B4000A5612FBF75C13A3F5B182FBF29063B3FE8
:101B5000F7CE2EBFC14A3B3F78852EBF3B8F3B3F20
:101B6000DE3B2EBF98D33B3F29F22DBFD9173C3F18
:101B700059A82DBFFC5B3C3F6F5E2DBF03A03C3FCF
:101B800069142DBFECE33C3F49CA2CBFB8273D3F49
:101B90000F802CBF676B3D3FB9352CBFF9AE3D3F81
:101BA0004AEB2BBF6EF23D3FBFA02BBFC5353E3F7A
:101BB0001B562BBFFF783E3F5B0B2BBF1BBC3E3F32
:101BC00082C02ABF1BFF3E3F8E752ABFFC413F3FAC
:101BD000802A2ABFC0843F3F57DF29BF67C73F3FE6
:101BE000159429BFF009403FB84829BF5C4C403FDD
:101BF00041FD28BFA98E403FB0B128BFDAD0403F99
:101C0000056628BFEC12413F401A28BFE154413F0E
:101C100061CE27BFB796413F688227BF70D8413F4A
:101C2000563627BF0B1A423F2AEA26BF895B423F3E
:101C3000E39D26BFE89C423F845126BF29DE423FF8
:101C40000A0526BF4C1F433F77B825BF5160433F6D
:101C5000CB6B25BF38A1433F041F25BF00E2433FA4
:101C600025D224BFAB22443F2C8524BF3763443F99
:101C70001A3824BFA5A3443FEEEA23BFF5E3443F4F
:101C8000A99D23BF2624453F4B5023BF3964453FC0
:101C9000D30223BF2DA4453F43B522BF03E4453FF4
:101CA000996722BFBB23463FD71922BF5463463FE3
:101CB000FBCB21BFCEA2463F067E21BF2AE2463F94
:101CC000F92F21BF6721473FD2E120BF8560473F01
:101CD000939320BF849F473F3B4520BF65DE473F2E
:101CE000CBF61FBF271D483F41A81FBFCA5B483F17
:101CF0009F591FBF4E9A483FE50A1FBFB3D8483FC0
:101D000012BC1EBFFA16493F266D1EBF2155493F22
:101D1000221E1EBF2993493F06CF1DBF12D1493F46
:101D2000D17F1DBFDC0E4A3F84301DBF874C4A3F28
:101D30001FE11CBF138A4A3FA2911CBF7FC74A3FC5
:101D40000C421CBFCC044B3F5FF21BBFFA414B3F20
:101D500099A21BBF097F4B3FBB521BBFF8BB4B3F38
:101D6000C6021BBFC7F84B3FB8B21ABF78354C3F0D
:101D700093621ABF08724C3F55121ABF79AE4C3F9E
:101D800000C219BFCBEA4C3F947119BFFD264D3FED
:101D90000F2119BF10634D3F73D018BF029F4D3FF5
:101DA000C07F18BFD5DA4D3FF52E18BF89164E3FBC
:101DB00012DE17BF1C524E3F188D17BF908D4E3F3D
:101DC000073C17BFE4C84E3FDFEA16BF17044F3F7A
:101DD0009F9916BF2B3F4F3F474816BF1F7A4F3F73
:101DE000D9F615BFF4B44F3F54A515BFA8EF4F3F28
:101DF000B75315BF3B2A503F040215BFAF64503F95
:101E000039B014BF039F503F585E14BF37D9503FBD
:101E10005F0C14BF4A13513F50BA13BF3D4D513FA1
:101E20002A6813BF1087513FEE1513BFC2C0513F40
:101E30009AC312BF54FA513F307112BFC633523F9A
:101E4000B01E12BF186D523F19CC11BF49A6523FA8
:101E50006B7911BF59DF523FA72611BF4918533F75
:101E6000CDD310BF1851533FDC8010BFC789533FFB
:101E7000D52D10BF55C2533FB8DA0FBFC3FA533F39
:101E800084870FBF0F33543F3B340FBF3B6B543F2E
:101E9000DBE00EBF47A3543F658D0EBF31DB543FDF
:101EA000DA390EBFFB12553F38E60DBFA44A553F45
:101EB00081920DBF2C82553FB33E0DBF93B9553F64
:101EC000D0EA0CBFD9F0553FD7960CBFFE27563F3E
:101ED000C9420CBF025F563FA5EE0BBFE595563FCA
:101EE0006B9A0BBFA7CC563F1C460BBF4803573F0E
:101EF000B7F10ABFC739573F3D9D0ABF2670573F0C
:101F0000AD480ABF63A6573F09F409BF7FDC573FBE
:101F10004E9F09BF7912583F7F4A09BF5348583F27
:101F20009BF508BF0B7E583FA1A008BFA1B3583F47
:101F3000924B08BF17E9583F6FF607BF6A1E593F1B
:101F400036A107BF9C53593FE84B07BFAD88593FA7
:101F500086F606BF9CBD593F0EA106BF6AF2593FE7
:101F6000824B06BF16275A3FE2F505BFA05B5A3FDA
:101F70002CA005BF09905A3F624A05BF50C45A3F82
:101F800084F404BF75F85A3F919E04BF792C5B3FDF
:101F9000894804BF5A605B3F6DF203BF1A945B3FF0
:101FA0003D9C03BFB8C75B3FF84503BF34FB5B3FB5
:101FB0009FEF02BF8E2E5C3F329902BFC7615C3F2C
:101FC000B14202BFDD945C3F1CEC01BFD1C75C3F56
:101FD000739501BFA3FA5C3FB53E01BF532D5D3F32
:101FE000E4E700BFE15F5D3FFF9000BF4D925D3FC2
:101FF000063A00BF97C45D3FF3C5FFBEBEF65D3F26
:10200000B217FFBEC3285E3F4A69FEBEA65A5E3FB6
:10201000BBBAFDBE678C5E3F040CFDBE05BE5E3FD5
:10202000275DFCBE81EF5E3F22AEFBBEDB205F3F43
:10203000F7FEFABE12525F3FA54FFABE27835F3FFD
:102040002DA0F9BE19B45F3F8EF0F8BEE9E45F3F02
:10205000C840F8BE9615603FDC90F7BE2146603F51
:10206000CBE0F6BE8976603F9330F6BECFA6603FE8
:102070003580F5BEF2D6603FB1CFF4BEF206613FC7
:10208000071FF4BED036613F386EF3BE8A66613FEB
:1020900043BDF2BE2296613F290CF2BE98C5613F56
:1020A000EA5AF1BEEAF4613F85A9F0BE1A24623F04
:1020B000FBF7EFBE2653623F4C46EFBE1082623FF5
:1020C0007994EEBED7B0623F80E2EDBE7BDF623F27
:1020D0006330EDBEFC0D633F217EECBE5A3C633F96
:1020E000BBCBEBBE956A633F3019EBBEAC98633F48
:1020F0008166EABEA1C6633FAEB3E9BE73F4633F37
:10210000B700E9BE2122643F9C4DE8BEAC4F643F5E
:102110005D9AE7BE147D643FFBE6E6BE59AA643FC4
:102120007533E6BE7BD7643FCB7FE5BE7904653F60
:10213000FECBE4BE5431653F0E18E4BE0B5E653F36
:10214000FA63E3BEA08A653FC4AFE2BE10B7653F45
:102150006AFBE1BE5EE3653FEE46E1BE880F663F87
:102160004F92E0BE8E3B663F8DDDDFBE7167663FFE
:10217000A928DFBE3093663FA273DEBECCBE663FA9
:1021800079BEDDBE45EA663F2E09DDBE9915673F83
:10219000C153DCBECA40673F319EDBBED86B673F90
:1021A00080E8DABEC196673FAD32DABE87C1673FCD
:1021B000B97CD9BE2AEC673FA3C6D8BEA816683F33
:1021C0006B10D8BE0341683F135AD7BE396B683FC6
:1021D00099A3D6BE4C95683FFDECD5BE3CBF683F89
:1021E0004136D5BE07E9683F647FD4BEAE12693F71
:1021F00067C8D3BE323C693F4811D3BE9165693F81
:10220000095AD2BECC8E693FAAA2D1BEE4B7693FBB
:102210002AEBD0BED7E0693F8A33D0BEA7096A3F18
:10222000CA7BCFBE52326A3FEAC3CEBED95A6A3F9A
:10223000EA0BCEBE3C836A3FCA53CDBE7BAB6A3F3E
:102240008B9BCCBE95D36A3F2CE3CBBE8CFB6A3F05
:10225000AE2ACBBE5E236B3F1072CABE0C4B6B3FE7
:1022600053B9C9BE95726B3F7700C9BEFB996B3FEE
:102270007C47C8BE3BC16B3F628EC7BE58E86B3F10
:1022800029D5C6BE500F6C3FD21BC6BE24366C3F4C
:102290005C62C5BED45C6C3FC8A8C4BE5E836C3FA4
:1022A00015EFC3BEC5A96C3F4435C3BE07D06C3F14
:1022B000557BC2BE24F66C3F48C1C1BE1D1C6D3F9C
:1022C0001E07C1BEF2416D3FD54CC0BEA1676D3F38
:1022D0006F92BFBE2D8D6D3FEBD7BEBE93B26D3FEB
:1022E0004A1DBEBED5D76D3F8B62BDBEF2FC6D3FB1
:1022F000AFA7BCBEEB216E3FB6ECBBBEBE466E3F89
:10230000A031BBBE6D6B6E3F6E76BABEF88F6E3F6E
:102310001EBBB9BE5DB46E3FB2FFB8BE9ED86E3F65
:102320002A44B8BEBAFC6E3F8488B7BEB0206F3F67
:10233000C3CCB6BE83446F3FE610B6BE30686F3F75
:10234000EC54B5BEB88B6F3FD698B4BE1BAF6F3F91
:10235000A5DCB3BE5AD26F3F5820B3BE73F56F3FB2
:10236000EF63B2BE6718703F6BA7B1BE373B703FDB
:10237000CBEAB0BEE15D703F102EB0BE6680703F0C
:102380003A71AFBEC6A2703F49B4AEBE02C5703F3F
:102390003CF7ADBE17E7703F153AADBE0809713F77
:1023A000D47CACBED42A713F77BFABBE7A4C713FB0
:1023B0000102ABBEFB6D713F6F44AABE578F713FE8
:1023C000C486A9BE8EB0713FFEC8A8BE9FD1713F22
:1023D0001F0BA8BE8CF2713F254DA7BE5213723F52
:1023E000128FA6BEF433723FE5D0A5BE7054723F83
:1023F0009F12A5BEC774723F3F54A4BEF894723FAB
:10240000C595A3BE04B5723F33D7A2BEEBD4723FCD
:102410008718A2BEACF4723FC259A1BE4714733FE5
:10242000E59AA0BEBE33733FEEDB9FBE0E53733FF3
:10243000DF1C9FBE3972733FB85D9EBE3F91733FF4
:10244000789E9DBE1FB0733F20DF9CBED9CE733FE8
:10245000AF1F9CBE6EED733F27609BBEDD0B743FCC
:1024600086A09ABE272A743FCEE099BE4B48743F9F
:10247000FE2099BE4966743F166198BE2284743F5F
:1024800017A197BED5A1743F00E196BE62BF743F0D
:10249000D22096BEC9DC743F8D6095BE0BFA743FA6
:1024A00031A094BE2717753FBFDF93BE1D34753F23
:1024B000351F93BEED50753F945E92BE976D753F8C
:1024C000DD9D91BE1C8A753F10DD90BE7BA6753FD9
:1024D0002C1C90BEB3C2753F325B8FBEC6DE753F0B
:1024E000229A8EBEB3FA753FFCD88DBE7A16763F1F
:1024F000C0178DBE1B32763F6E568CBE974D763F11
:1025000007958BBEEC68763F8AD38ABE1B84763FE4
:10251000F8118ABE249F763F505089BE07BA763F95
:10252000938E88BEC4D4763FC1CC87BE5BEF763F26
:10253000DA0A87BECC09773FDF4886BE1724773F8B
:10254000CE8685BE3C3E773FAAC484BE3A58773FCC
:10255000700284BE1372773F224083BEC58B773FE3
:10256000C07D82BE51A5773F4ABB81BEB7BE773FD3
:10257000C0F880BEF7D7773F223680BE10F1773F94
:10258000E1E67EBE040A783F56617DBED122783FE7
:10259000A4DB7BBE773B783FCB557ABEF853783FC0
:1025A000CCCF78BE526C783FA64977BE8684783F00
:1025B0005AC375BE939C783FE83C74BE7BB4783FA9
:1025C00051B672BE3BCC783F942F71BED6E3783FB4
:1025D000B2A86FBE4AFB783FAB216EBE9812793F1E
:1025E0007F9A6CBEBF29793F2F136BBEC040793FE5
:1025F000BA8B69BE9A57793F220468BE4E6E793F06
:10260000667C66BEDC84793F86F464BE439B793F7A
:10261000836C63BE83B1793F5CE461BE9DC7793F43
:10262000135C60BE91DD793FA8D35EBE5EF3793F57
:102630001A4B5DBE04097A3F6AC25BBE841E7A3FB4
:1026400097395ABEDD337A3FA4B058BE10497A3F5D
:102650008F2757BE1C5E7A3F589E55BE02737A3F45
:10266000011554BEC1877A3F898B52BE599C7A3F6F
:10267000F10151BECBB07A3F38784FBE16C57A3FD4
:1026800060EE4DBE3AD97A3F67644CBE37ED7A3F73
:102690004FDA4ABE0E017B3F185049BEBE147B3F45
:1026A000C2C547BE48287B3F4D3B46BEAB3B7B3F48
:1026B000B9B044BEE74E7B3F072643BEFC617B3F7B
:1026C000379B41BEEA747B3F491040BEB2877B3FD7
:1026D0003E853EBE539A7B3F15FA3CBECDAC7B3F58
:1026E000CF6E3BBE20BF7B3F6CE339BE4DD17B3FFD
:1026F000EC5738BE53E37B3F50CC36BE31F57B3FC1
:10270000984035BEE9067C3FC4B433BE7A187C3F9E
:10271000D42832BEE5297C3FC99C30BE283B7C3F93
:10272000A2102FBE444C7C3F61842DBE3A5D7C3F9D
:1027300004F82BBE086E7C3F8D6B2ABEB07E7C3FBA
:10274000FCDE28BE318F7C3F515227BE8A9F7C3FE2
:102750008CC525BEBDAF7C3FAD3824BEC9BF7C3F14
:10276000B6AB22BEAECF7C3FA51E21BE6CDF7C3F48
:102770007B911FBE03EF7C3F38041EBE73FE7C3F7F
:10278000DE761CBEBC0D7D3F6BE91ABEDD1C7D3FB5
:10279000E05B19BED82B7D3F3DCE17BEAC3A7D3FE6
:1027A000834016BE59497D3FB2B214BEDE577D3F0D
:1027B000CA2413BE3D667D3FCC9611BE74747D3F26
:1027C000B70810BE85827D3F8B7A0EBE6E907D3F2E
:1027D0004AEC0CBE309E7D3FF35D0BBECCAB7D3F23
:1027E00086CF09BE40B97D3F054108BE8CC67D3FFE
:1027F0006EB206BEB2D37D3FC22305BEB1E07D3FBF
:10280000029503BE88ED7D3F2E0602BE38FA7D3F5D
:10281000457700BEC2067E3F92D0FDBD24137E3FA9
:1028200073B2FABD5E1F7E3F2C94F7BD722B7E3FC4
:10283000C075F4BD5E377E3F2E57F1BD23437E3F0A
:102840007638EEBDC14E7E3F9A19EBBD385A7E3FB9
:102850009AFAE7BD88657E3F76DBE4BDB0707E3FC7
:102860002EBCE1BDB17B7E3FC49CDEBD8B867E3F2E
:10287000377DDBBD3D917E3F895DD8BDC99B7E3FE5
:10288000B93DD5BD2DA67E3FC81DD2BD69B07E3FE6
:10289000B7FDCEBD7FBA7E3F86DDCBBD6DC47E3F2A
:1028A00036BDC8BD34CE7E3FC69CC5BDD4D77E3FA5
:1028B000397CC2BD4CE17E3F8D5BBFBD9DEA7E3F52
:1028C000C33ABCBDC7F37E3FDD19B9BDC9FC7E3F2D
:1028D000DAF8B5BDA4057F3FBBD7B2BD580E7F3F28
:1028E00080B6AFBDE4167F3F2B95ACBD491F7F3F3F
:1028F000BA73A9BD87277F3F3052A6BD9D2F7F3F6A
:102900008C30A3BD8D377F3FCF0EA0BD543F7F3F9E
:10291000F9EC9CBDF4467F3F0ACB99BD6D4E7F3FDD
:1029200005A996BDBF557F3FE78693BDE95C7F3F14
:10293000B46490BDEC637F3F6A428DBDC76A7F3F40
:102940000A208ABD7B717F3F94FD86BD08787F3F5A
:102950000ADB83BD6D7E7F3F6CB880BDAB847F3F5B
:10296000742B7BBDC28A7F3FE9E574BDB1907F3F88
:1029700038A06EBD78967F3F625A68BD189C7F3F35
:10298000681462BD91A17F3F4CCE5BBDE3A67F3F43
:102990000E8855BD0DAC7F3FAF414FBD0FB17F3F9E
:1029A0002FFB48BDEAB57F3F91B442BD9EBA7F3F41
:1029B000D56D3CBD2ABF7F3FFC2636BD8FC37F3F10
:1029C00007E02FBDCCC77F3FF69829BDE2CB7F3F04
:1029D000CC5123BDD1CF7F3F880A1DBD98D37F3F07
:1029E0002CC316BD37D77F3FB87B10BDAFDA7F3F12
:1029F0002F340ABD00DE7F3F90EC03BD29E17F3F0D
:102A0000B949FBBC2BE47F3F2DBAEEBC05E77F3F05
:102A10007B2AE2BCB8E97F3FA69AD5BC43EC7F3F56
:102A2000B00AC9BCA7EE7F3F9B7ABCBCE3F07F3FF6
:102A300069EAAFBCF8F27F3F1C5AA3BCE6F47F3FC3
:102A4000B6C996BCACF67F3F38398ABC4AF87F3F9E
:102A50004B517BBCC1F97F3F003062BC11FB7F3F13
:102A6000900E49BC39FC7F3F02ED2FBC39FD7F3F02
:102A700059CB16BC13FE7F3F3053FBBBC4FE7F3FD8
:102A8000890FC9BB4EFF7F3FC1CB96BBB1FF7F3FD4
:102A9000C70F49BBECFF7F3FD40FC9BA5245454E23
:102AA00054206D616C6C6F6320737563636565643E
:102AB0006564002F6275696C642F676E752D746F85
:102AC0006F6C732D666F722D73746D33325F31329C
:102AD0002E332E72656C312E32303234303932362C
:102AE0002D313731352F7372632F6E65776C6962C4
:102AF0002F6E65776C69622F6C6962632F737464E3
:102B00006C69622F72616E642E6300494E460069E3
:102B10006E66004E414E006E616E00300030313204
:102B20003334353637383941424344454600303135
:102B30003233343536373839616263646566002C68
:102B40002066756E6374696F6E3A200061737365F9
:102B50007274696F6E2022257322206661696C652C
:102B6000643A2066696C6520222573222C206C69EA
:102B70006E65202564257325730A00496E66696EAB
:102B8000697479004E614E002F6275696C642F671D
:102B90006E752D746F6F6C732D666F722D73746DFF
:102BA00033325F31322E332E72656C312E32303239
:102BB00034303932362D313731352F7372632F6E01
:102BC00065776C69622F6E65776C69622F6C6962DC
:102BD000632F7374646C69622F64746F612E630079
:102BE00042616C6C6F6320737563636565646564D3
:102BF000002F6275696C642F676E752D746F6F6C32
:102C0000732D666F722D73746D33325F31322E33D4
:102C10002E72656C312E32303234303932362D31ED
:102C20003731352F7372632F6E65776C69622F6E43
:102C300065776C69622F6C6962632F7374646C6969
:102C4000622F6D707265632E630000000500000046
:102C5000190000007D0000000080E03779C3414387
:102C6000176E05B5B5B89346F5F93FE9034F384DF2
:102C7000321D30F94877825A3CBF737FDD4F15759E
:102C8000000000000000F03F0000000000002440B1
:102C900000000000000059400000000000408F408C
:102CA000000000000088C34000000000006AF840F7
:102CB0000000000080842E4100000000D01263411B
:102CC0000000000084D797410000000065CDCD4191
:102CD000000000205FA00242000000E87648374272
:102CE000000000A2941A6D42000040E59C30A24210
:102CF0000000901EC4BCD64200003426F56B0C4385
:102D00000080E03779C3414300A0D885573476432B
:102D100000C84E676DC1AB43003D9160E458E1438C
:102D2000408CB5781DAF154450EFE2D6E41A4B4401
:102D300092D54D06CFF08044F64AE1C7022DB54446
:102D4000B49DD9794378EA44504F534958002E0036
:102D5000002020202020202020202828282828206B
:102D60002020202020202020202020202020202063
:102D700020881010101010101010101010101010CB
:102D800010040404040404040404041010101010BB
:102D90001010414141414141010101010101010185
:102DA00001010101010101010101010110101010D7
:102DB0001010424242424242020202020202020257
:102DC00002020202020202020202020210101010AB
:102DD00020000000000000000000000000000000D3
:102DE00000000000000000000000000000000000E3
:102DF00000000000000000000000000000000000D3
:102E000000000000000000000000000000000000C2
:102E100000000000000000000000000000000000B2
:102E200000000000000000000000000000000000A2
:102E30000000000000000000000000000000000092
:102E40000000000000000000000000000000000082
:102E500000232D302B2000686C4C006566674546CA
:042E60004700000027
:102E64000000000000000000010101010101010156
:102E74000000000000000000002B7E151628AED2D2
:102E8400A6ABF7158809CF4F3C012B7E151628AE4B
:102E9400D2A6ABF7158809CF4F3C082B7E15162810
:102EA400AED2A6ABF7158809CF4F3C092B7E151679
:102EB40028AED2A6ABF7158809CF4F3C0A00000014
:102EC400000000000000000000000000000B0000F3
:102ED40000000000000000000000000000000C00E2
:102EE4000000000000000000000000000000000DD1
:102EF40000000000000000000000000000000000CE
:102F04000E000000000000000000000000000000AF
:102F1400000F00000000000000000000000000009E
:102F2400000010000000000000000000000000008D
:082F3400000000000000000095
:082F3C0044D2FD7F01000000FA
:042F4400650100081B
:042F4800410100083B
:102F4C004F6E4A6F696E0000000000000000000028
:102F5C0000000000536C6565705F4D6F6465000088
:102F6C00000000000000000041434B000000000086
:102F7C000000000000000000000000004E41434B28
:102F8C000000000000000000000000000000000035
:102F9C004A6F696E5F5265717565737473000000DA
:102FAC00000000004A6F696E5F4661696C000000AA
:102FBC0000000000000000004A6F696E65640000AC
:102FCC000000000000000000000000004C6F526187
:102FDC005F53656E640000000000000000000000FC
:102FEC00204E000002020000E80300000000000078
:102FFC0000000000000000000000000000000000C5
:10300C0000000000000000000000000000000000B4
:10301C0000000000000000000000000000000000A4
:10302C000000000000000000000000000000000094
:10303C000000000000000000000000000000000084
:10304C000000000000000000000000000000000074
:10305C000000000000000000000000000000000064
:10306C000000000000000000000000000000000054
:10307C000000000000000000000000000000000044
:10308C000000000000000000000000000000000034
:10309C000000000000000000000000000000000024
:1030AC000000000000000000000000000000000014
:1030BC000000000000000000000000000000000004
:1030CC0000000000000000000000000000000000F4
:1030DC0000000000000000000000000000000000E4
:1030EC0000000000000000000000000000000000D4
:1030FC0000000000000000000000000000000000C4
:10310C0000000000000000000000000000000000B3
:10311C0000000000000000000000000000000000A3
:10312C000000000000000000000000000000000093
:10313C000000000000000000000000000000000083
:10314C000000000000000000000000000000000073
:10315C000000000000000000000000000000000063
:10316C000000000000000000000000000000000053
:10317C000000000000000000000000000000000043
:10318C000000000000000000000000000000000033
:10319C000000000000000000000000000000000023
:1031AC0000000000000000400000000000000000D3
:1031BC00000000000000803F000000000000000044
:1031CC0000000000000000000000000000000000F3
:1031DC0000000000000000000000000000000000E3
:1031EC0000000000000000000000000000000000D3
:1031FC0000000000000000000000000000000000C3
:10320C0000000000000000000000000000000000B2
:10321C0000000000000000000000000000000000A2
:10322C000000000000000000000000000000000092
:10323C000000000000000000000000000000000082
:10324C000000000000000000000000000000000072
:10325C000000000000000000000000000000000062
:10326C000000000000000000000000000000000052
:10327C000000000000000000000000000000000042
:10328C000000000000000000000000000000000032
:10329C000000000000000000000000000000000022
:1032AC000000000000000000000000000000000012
:1032BC000000000000000000000000000000000002
:1032CC0000000000000000000000000000000000F2
:1032DC0000000000000000000000000000000000E2
:1032EC0000000000000000000000000000000000D2
:1032FC0000000000000000000000000000000000C2
:10330C0000000000000000000000000000000000B1
:10331C0000000000000000000000000000000000A1
:10332C000000000000000000000000000000000091
:10333C000000000000000000000000000000000081
:10334C000000000000000000000000000000000071
:10335C000000000000000000000000000000000061
:10336C000000000000000000000000000000000051
:10337C000000000000000000000000000000000041
:10338C000000000000000000B13D0008000000003B
:10339C000000000000000000000000000000000021
:1033AC000000000000000000000000000000000011
:1033BC000000000000000000000000000000000001
:1033CC0000000000000000000000000000000000F1
:1033DC0000000000000000000000000000000000E1
:1033EC0000000000000000000000000000000000D1
:1033FC0000000000000000000000000000000000C1
:10340C0000000000000000000000000000000000B0
:10341C0000000000000000000000000000000000A0
:10342C000000000000000000000000000000000090
:10343C000000000000000000000000000000000080
:10344C000000000000000000000000000000000070
:10345C000000000000000000000000000000000060
:10346C000000000000000000000000000000000050
:10347C000000000000000000000000000000000040
:10348C000000000000000000000000000000000030
:10349C000000000000000000000000000000000020
:1034AC000000000000000000000000000000000010
:1034BC000000000000000000000000000000000000
:1034CC0000000000000000000000000000000000F0
:1034DC0000000000000000000000000000000000E0
:1034EC0000000000000000000000000000000000D0
:1034FC0000000000000000000000000000000000C0
:10350C0000000000000000000000000000000000AF
:10351C00000000000000000000000000000000009F
:10352C00000000000000000000000000000000008F
:10353C00000000000000000000000000000000007F
:10354C00000000000000000000000000000000006F
:10355C00000000000000000000000000000000005F
:10356C00ED3C0008000000000000000000002041BD
:10357C0000401546000000000200000000000000A2
:10358C0000000000152200082D4400081D4500080D
:10359C0051240008000000000000000000000000A2
:1035AC00000000000000000000000000000000000F
:1035BC0000000000000000000000000000000000FF
:1035CC000000000000000000000000000000903F20
:1035DC0000000000000000000000000000000000DF
:1035EC0000000000000000000000000000000000CF
:1035FC0000000000000000000000000000000000BF
:10360C0000000000000000000000000000000000AE
:10361C00000000000000000000000000000000009E
:10362C00000000000000000000000000000000008E
:10363C00000000000000000000000000000000007E
:10364C00000000000000000000000000000000006E
:10365C00000000000000000000000000000000005E
:10366C00000000000000000000000000000000004E
:10367C00000000000000000000000000000000003E
:10368C00000000000000000000000000000000002E
:10369C00000000000000000000000000000000001E
:1036AC00000000000000000000000000000000000E
:1036BC0000000000000000000000000000000000FE
:1036CC0000000000000000000000000000000000EE
:1036DC0000000000000000000000000000000000DE
:1036EC0000000000000000000000000000000000CE
:1036FC0000000000000000000000000000000000BE
:10370C0000000000000000000000000000000000AD
:10371C00000000000000000000000000000000009D
:10372C00000000000000000000000000000000008D
:10373C00000000000000000000000000000000007D
:10374C00000000000000000000000000000000006D
:10375C00000000000000000000000000000000005D
:10376C00000000000000000000000000000000004D
:10377C00000000000000000000000000000000003D
:10378C00000000000000000000000000000000002D
:10379C00000000000000000000000000000000001D
:1037AC00000000000000000000000000000000000D
:1037BC0000000000000000000000000000000000FD
:1037CC0000000000000000000000000000000000ED
:1037DC0000000000000000000000000000000000DD
:1037EC0000000000000000000000000000000000CD
:1037FC0000000000000000000000000000000000BD
:10380C0000000000000000000000000000000000AC
:10381C00000000000000000000000000000000009C
:10382C00000000000000000000000000000000008C
:10383C00000000000000000000000000000000007C
:10384C00000000000000000000000000000000006C
:10385C00000000000000000000000000000000005C
:10386C00000000000000000000000000000000004C
:10387C00000000000000000000000000000000003C
:10388C00000000000000000000000000000000002C
:10389C00000000000000000000000000000000001C
:1038AC00000000000000000000000000000000000C
:1038BC0000000000000000000000000000000000FC
:1038CC0000000000000000000000000000000000EC
:1038DC0000000000000000000000000000000000DC
:1038EC0000000000000000000000000000000000CC
:1038FC000000000000000000F1340008000000008F
:10390C0000000000000000000000000000000000AB
:10391C00000000000000000000000000000000009B
:10392C00000000000000000000000000000000008B
:10393C00000000000000000000000000000000007B
:10394C00000000000000000000000000000000006B
:10395C00000000000000000000000000000000005B
:10396C00000000000000000000000000000000004B
:10397C00000000000000000000000000000000003B
:10398C00000000000000000000000000000000002B
:10399C00000000000000000000000000000000001B
:1039AC00000000000000000000000000000000000B
:1039BC0000000000000000000000000000000000FB
:1039CC0000000000000000000000000000000000EB
:1039DC0000000000000000000000000000000000DB
:1039EC0000000000000000000000000000000000CB
:1039FC0000000000000000000000000000000000BB
:103A0C0000000000000000000000000000000000AA
:103A1C00000000000000000000000000000000009A
:103A2C00000000000000000000000000000000008A
:103A3C00000000000000000000000000000000007A
:103A4C00000000000000000000000000000000006A
:103A5C00000000000000000000000000000000005A
:103A6C00000000000000000000000000000000004A
:103A7C00000000000000000000000000000000003A
:103A8C00000000000000000000000000000000002A
:103A9C00000000000000000000000000000000001A
:103AAC00000000000000000000000000000000000A
:103ABC0000000000000000000000000000000000FA
:103ACC0000000000000000000000000000000000EA
:103ADC0000000000000000000000000000000000DA
:103AEC0000000000000000000000000000000000CA
:103AFC0000000000000000000000000000000000BA
:103B0C0000000000000000000000000000000000A9
:103B1C000000000000000000000000000000000099
:103B2C000000000000000000000000000000000089
:103B3C000000000000000000000000000000000079
:103B4C000000000000000000000000000000000069
:103B5C000000000000000000000000000000000059
:103B6C000000000000000000000000000000000049
:103B7C000000000000000000000000000000000039
:103B8C000000000000000000000000000000000029
:103B9C000000000000000000000000000000000019
:103BAC000000000000000000000000000000000009
:103BBC0000000000000000000000000000000000F9
:103BCC0000000000000000000000000000000000E9
:103BDC0000000000000000000000000000000000D9
:103BEC0000000000000000000000000000000000C9
:103BFC0000000000000000000000000000000000B9
:103C0C0000000000000000000000000000000000A8
:103C1C000000000000000000000000000000000098
:103C2C000000000000000000000000000000000088
:103C3C000000000000000000000000000000000078
:103C4C000000000000000000000000000000000068
:103C5C000000000000000000000000000000000058
:103C6C000000000000000000000000000000000048
:103C7C000000000000000000000000000000000038
:103C8C000000000000000000000000000000000028
:103C9C000000000000000000000000000000000018
:103CAC000000000000000000000000000000000008
:103CBC0000000000000000000000000000000000F8
:103CCC0000000000000000000000000000000000E8
:103CDC0000000000000000000000000000000000D8
:103CEC0000000000000000000000000000000000C8
:103CFC0000000000000000000000000000000000B8
:103D0C0000000000000000000000000000000000A7
:103D1C000000000000000000000000000000000097
:103D2C000000000000000000000000000000000087
:103D3C000000000000000000000000000000000077
:103D4C000000000000000000000000000000000067
:103D5C000000000000000000000000000000000057
:103D6C000000000000000000000000000000000047
:103D7C000000000000000000000000000000000037
:103D8C000000000000000000000000000000000027
:103D9C000000000000000000000000000000000017
:103DAC000000000000000000000000000000000007
:103DBC0000000000000000000000000000000000F7
:103DCC0000000000000000000000000000000000E7
:103DDC0000000000000000000000000000000000D7
:103DEC0000000000000000000000000000000000C7
:103DFC0000000000000000000000000000000000B7
:103E0C0000000000000000000000000000000000A6
:103E1C000000000000000000000000000000000096
:103E2C000000000000000000000000000000000086
:103E3C000000000000000000000000000000000076
:103E4C000000000000000000000000000000000066
:103E5C000000000000000000000000000000000056
:103E6C000000000000000000000000000000000046
:103E7C000000000000000000000000000000000036
:103E8C000000000000000000000000000000000026
:103E9C000000000000000000000000000000000016
:103EAC000000000000000000000000000000000006
:103EBC0000000000000000000000000000000000F6
:103ECC0000000000000000000000000000000000E6
:103EDC0000000000000000000000000000000000D6
:103EEC0000000000000000000000000000000000C6
:103EFC0000000000000000000000000000000000B6
:103F0C0000000000000000000000000000000000A5
:103F1C000000000000000000000000000000000095
:103F2C000000000000000000000000000000000085
:103F3C000000000000000000000000000000000075
:103F4C000000000000000000000000000000000065
:103F5C000000000000000000000000000000000055
:103F6C000000000000000000000000000000000045
:103F7C000000000000000000000000000000000035
:103F8C000000000000000000000000000000000025
:103F9C000000000000000000000000000000000015
:103FAC000000000000000000000000000000000005
:103FBC0000000000000000000000000000000000F5
:103FCC0000000000000000000000000000000000E5
:103FDC0000000000000000000000000000000000D5
:103FEC0000000000000000000000000000000000C5
:103FFC0000000000000000000000000000000000B5
:10400C0000000000000000000000000000000000A4
:10401C000000000000000000000000000000000094
:10402C000000000000000000000000000000000084
:10403C000000000000000000000000000000000074
:10404C000000000000000000000000000000000064
:10405C000000000000000000000000000000000054
:10406C000000000000000000000000000000000044
:10407C000000000000000000000000000000000034
:10408C000000000000000000000000000000000024
:10409C000000000000000000000000000000000014
:1040AC000000000000000000000000000000000004
:1040BC0000000000000000000000000000000000F4
:1040CC0000000000000000000000000000000000E4
:1040DC0000000000000000000000000000000000D4
:1040EC0000000000000000000000000000000000C4
:1040FC0000000000000000000000000000000000B4
:10410C0000000000000000000000000000000000A3
:10411C000000000000000000000000000000000093
:10412C000000000000000000000000000000000083
:10413C000000000000000000000000000000000073
:10414C000000000000000000000000000000000063
:10415C000000000000000000000000000000000053
:10416C000000000000000000000000000000000043
:10417C000000000000000000000000000000000033
:10418C000000000000000000000000000000000023
:10419C000000000000000000000000000000000013
:1041AC000000000000000000000000000000000003
:1041BC0000000000000000000000000000000000F3
:1041CC0000000000000000000000000000000000E3
:1041DC0000000000000000000000000000000000D3
:1041EC0000000000000000000000000000000000C3
:1041FC0000000000000000000000000000000000B3
:10420C0000000000000000000000000000000000A2
:10421C000000000000000000000000000000000092
:10422C000000000000000000000000000000000082
:10423C000000000000000000000000000000000072
:10424C000000000000000000000000000000000062
:10425C000000000000000000000000000000000052
:10426C000000000000000000000000000000000042
:10427C000000000000000000000000000000000032
:10428C000000000000000000000000000000000022
:10429C000000000000000000000000000000000012
:1042AC000000000000000000000000000000000002
:1042BC0000000000000000000000000000000000F2
:1042CC0000000000000000000000000000000000E2
:1042DC0000000000000000000000000000000000D2
:1042EC0000000000000000000000000000000000C2
:1042FC0000000000000000000000000000000000B2
:10430C0000000000000000000000000000000000A1
:10431C000000000000000000000000000000000091
:10432C000000000000000000000000000000000081
:10433C000000000000000000000000000000000071
:10434C000000000000000000000000000000000061
:10435C000000000000000000000000000000000051
:10436C000000000000000000000000000000000041
:10437C000000000000000000000000000000000031
:10438C000000000000000000000000000000000021
:10439C000000000000000000000000000000000011
:1043AC000000000000000000000000000000000001
:1043BC0000000000000000000000000000000000F1
:1043CC0000000000000000000000000000000000E1
:1043DC0000000000000000000000000000000000D1
:1043EC0000000000000000000000000000000000C1
:1043FC0000000000000000000000000000000000B1
:10440C0000000000000000000000000000000000A0
:10441C000000000000000000000000000000000090
:10442C000000000000000000000000000000000080
:10443C000000000000000000000000000000000070
:10444C000000000000000000000000000000000060
:10445C000000000000000000000000000000000050
:10446C000000000000000000000000000000000040
:10447C000000000000000000000000000000000030
:10448C000000000000000000000000000000000020
:10449C000000000000000000000000000000000010
:1044AC000000000000000000000000000000000000
:1044BC0000000000000000000000000000000000F0
:1044CC0000000000000000000000000000000000E0
:1044DC0000000000000000000000000000000000D0
:1044EC0000000000000000000000000000000000C0
:1044FC0000000000000000000000000000000000B0
:10450C00000000000000000000000000000000009F
:10451C00000000000000000000000000000000008F
:10452C00000000000000000000000000000000007F
:10453C00000000000000000000000000000000006F
:10454C00000000000000000000000000000000005F
:10455C00000000000000000000000000000000004F
:10456C00000000000000000000000000000000003F
:10457C00000000000000000000000000000000002F
:10458C00000000000000000000000000000000001F
:10459C00000000000000000000000000000000000F
:1045AC0000000000000000000000000000000000FF
:1045BC0000000000000000000000000000000000EF
:1045CC0000000000000000000000000000000000DF
:1045DC0000000000000000000000000000000000CF
:1045EC0000000000000000000000000000000000BF
:1045FC0000000000000000000000000000000000AF
:10460C00000000000000000000000000000000009E
:10461C00000000000000000000000000000000008E
:10462C00000000000000000000000000000000007E
:10463C00000000000000000000000000000000006E
:10464C00000000000000000000000000000000005E
:10465C00000000000000000000000000000000004E
:10466C00000000000000000000000000000000003E
:10467C00000000000000000000000000000000002E
:10468C00000000000000000000000000000000001E
:10469C00000000000000000000000000000000000E
:1046AC0000000000000000000000000000000000FE
:1046BC0000000000000000000000000000000000EE
:1046CC0000000000000000000000000000000000DE
:1046DC0000000000000000000000000000000000CE
:1046EC0000000000000000000000000000000000BE
:1046FC0000000000000000000000000000000000AE
:10470C00000000000000000000000000000000009D
:10471C00000000000000000000000000000000008D
:10472C00000000000000000000000000000000007D
:10473C00000000000000000000000000000000006D
:10474C00000000000000000000000000000000005D
:10475C00000000000000000000000000000000004D
:10476C00000000000000000000000000000000003D
:10477C00000000000000000000000000000000002D
:10478C00000000000000000000000000000000001D
:10479C00000000000000000000000000000000000D
:1047AC0000000000000000000000000000000000FD
:1047BC0000000000000000000000000000000000ED
:1047CC0000000000000000000000000000000000DD
:1047DC0000000000000000000000000000000000CD
:1047EC0000000000000000000000000000000000BD
:1047FC0000000000000000000000000000000000AD
:10480C00000000000000000000000000000000009C
:10481C00000000000000000000000000000000008C
:10482C00000000000000000000000000000000007C
:10483C00000000000000000000000000000000006C
:10484C00000000000000000000000000000000005C
:10485C00000000000000000000000000000000004C
:10486C00000000000000000000000000000000003C
:10487C00000000000000000000000000000000002C
:10488C00000000000000000000000000000000001C
:10489C00000000000000000000000000000000000C
:1048AC0000000000000000000000000000000000FC
:1048BC0000000000000000000000000000000000EC
:1048CC0000000000000000000000000000000000DC
:1048DC0000000000000000000000000000000000CC
:1048EC0000000000000000000000000000000000BC
:1048FC0000000000000000000000000000000000AC
:10490C00000000000000000000000000000000009B
:10491C00000000000000000000000000000000008B
:10492C00000000000000000000000000000000007B
:10493C00000000000000000000000000000000006B
:10494C00000000000000000000000000000000005B
:10495C00000000000000000000000000000000004B
:10496C00000000000000000000000000000000003B
:10497C00000000000000000000000000000000002B
:10498C00000000000000000000000000000000001B
:10499C00000000000000000000000000000000000B
:1049AC0000000000000000000000000000000000FB
:1049BC0000000000000000000000000000000000EB
:1049CC0000000000000000000000000000000000DB
:1049DC0000000000000000000000000000000000CB
:1049EC0000000000000000000000000000000000BB
:1049FC0000000000000000000000000000000000AB
:104A0C00000000000000000000000000000000009A
:104A1C00000000000000000000000000000000008A
:104A2C00000000000000000000000000000000007A
:104A3C00000000000000000000000000000000006A
:104A4C00000000000000000000000000000000005A
:104A5C00000000000000000000000000000000004A
:104A6C00000000000000000000000000000000003A
:104A7C00000000000000000000000000000000002A
:104A8C00000000000000000000000000000000001A
:104A9C00000000000000000000000000000000000A
:104AAC0000000000000000000000000000000000FA
:104ABC0000000000000000000000000000000000EA
:104ACC0000000000000000000000000000000000DA
:104ADC0000000000000000000000000000000000CA
:104AEC0000000000000000000000000000000000BA
:104AFC0000000000000000000000000000000000AA
:104B0C000000000000000000000000000000000099
:104B1C000000000000000000000000000000000089
:104B2C000000000000000000000000000000000079
:104B3C000000000000000000000000000000000069
:104B4C000000000000000000000000000000000059
:104B5C000000000000000000000000000000000049
:104B6C000000000000000000000000000000000039
:104B7C000000000000000000000000000000000029
:104B8C000000000000000000000000000000000019
:104B9C000000000000000000000000000000000009
:104BAC0000000000000000000000000000000000F9
:104BBC0000000000000000000000000000000000E9
:104BCC0000000000000000000000000000000000D9
:104BDC0000000000000000000000000000000000C9
:104BEC0000000000000000000000000000000000B9
:104BFC0000000000000000000000000000000000A9
:104C0C000000000000000000000000000000000098
:104C1C000000000000000000000000000000000088
:104C2C000000000000000000000000000000000078
:104C3C000000000000000000000000000000000068
:104C4C000000000000000000000000000000000058
:104C5C000000000000000000000000000000000048
:104C6C000000000000000000000000000000000038
:104C7C000000000000000000000000000000000028
:104C8C000000000000000000000000000000000018
:104C9C000000000000000000000000000000000008
:104CAC0000000000000000000000000000000000F8
:104CBC0000000000000000000000000000000000E8
:104CCC0000000000000000000000000000000000D8
:104CDC0000000000000000000000000000000000C8
:104CEC0000000000000000000000000000000000B8
:104CFC0000000000000000000000000000000000A8
:104D0C000000000000000000000000000000000097
:104D1C000000000000000000000000000000000087
:104D2C000000000000000000000000000000000077
:104D3C000000000000000000000000000000000067
:104D4C000000000000000000000000000000000057
:104D5C000000000000000000000000000000000047
:104D6C000000000000000000000000000000000037
:104D7C000000000000000000000000000000000027
:104D8C000000000000000000000000000000000017
:104D9C000000000000000000000000000000000007
:104DAC0000000000000000000000000000000000F7
:104DBC0000000000000000000000000000000000E7
:104DCC0000000000000000000000000000000000D7
:104DDC0000000000000000000000000000000000C7
:104DEC0000000000000000000000000000000000B7
:104DFC0000000000000000000000000000000000A7
:104E0C000000000000000000000000000000000096
:104E1C000000000000000000000000000000000086
:104E2C000000000000000000000000000000000076
:104E3C000000000000000000000000000000000066
:104E4C000000000000000000000000000000000056
:104E5C000000000000000000000000000000000046
:104E6C000000000000000000000000000000000036
:104E7C000000000000000000000000000000000026
:104E8C000000000000000000000000000000000016
:104E9C000000000000000000000000000000000006
:104EAC0000000000000000000000000000000000F6
:104EBC0000000000000000000000000000000000E6
:104ECC0000000000000000000000000000000000D6
:104EDC0000000000000000000000000000000000C6
:104EEC0000000000000000000000000000000000B6
:104EFC0000000000000000000000000000000000A6
:104F0C000000000000000000000000000000000095
:104F1C000000000000000000000000000000000085
:104F2C000000000000000000000000000000000075
:104F3C000000000000000000000000000000000065
:104F4C000000000000000000000000000000000055
:104F5C000000000000000000000000000000000045
:104F6C000000000000000000000000000000000035
:104F7C000000000000000000000000000000000025
:104F8C000000000000000000000000000000000015
:104F9C000000000000000000000000000000000005
:104FAC0000000000000000000000000000000000F5
:104FBC0000000000000000000000000000000000E5
:104FCC0000000000000000000000000000000000D5
:104FDC0000000000000000000000000000000000C5
:104FEC0000000000000000000000000000000000B5
:104FFC0000000000000000000000000000000000A5
:10500C000000000000000000000000000000000094
:10501C000000000000000000000000000000000084
:10502C000000000000000000000000000000000074
:10503C000000000000000000000000000000000064
:10504C000000000000000000000000000000000054
:10505C000000000000000000000000000000000044
:10506C000000000000000000000000000000000034
:10507C000000000000000000000000000000000024
:10508C000000000000000000000000000000000014
:10509C000000000000000000000000000000000004
:1050AC0000000000000000000000000000000000F4
:1050BC0000000000000000000000000000000000E4
:1050CC0000000000000000000000000000000000D4
:1050DC0000000000000000000000000000000000C4
:1050EC0000000000000000000000000000000000B4
:1050FC0000000000000000000000000000000000A4
:10510C000000000000000000000000000000000093
:10511C000000000000000000000000000000000083
:10512C000000000000000000000000000000000073
:10513C000000000000000000393A000800000000E8
:10514C000000000000000000000000000100000052
:10515C000000000000000000000000000000000043
:10516C000000000000000000000000000000000033
:10517C0040060000000000009D230008AD2100083F
:10518C000000000000000000000000000000000013
:10519C000000000000000000000000000000000003
:1051AC0000000000000000000000000000000000F3
:1051BC0000000000000000000000000000000000E3
:1051CC0000000000000000000000000000000000D3
:1051DC0000000000000000000000000000000000C3
:1051EC0000000000000000000000000000000000B3
:1051FC0000000000000000000000000000000000A3
:10520C000000000000000000000000000000000092
:10521C000000000000000000000000000000000082
:10522C000000000000000000000000000000000072
:10523C000000000000000000000000000000000062
:10524C000000000000000000000000000000000052
:10525C000000000000000000000000000000000042
:10526C000000000000000000000000000000000032
:10527C000000000000000000000000000000000022
:10528C000000000000000000000000000000000012
:10529C000000000000000000000000000000000002
:1052AC0000000000000000000000000000000000F2
:1052BC0000000000000000000000000000000000E2
:1052CC0000000000000000000000000000000000D2
:1052DC0000000000000000000000000000000000C2
:1052EC0000000000000000000000000000000000B2
:1052FC0000000000000000000000000000000000A2
:10530C000000000000000000000000000000000091
:10531C000000000000000000000000000000000081
:10532C000000000000000000000000000000000071
:10533C000000000000000000000000000000000061
:10534C000000000000000000000000000000000051
:10535C000000000000000000000000000000000041
:10536C000000000000000000000000000000000031
:10537C000000000000000000000000000000000021
:10538C000000000000000000000000000000000011
:10539C000000000000000000000000000000000001
:1053AC0000000000000000000000000000000000F1
:1053BC0000000000000000000000000000000000E1
:1053CC0000000000000000000000000000000000D1
:1053DC0000000000000000000000000000000000C1
:1053EC0000000000000000000000000000000000B1
:1053FC0000000000000000000000000000000000A1
:10540C000000000000000000000000000000000090
:10541C000000000000000000000000000000000080
:10542C000000000000000000000000000000000070
:10543C000000000000000000000000000000000060
:10544C000000000000000000000000000000000050
:10545C000000000000000000000000000000000040
:10546C000000000000000000000000000000000030
:10547C000000000000000000000000000000000020
:10548C000000000000000000000000000000000010
:10549C000000000000000000000000000000000000
:1054AC0000000000000000000000000000000000F0
:1054BC0000000000000000000000000000000000E0
:1054CC0000000000000000000000000000000000D0
:1054DC0000000000000000000000000000000000C0
:1054EC0000000000000000000000000000000000B0
:1054FC0000000000000000000000000000000000A0
:10550C00000000000000000000000000000000008F
:10551C00000000000000000000000000000000007F
:10552C00000000000000000000000000000000006F
:10553C00000000000000000000000000000000005F
:10554C00000000000000000000000000000000004F
:10555C00000000000000000000000000000000003F
:10556C00000000000000000000000000000000002F
:10557C00000000000000000000000000000000001F
:10558C00000000000000000000000000000000000F
:10559C0000000000000000000000000000000000FF
:1055AC0000000000000000000000000000000000EF
:1055BC0000000000000000000000000000000000DF
:1055CC0000000000000000000000000000000000CF
:1055DC0000000000000000000000000000000000BF
:1055EC0000000000000000000000000000000000AF
:1055FC00000000000000000000000000000000009F
:10560C00000000000000000000000000000000008E
:10561C00000000000000000000000000000000007E
:10562C00000000000000000000000000000000006E
:10563C00000000000000000000000000000000005E
:10564C00000000000000000000000000000000004E
:10565C00000000000000000000000000000000003E
:10566C00000000000000000000000000000000002E
:10567C00000000000000000000000000000000001E
:10568C00000000000000000000000000000000000E
:10569C0000000000000000000000000000000000FE
:1056AC0000000000000000000000000000000000EE
:1056BC0000000000000000000000000000000000DE
:1056CC0000000000000000000000000000000000CE
:1056DC0000000000000000000000000000000000BE
:1056EC0000000000000000000000000000000000AE
:1056FC00000000000000000000000000000000009E
:10570C00000000000000000000000000000000008D
:10571C00000000000000000000000000000000007D
:10572C00000000000000000000000000000000006D
:10573C00000000000000000000000000000000005D
:10574C00000000000000000000000000000000004D
:10575C00000000000000000000000000000000003D
:10576C00000000000000000000000000000000002D
:10577C00000000000000000000000000000000001D
:10578C00000000000000000000000000000000000D
:10579C0000000000000000000000000000000000FD
:1057AC0000000000000000000000000000000000ED
:1057BC0000000000000000000000000000000000DD
:1057CC0000000000000000000000000000000000CD
:1057DC0000000000000000000000000000000000BD
:1057EC0000000000000000000000000000000000AD
:1057FC00000000000000000000000000000000009D
:10580C00000000000000000000000000000000008C
:10581C00000000000000000000000000000000007C
:10582C00000000000000000000000000000000006C
:10583C00000000000000000000000000000000005C
:10584C00000000000000000000000000000000004C
:10585C00000000000000000000000000000000003C
:10586C00000000000000000000000000000000002C
:10587C00000000000000000000000000000000001C
:10588C00000000000000000000000000000000000C
:10589C0000000000000000000000000000000000FC
:1058AC0000000000000000000000000000000000EC
:1058BC0000000000000000000000000000000000DC
:1058CC0000000000000000000000000000000000CC
:1058DC0000000000000000000000000000000000BC
:1058EC0000000000000000000000000000000000AC
:1058FC00000000000000000000000000000000009C
:10590C00000000000000000000000000000000008B
:10591C00000000000000000000000000000000007B
:10592C00000000000000000000000000000000006B
:10593C00000000000000000000000000000000005B
:10594C00000000000000000000000000000000004B
:10595C00000000000000000000000000000000003B
:10596C00000000000000000000000000000000002B
:10597C00000000000000000000000000000000001B
:10598C00000000000000000000000000000000000B
:10599C0000000000000000000000000000000000FB
:1059AC0000000000000000000000000000000000EB
:1059BC0000000000000000000000000000000000DB
:1059CC0000000000000000000000000000000000CB
:1059DC0000000000000000000000000000000000BB
:1059EC0000000000000000000000000000000000AB
:1059FC00000000000000000000000000000000009B
:105A0C00000000000000000000000000000000008A
:105A1C00000000000000000000000000000000007A
:105A2C00000000000000000000000000000000006A
:105A3C00000000000000000000000000000000005A
:105A4C00000000000000000000000000000000004A
:105A5C00000000000000000000000000000000003A
:105A6C00000000000000000000000000000000002A
:105A7C00000000000000000000000000000000001A
:105A8C00000000000000000000000000000000000A
:105A9C0000000000000000000000000000000000FA
:105AAC0000000000000000000000000000000000EA
:105ABC0000000000000000000000000000000000DA
:105ACC0000000000000000000000000000000000CA
:105ADC0000000000000000000000000000000000BA
:105AEC0000000000000000000000000000000000AA
:105AFC00000000000000000000000000000000009A
:105B0C000000000000000000000000000000000089
:105B1C000000000000000000000000000000000079
:105B2C000000000000000000000000000000000069
:105B3C000000000000000000000000000000000059
:105B4C000000000000000000000000000000000049
:105B5C000000000000000000000000000000000039
:105B6C000000000000000000000000000000000029
:105B7C000000000000000000000000000000000019
:105B8C000000000000000000000000000000000009
:105B9C0000000000000000000000000000000000F9
:105BAC0000000000000000000000000000000000E9
:105BBC0000000000000000000000000000000000D9
:105BCC0000000000000000000000000000000000C9
:105BDC0000000000000000000000000000000000B9
:105BEC0000000000000000000000000000000000A9
:105BFC000000000000000000000000000000000099
:105C0C000000000000000000000000000000000088
:105C1C000000000000000000000000000000000078
:105C2C000000000000000000000000000000000068
:105C3C000000000000000000000000000000000058
:105C4C000000000000000000000000000000000048
:105C5C000000000000000000000000000000000038
:105C6C000000000000000000000000000000000028
:105C7C000000000000000000000000000000000018
:105C8C000000000000000000000000000000000008
:105C9C0000000000000000000000000000000000F8
:105CAC0000000000000000000000000000000000E8
:105CBC0000000000000000000000000000000000D8
:105CCC0000000000000000000000000000000000C8
:105CDC0000000000000000000000000000000000B8
:105CEC0000000000000000000000000000000000A8
:105CFC000000000000000000000000000000000098
:105D0C000000000000000000000000000000000087
:105D1C000000000000000000000000000000000077
:105D2C000000000000000000000000000000000067
:105D3C000000000000000000000000000000000057
:105D4C000000000000000000000000000000000047
:105D5C000000000000000000000000000000000037
:105D6C000000000000000000000000000000000027
:105D7C000000000000000000000000000000000017
:105D8C000000000000000000000000000000000007
:105D9C0000000000000000000000000000000000F7
:105DAC0000000000000000000000000000000000E7
:105DBC0000000000000000000000000000000000D7
:105DCC0000000000000000000000000000000000C7
:105DDC0000000000000000000000000000000000B7
:105DEC0000000000000000000000000000000000A7
:105DFC000000000000000000000000000000000097
:105E0C000000000000000000000000000000000086
:105E1C000000000000000000000000000000000076
:105E2C000000000000000000000000000000000066
:105E3C000000000000000000000000000000000056
:105E4C000000000000000000000000000000000046
:105E5C000000000000000000000000000000000036
:105E6C000000000000000000000000000000000026
:105E7C000000000000000000000000000000000016
:105E8C000000000000000000000000000000000006
:105E9C0000000000000000000000000000000000F6
:105EAC0000000000000000000000000000000000E6
:105EBC0000000000000000000000000000000000D6
:105ECC0000000000000000000000000000000000C6
:105EDC0000000000000000000000000000000000B6
:105EEC0000000000000000000000000000000000A6
:105EFC000000000000000000000000000000000096
:105F0C000000000000000000000000000000000085
:105F1C000000000000000000000000000000000075
:105F2C000000000000000000000000000000000065
:105F3C000000000000000000000000000000000055
:105F4C000000000000000000000000000000000045
:105F5C000000000000000000000000000000000035
:105F6C000000000000000000000000000000000025
:105F7C000000000000000000000000000000000015
:105F8C000000000000000000000000000000000005
:105F9C0000000000000000000000000000000000F5
:105FAC0000000000000000000000000000000000E5
:105FBC0000000000000000000000000000000000D5
:105FCC0000000000000000000000000000000000C5
:105FDC0000000000000000000000000000000000B5
:105FEC0000000000000000000000000000000000A5
:105FFC000000000000000000000000000000000095
:10600C000000000000000000000000000000000084
:10601C000000000000000000000000000000000074
:10602C000000000000000000000000000000000064
:10603C000000000000000000000000000000000054
:10604C000000000000000000000000000000000044
:10605C000000000000000000000000000000000034
:10606C000000000000000000000000000000000024
:10607C000000000000000000000000000000000014
:10608C000000000000000000000000000000000004
:10609C0000000000000000000000000000000000F4
:1060AC0000000000000000000000000000000000E4
:1060BC0000000000000000000000000000000000D4
:1060CC0000000000000000000000000000000000C4
:1060DC0000000000000000000000000000000000B4
:1060EC0000000000000000000000000000000000A4
:1060FC000000000000000000000000000000000094
:10610C000000000000000000000000000000000083
:10611C000000000000000000000000000000000073
:10612C000000000000000000000000000000000063
:10613C000000000000000000000000000000000053
:10614C000000000000000000000000000000000043
:10615C000000000000000000000000000000000033
:10616C000000000000000000000000000000000023
:10617C000000000000000000000000000000000013
:10618C000000000000000000000000000000000003
:10619C0000000000000000000000000000000000F3
:1061AC0000000000000000000000000000000000E3
:1061BC0000000000000000000000000000000000D3
:1061CC0000000000000000000000000000000000C3
:1061DC0000000000000000000000000000000000B3
:1061EC0000000000000000000000000000000000A3
:1061FC000000000000000000000000000000000093
:10620C000000000000000000000000000000000082
:10621C000000000000000000000000000000000072
:10622C000000000000000000000000000000000062
:10623C000000000000000000000000000000000052
:10624C000000000000000000000000000000000042
:10625C000000000000000000000000000000000032
:10626C000000000000000000000000000000000022
:10627C000000000000000000000000000000000012
:10628C000000000000000000000000000000000002
:10629C0000000000000000000000000000000000F2
:1062AC0000000000000000000000000000000000E2
:1062BC0000000000000000000000000000000000D2
:1062CC0000000000000000000000000000000000C2
:1062DC0000000000000000000000000000000000B2
:1062EC0000000000000000000000000000000000A2
:1062FC000000000000000000000000000000000092
:10630C000000000000000000000000000000000081
:10631C000000000000000000000000000000000071
:10632C000000000000000000000000000000000061
:10633C000000000000000000000000000000000051
:10634C000000000000000000000000000000000041
:10635C000000000000000000000000000000000031
:10636C000000000000000000000000000000000021
:10637C000000000000000000000000000000000011
:10638C000000000000000000000000000000000001
:10639C0000000000000000000000000000000000F1
:1063AC0000000000000000000000000000000000E1
:1063BC0000000000000000000000000000000000D1
:1063CC0000000000000000000000000000000000C1
:1063DC0000000000000000000000000000000000B1
:1063EC0000000000000000000000000000000000A1
:1063FC000000000000000000000000000000000091
:10640C000000000000000000000000000000000080
:10641C000000000000000000000000000000000070
:10642C000000000000000000000000000000000060
:10643C000000000000000000000000000000000050
:10644C000000000000000000000000000000000040
:10645C000000000000000000000000000000000030
:10646C000000000000000000000000000000000020
:10647C000000000000000000000000000000000010
:10648C000000000000000000000000000000000000
:10649C0000000000000000000000000000000000F0
:1064AC0000000000000000000000000000000000E0
:1064BC0000000000000000000000000000000000D0
:1064CC0000000000000000000000000000000000C0
:1064DC0000000000000000000000000000000000B0
:1064EC0000000000000000000000000000000000A0
:1064FC000000000000000000000000000000000090
:10650C00000000000000000000000000000000007F
:10651C00000000000000000000000000000000006F
:10652C00000000000000000000000000000000005F
:10653C00000000000000000000000000000000004F
:10654C00000000000000000000000000000000003F
:10655C00000000000000000000000000000000002F
:10656C00000000000000000000000000000000001F
:10657C00000000000000000000000000000000000F
:10658C0000000000000000000000000000000000FF
:10659C0000000000000000000000000000000000EF
:1065AC0000000000000000000000000000000000DF
:1065BC0000000000000000000000000000000000CF
:1065CC0000000000000000000000000000000000BF
:1065DC0000000000000000000000000000000000AF
:1065EC00000000000000000000000000000000009F
:1065FC00000000000000000000000000000000008F
:10660C00000000000000000000000000000000007E
:10661C00000000000000000000000000000000006E
:10662C00000000000000000000000000000000005E
:10663C00000000000000000000000000000000004E
:10664C00000000000000000000000000000000003E
:10665C00000000000000000000000000000000002E
:10666C00000000000000000000000000000000001E
:10667C00000000000000000000000000000000000E
:10668C0000000000000000000000000000000000FE
:10669C0000000000000000000000000000000000EE
:1066AC0000000000000000000000000000000000DE
:1066BC0000000000000000000000000000000000CE
:1066CC0000000000000000000000000000000000BE
:1066DC0000000000000000000000000000000000AE
:1066EC00000000000000000000000000000000009E
:1066FC00000000000000000000000000000000008E
:10670C00000000000000000000000000000000007D
:10671C00000000000000000000000000000000006D
:10672C00000000000000000000000000000000005D
:10673C00000000000000000000000000000000004D
:10674C00000000000000000000000000000000003D
:10675C00000000000000000000000000000000002D
:10676C00000000000000000000000000000000001D
:10677C00000000000000000000000000000000000D
:10678C0000000000000000000000000000000000FD
:10679C0000000000000000000000000000000000ED
:1067AC0000000000000000000000000000000000DD
:1067BC0000000000000000000000000000000000CD
:1067CC0000000000000000000000000000000000BD
:1067DC0000000000000000000000000000000000AD
:1067EC00000000000000000000000000000000009D
:1067FC00000000000000000000000000000000008D
:10680C00000000000000000000000000000000007C
:10681C00000000000000000000000000000000006C
:10682C00000000000000000000000000000000005C
:10683C00000000000000000000000000000000004C
:10684C00000000000000000000000000000000003C
:10685C00000000000000000000000000000000002C
:10686C00000000000000000000000000000000001C
:10687C00000000000000000000000000000000000C
:10688C0000000000000000000000000000000000FC
:10689C0000000000000000000000000000000000EC
:1068AC0000000000000000000000000000000000DC
:1068BC0000000000000000000000000000000000CC
:1068CC0000000000000000000000000000000000BC
:1068DC0000000000000000000000000000000000AC
:1068EC00000000000000000000000000000000009C
:1068FC00000000000000000000000000000000008C
:10690C00000000000000000000000000000000007B
:10691C00000000000000000000000000000000006B
:10692C00000000000000000000000000000000005B
:10693C00000000000000000000000000000000004B
:10694C00000000000000000000000000000000003B
:10695C00000000000000000000000000000000002B
:10696C00000000000000000000000000000000001B
:10697C00000000000000000000000000000000000B
:10698C0000000000000000000000000000000000FB
:10699C0000000000000000000000000000000000EB
:1069AC0000000000000000000000000000000000DB
:1069BC0000000000000000000000000000000000CB
:1069CC0000000000000000000000000000000000BB
:1069DC0000000000000000000000000000000000AB
:1069EC00000000000000000000000000000000009B
:1069FC00000000000000000000000000000000008B
:106A0C00000000000000000000000000000000007A
:106A1C00000000000000000000000000000000006A
:106A2C00000000000000000000000000000000005A
:106A3C00000000000000000000000000000000004A
:106A4C00000000000000000000000000000000003A
:106A5C00000000000000000000000000000000002A
:106A6C00000000000000000000000000000000001A
:106A7C00000000000000000000000000000000000A
:106A8C0000000000000000000000000000000000FA
:106A9C0000000000000000000000000000000000EA
:106AAC0000000000000000000000000000000000DA
:106ABC0000000000000000000000000000000000CA
:106ACC0000000000000000000000000000000000BA
:106ADC0000000000000000000000000000000000AA
:106AEC00000000000000000000000000000000009A
:106AFC00000000000000000000000000000000008A
:106B0C000000000000000000000000000000000079
:106B1C000000000000000000000000000000000069
:106B2C000000000000000000000000000000000059
:106B3C000000000000000000000000000000000049
:106B4C000000000000000000000000000000000039
:106B5C000000000000000000000000000000000029
:106B6C000000000000000000000000000000000019
:106B7C000000000000000000000000000000000009
:106B8C0000000000000000000000000000000000F9
:106B9C0000000000000000000000000000000000E9
:106BAC0000000000000000000000000000000000D9
:106BBC0000000000000000000000000000000000C9
:106BCC0000000000000000000000000000000000B9
:106BDC0000000000000000000000000000000000A9
:106BEC000000000000000000000000000000000099
:106BFC000000000000000000000000000000000089
:106C0C000000000000000000000000000000000078
:106C1C000000000000000000000000000000000068
:106C2C000000000000000000000000000000000058
:106C3C000000000000000000000000000000000048
:106C4C000000000000000000000000000000000038
:106C5C000000000000000000000000000000000028
:106C6C000000000000000000000000000000000018
:106C7C000000000000000000000000000000000008
:106C8C0000000000000000000000000000000000F8
:106C9C0000000000000000000000000000000000E8
:106CAC0000000000000000000000000000000000D8
:106CBC0000000000000000000000000000000000C8
:106CCC0000000000000000000000000000000000B8
:106CDC0000000000000000000000000000000000A8
:106CEC000000000000000000000000000000000098
:106CFC000000000000000000000000000000000088
:106D0C000000000000000000000000000000000077
:106D1C000000000000000000000000000000000067
:106D2C000000000000000000000000000000000057
:106D3C000000000000000000000000000000000047
:106D4C000000000000000000000000000000000037
:106D5C000000000000000000000000000000000027
:106D6C000000000000000000000000000000000017
:106D7C000000000000000000000000000000000007
:106D8C0000000000000000000000000000000000F7
:106D9C0000000000000000000000000000000000E7
:106DAC0000000000000000000000000000000000D7
:106DBC0000000000000000000000000000000000C7
:106DCC0000000000000000000000000000000000B7
:106DDC0000000000000000000000000000000000A7
:106DEC000000000000000000000000000000000097
:106DFC000000000000000000000000000000000087
:106E0C000000000000000000000000000000000076
:106E1C000000000000000000000000000000000066
:106E2C000000000000000000000000000000000056
:106E3C000000000000000000000000000000000046
:106E4C000000000000000000000000000000000036
:106E5C000000000000000000000000000000000026
:106E6C000000000000000000000000000000000016
:106E7C000000000000000000000000000000000006
:106E8C0000000000000000000000000000000000F6
:106E9C0000000000000000000000000000000000E6
:106EAC0000000000000000000000000000000000D6
:106EBC0000000000000000000000000000000000C6
:106ECC0000000000000000000000000000000000B6
:106EDC0000000000000000000000000000000000A6
:106EEC000000000000000000000000000000000096
:106EFC000000000000000000000000000000000086
:106F0C000000000000000000000000000000000075
:106F1C000000000000000000000000000000000065
:106F2C000000000000000000000000000000000055
:106F3C000000000000000000000000000000000045
:106F4C000000000000000000000000000000000035
:106F5C000000000000000000000000000000000025
:106F6C000000000000000000000000000000000015
:106F7C000000000000000000000000000000000005
:106F8C0000000000000000000000000000000000F5
:106F9C0000000000000000000000000000000000E5
:106FAC0000000000000000000000000000000000D5
:106FBC0000000000000000000000000000000000C5
:106FCC0000000000000000000000000000000000B5
:106FDC0000000000000000000000000000000000A5
:106FEC000000000000000000000000000000000095
:106FFC000000000000000000000000000000000085
:10700C000000000000000000000000000000000074
:10701C000000000000000000000000000000000064
:10702C000000000000000000000000000000000054
:10703C000000000000000000000000000000000044
:10704C000000000000000000000000000000000034
:10705C000000000000000000000000000000000024
:10706C000000000000000000000000000000000014
:10707C000000000000000000000000000000000004
:10708C0000000000000000000000000000000000F4
:10709C0000000000000000000000000000000000E4
:1070AC0000000000000000000000000000000000D4
:1070BC0000000000000000000000000000000000C4
:1070CC0000000000000000000000000000000000B4
:1070DC0000000000000000000000000000000000A4
:1070EC000000000000000000000000000000000094
:1070FC000000000000000000000000000000000084
:10710C000000000000000000000000000000000073
:10711C000000000000000000000000000000000063
:10712C000000000000000000000000000000000053
:10713C000000000000000000000000000000000043
:10714C000000000000000000000000000000000033
:10715C000000000000000000000000000000000023
:10716C000000000000000000000000000000000013
:10717C000000000000000000000000000000000003
:10718C0000000000000000000000000000000000F3
:10719C0000000000000000000000000000000000E3
:1071AC0000000000000000000000000000000000D3
:1071BC0000000000000000000000000000000000C3
:1071CC0000000000000000000000000000000000B3
:1071DC0000000000000000000000000000000000A3
:1071EC000000000000000000000000000000000093
:1071FC000000000000000000000000000000000083
:10720C000000000000000000000000000000000072
:10721C000000000000000000000000000000000062
:10722C000000000000000000000000000000000052
:10723C000000000000000000000000000000000042
:10724C000000000000000000000000000000000032
:10725C000000000000000000000000000000000022
:10726C000000000000000000000000000000000012
:10727C000000000000000000000000000000000002
:10728C0000000000000000000000000000000000F2
:10729C0000000000000000000000000000000000E2
:1072AC0000000000000000000000000000000000D2
:1072BC0000000000000000000000000000000000C2
:1072CC0000000000000000000000000000000000B2
:1072DC0000000000000000000000000000000000A2
:1072EC000000000000000000000000000000000092
:1072FC000000000000000000000000000000000082
:10730C000000000000000000000000000000000071
:10731C000000000000000000000000000000000061
:10732C000000000000000000000000000000000051
:10733C000000000000000000000000000000000041
:10734C000000000000000000000000000000000031
:10735C000000000000000000000000000000000021
:10736C000000000000000000000000000000000011
:10737C000000000000000000000000000000000001
:10738C0000000000000000000000000000000000F1
:10739C0000000000000000000000000000000000E1
:1073AC0000000000000000000000000000000000D1
:1073BC0000000000000000000000000000000000C1
:1073CC0000000000000000000000000000000000B1
:1073DC0000000000000000000000000000000000A1
:1073EC000000000000000000000000000000000091
:1073FC000000000000000000000000000000000081
:10740C000000000000000000000000000000000070
:10741C000000000000000000000000000000000060
:10742C000000000000000000000000000000000050
:10743C000000000000000000000000000000000040
:10744C000000000000000000000000000000000030
:10745C000000000000000000000000000000000020
:10746C000000000000000000000000000000000010
:10747C000000000000000000000000000000000000
:10748C0000000000000000000000000000000000F0
:10749C0000000000000000000000000000000000E0
:1074AC0000000000000000000000000000000000D0
:1074BC0000000000000000000000000000000000C0
:1074CC0000000000000000000000000000000000B0
:1074DC0000000000000000000000000000000000A0
:1074EC000000000000000000000000000000000090
:1074FC000000000000000000000000000000000080
:10750C00000000000000000000000000000000006F
:10751C00000000000000000000000000000000005F
:10752C00000000000000000000000000000000004F
:10753C00000000000000000000000000000000003F
:10754C00000000000000000000000000000000002F
:10755C00000000000000000000000000000000001F
:10756C00000000000000000000000000000000000F
:10757C0000000000000000000000000000000000FF
:10758C0000000000000000000000000000000000EF
:10759C0000000000000000000000000000000000DF
:1075AC0000000000000000000000000000000000CF
:1075BC0000000000000000000000000000000000BF
:1075CC0000000000000000000000000000000000AF
:1075DC00000000000000000000000000000000009F
:1075EC00000000000000000000000000000000008F
:1075FC00000000000000000000000000000000007F
:10760C00000000000000000000000000000000006E
:10761C00000000000000000000000000000000005E
:10762C00000000000000000000000000000000004E
:10763C00000000000000000000000000000000003E
:10764C00000000000000000000000000000000002E
:10765C00000000000000000000000000000000001E
:10766C00000000000000000000000000000000000E
:10767C0000000000000000000000000000000000FE
:10768C0000000000000000000000000000000000EE
:10769C0000000000000000000000000000000000DE
:1076AC0000000000000000000000000000000000CE
:1076BC0000000000000000000000000000000000BE
:1076CC0000000000000000000000000000000000AE
:1076DC00000000000000000000000000000000009E
:1076EC00000000000000000000000000000000008E
:1076FC00000000000000000000000000000000007E
:10770C00000000000000000000000000000000006D
:10771C00000000000000000000000000000000005D
:10772C00000000000000000000000000000000004D
:10773C00000000000000000000000000000000003D
:10774C00000000000000000000000000000000002D
:10775C00000000000000000000000000000000001D
:10776C00000000000000000000000000000000000D
:10777C0000000000000000000000000000000000FD
:10778C0000000000000000000000000000000000ED
:10779C0000000000000000000000000000000000DD
:1077AC0000000000000000000000000000000000CD
:1077BC0000000000000000000000000000000000BD
:1077CC0000000000000000000000000000000000AD
:1077DC00000000000000000000000000000000009D
:1077EC00000000000000000000000000000000008D
:1077FC00000000000000000000000000000000007D
:10780C00000000000000000000000000000000006C
:10781C00000000000000000000000000000000005C
:10782C00000000000000000000000000000000004C
:10783C00000000000000000000000000000000003C
:10784C00000000000000000000000000000000002C
:10785C00000000000000000000000000000000001C
:10786C00000000000000000000000000000000000C
:10787C0000000000000000000000000000000000FC
:10788C0000000000000000000000000000000000EC
:10789C0000000000000000000000000000000000DC
:1078AC0000000000000000000000000000000000CC
:1078BC0000000000000000000000000000000000BC
:1078CC0000000000000000000000000000000000AC
:1078DC00000000000000000000000000000000009C
:1078EC00000000000000000000000000000000008C
:1078FC00000000000000000000000000000000007C
:10790C00000000000000000000000000000000006B
:10791C00000000000000000000000000000000005B
:10792C00000000000000000000000000000000004B
:10793C00000000000000000000000000000000003B
:10794C00000000000000000000000000000000002B
:10795C00000000000000000000000000000000001B
:10796C00000000000000000000000000000000000B
:10797C0000000000000000000000000000000000FB
:10798C0000000000000000000000000000000000EB
:10799C0000000000000000000000000000000000DB
:1079AC0000000000000000000000000000000000CB
:1079BC0000000000000000000000000000000000BB
:1079CC0000000000000000000000000000000000AB
:1079DC00000000000000000000000000000000009B
:1079EC00000000000000000000000000000000008B
:1079FC00000000000000000000000000000000007B
:107A0C00000000000000000000000000000000006A
:107A1C00000000000000000000000000000000005A
:107A2C00000000000000000000000000000000004A
:107A3C00000000000000000000000000000000003A
:107A4C00000000000000000000000000000000002A
:107A5C00000000000000000000000000000000001A
:107A6C00000000000000000000000000000000000A
:107A7C0000000000000000000000000000000000FA
:107A8C0000000000000000000000000000000000EA
:107A9C0000000000000000000000000000000000DA
:107AAC0000000000000000000000000000000000CA
:107ABC0000000000000000000000000000000000BA
:107ACC0000000000000000000000000000000000AA
:107ADC00000000000000000000000000000000009A
:107AEC00000000000000000000000000000000008A
:107AFC00000000000000000000000000000000007A
:107B0C000000000000000000000000000000000069
:107B1C000000000000000000000000000000000059
:107B2C000000000000000000000000000000000049
:107B3C000000000000000000000000000000000039
:107B4C000000000000000000000000000000000029
:107B5C000000000000000000000000000000000019
:107B6C000000000000000000000000000000000009
:107B7C0000000000000000000000000000000000F9
:107B8C0000000000000000000000000000000000E9
:107B9C0000000000000000000000000000000000D9
:107BAC0000000000000000000000000000000000C9
:107BBC0000000000000000000000000000000000B9
:107BCC0000000000000000000000000000000000A9
:107BDC000000000000000000000000000000000099
:107BEC000000000000000000000000000000000089
:107BFC000000000000000000000000000000000079
:107C0C000000000000000000000000000000000068
:107C1C000000000000000000000000000000000058
:107C2C000000000000000000000000000000000048
:107C3C000000000000000000000000000000000038
:107C4C000000000000000000000000000000000028
:107C5C000000000000000000000000000000000018
:107C6C000000000000000000000000000000000008
:107C7C0000000000000000000000000000000000F8
:107C8C0000000000000000000000000000000000E8
:107C9C0000000000000000000000000000000000D8
:107CAC0000000000000000000000000000000000C8
:107CBC0000000000000000000000000000000000B8
:107CCC0000000000000000000000000000000000A8
:107CDC000000000000000000000000000000000098
:107CEC000000000000000000000000000000000088
:107CFC000000000000000000000000000000000078
:107D0C000000000000000000000000000000000067
:107D1C000000000000000000000000000000000057
:107D2C000000000000000000000000000000000047
:107D3C000000000000000000000000000000000037
:107D4C000000000000000000000000000000000027
:107D5C000000000000000000000000000000000017
:107D6C000000000000000000000000000000000007
:107D7C0000000000000000000000000000000000F7
:107D8C0000000000000000000000000000000000E7
:107D9C0000000000000000000000000000000000D7
:107DAC0000000000000000000000000000000000C7
:107DBC0000000000000000000000000000000000B7
:107DCC0000000000000000000000000000000000A7
:107DDC000000000000000000000000000000000097
:107DEC000000000000000000000000000000000087
:107DFC000000000000000000000000000000000077
:107E0C000000000000000000000000000000000066
:107E1C000000000000000000000000000000000056
:107E2C000000000000000000000000000000000046
:107E3C000000000000000000000000000000000036
:107E4C000000000000000000000000000000000026
:107E5C000000000000000000000000000000000016
:107E6C000000000000000000000000000000000006
:107E7C0000000000000000000000000000000000F6
:107E8C0000000000000000000000000000000000E6
:107E9C0000000000000000000000000000000000D6
:107EAC0000000000000000000000000000000000C6
:107EBC0000000000000000000000000000000000B6
:107ECC0000000000000000000000000000000000A6
:107EDC000000000000000000000000000000000096
:107EEC000000000000000000000000000000000086
:107EFC000000000000000000000000000000000076
:107F0C000000000000000000000000000000000065
:107F1C000000000000000000000000000000000055
:107F2C000000000000000000000000000000000045
:107F3C000000000000000000000000000000000035
:107F4C000000000000000000000000000000000025
:107F5C000000000000000000000000000000000015
:107F6C000000000000000000000000000000000005
:107F7C0000000000000000000000000000000000F5
:107F8C0000000000000000000000000000000000E5
:107F9C0000000000000000000000000000000000D5
:107FAC0000000000000000000000000000000000C5
:107FBC0000000000000000000000000000000000B5
:107FCC0000000000000000000000000000000000A5
:107FDC000000000000000000000000000000000095
:107FEC000000000000000000000000000000000085
:107FFC000000000000000000000000000000000075
:10800C000000000000000000000000000000000064
:10801C000000000000000000000000000000000054
:10802C000000000000000000000000000000000044
:10803C000000000000000000000000000000000034
:10804C000000000000000000000000000000000024
:10805C000000000000000000000000000000000014
:10806C000000000000000000000000000000000004
:10807C0000000000000000000000000000000000F4
:10808C0000000000000000000000000000000000E4
:10809C0000000000000000000000000000000000D4
:1080AC0000000000000000000000000000000000C4
:1080BC0000000000000000000000000000000000B4
:1080CC0000000000000000000000000000000000A4
:1080DC000000000000000000000000000000000094
:1080EC000000000000000000000000000000000084
:1080FC000000000000000000000000000000000074
:10810C000000000000000000000000000000000063
:10811C000000000000000000000000000000000053
:10812C000000000000000000000000000000000043
:10813C000000000000000000000000000000000033
:10814C000000000000000000000000000000000023
:10815C000000000000000000000000000000000013
:10816C000000000000000000000000000000000003
:10817C0000000000000000000000000000000000F3
:10818C0000000000000000000000000000000000E3
:10819C0000000000000000000000000000000000D3
:1081AC0000000000000000000000000000000000C3
:1081BC0000000000000000000000000000000000B3
:1081CC0000000000000000000000000000000000A3
:1081DC000000000000000000000000000000000093
:1081EC000000000000000000000000000000000083
:1081FC000000000000000000000000000000000073
:10820C000000000000000000000000000000000062
:10821C000000000000000000000000000000000052
:10822C000000000000000000000000000000000042
:10823C000000000000000000000000000000000032
:10824C000000000000000000000000000000000022
:10825C000000000000000000000000000000000012
:10826C000000000000000000000000000000000002
:10827C0000000000000000000000000000000000F2
:10828C0000000000000000000000000000000000E2
:10829C0000000000000000000000000000000000D2
:1082AC0000000000000000000000000000000000C2
:1082BC0000000000000000000000000000000000B2
:1082CC0000000000000000000000000000000000A2
:1082DC000000000000000000000000000000000092
:1082EC000000000000000000000000000000000082
:1082FC000000000000000000000000000000000072
:10830C000000000000000000000000000000000061
:10831C000000000000000000000000000000000051
:10832C000000000000000000000000000000000041
:10833C000000000000000000000000000000000031
:10834C000000000000000000000000000000000021
:10835C000000000000000000000000000000000011
:10836C000000000000000000000000000000000001
:10837C0000000000000000000000000000000000F1
:10838C0000000000000000000000000000000000E1
:10839C0000000000000000000000000000000000D1
:1083AC0000000000000000000000000000000000C1
:1083BC0000000000000000000000000000000000B1
:1083CC0000000000000000000000000000000000A1
:1083DC000000000000000000000000000000000091
:1083EC000000000000000000000000000000000081
:1083FC000000000000000000000000000000000071
:10840C000000000000000000000000000000000060
:10841C000000000000000000000000000000000050
:10842C000000000000000000000000000000000040
:10843C000000000000000000000000000000000030
:10844C000000000000000000000000000000000020
:10845C000000000000000000000000000000000010
:10846C000000000000000000000000000000000000
:10847C0000000000000000000000000000000000F0
:10848C0000000000000000000000000000000000E0
:10849C0000000000000000000000000000000000D0
:1084AC0000000000000000000000000000000000C0
:1084BC0000000000000000000000000000000000B0
:1084CC0000000000000000000000000000000000A0
:1084DC000000000000000000000000000000000090
:1084EC000000000000000000000000000000000080
:1084FC000000000000000000000000000000000070
:10850C00000000000000000000000000000000005F
:10851C00000000000000000000000000000000004F
:10852C00000000000000000000000000000000003F
:10853C00000000000000000000000000000000002F
:10854C00000000000000000000000000000000001F
:10855C00000000000000000000000000000000000F
:10856C0000000000000000000000000000000000FF
:10857C0000000000000000000000000000000000EF
:10858C0000000000000000000000000000000000DF
:10859C0000000000000000000000000000000000CF
:1085AC0000000000000000000000000000000000BF
:1085BC0000000000000000000000000000000000AF
:1085CC00000000000000000000000000000000009F
:1085DC00000000000000000000000000000000008F
:1085EC00000000000000000000000000000000007F
:1085FC00000000000000000000000000000000006F
:10860C00000000000000000000000000000000005E
:10861C00000000000000000000000000000000004E
:10862C00000000000000000000000000000000003E
:10863C00000000000000000000000000000000002E
:10864C00000000000000000000000000000000001E
:10865C00000000000000000000000000000000000E
:10866C0000000000000000000000000000000000FE
:10867C0000000000000000000000000000000000EE
:10868C0000000000000000000000000000000000DE
:10869C0000000000000000000000000000000000CE
:1086AC0000000000000000000000000000000000BE
:1086BC0000000000000000000000000000000000AE
:1086CC00000000000000000000000000000000009E
:1086DC00000000000000000000000000000000008E
:1086EC00000000000000000000000000000000007E
:1086FC00000000000000000000000000000000006E
:10870C00000000000000000000000000000000005D
:10871C00000000000000000000000000000000004D
:10872C00000000000000000000000000000000003D
:10873C00000000000000000000000000000000002D
:10874C00000000000000000000000000000000001D
:10875C00000000000000000000000000000000000D
:10876C0000000000000000000000000000000000FD
:10877C0000000000000000000000000000000000ED
:10878C0000000000000000000000000000000000DD
:10879C0000000000000000000000000000000000CD
:1087AC0000000000000000000000000000000000BD
:1087BC0000000000000000000000000000000000AD
:1087CC00000000000000000000000000000000009D
:1087DC00000000000000000000000000000000008D
:1087EC00000000000000000000000000000000007D
:1087FC00000000000000000000000000000000006D
:10880C00000000000000000000000000000000005C
:10881C00000000000000000000000000000000004C
:10882C00000000000000000000000000000000003C
:10883C00000000000000000000000000000000002C
:10884C00000000000000000000000000000000001C
:10885C00000000000000000000000000000000000C
:10886C0000000000000000000000000000000000FC
:10887C0000000000000000000000000000000000EC
:10888C0000000000000000000000000000000000DC
:10889C0000000000000000000000000000000000CC
:1088AC0000000000000000000000000000000000BC
:1088BC0000000000000000000000000000000000AC
:1088CC00000000000000000000000000000000009C
:1088DC00000000000000000000000000000000008C
:1088EC00000000000000000000000000000000007C
:1088FC00000000000000000000000000000000006C
:10890C00000000000000000000000000000000005B
:10891C00000000000000000000000000000000004B
:10892C00000000000000000000000000000000003B
:10893C00000000000000000000000000000000002B
:10894C00000000000000000000000000000000001B
:10895C00000000000000000000000000000000000B
:10896C0000000000000000000000000000000000FB
:10897C0000000000000000000000000000000000EB
:10898C0000000000000000000000000000000000DB
:10899C0000000000000000000000000000000000CB
:1089AC0000000000000000000000000000000000BB
:1089BC0000000000000000000000000000000000AB
:1089CC00000000000000000000000000000000009B
:1089DC00000000000000000000000000000000008B
:1089EC00000000000000000000000000000000007B
:1089FC00000000000000000000000000000000006B
:108A0C00000000000000000000000000000000005A
:108A1C00000000000000000000000000000000004A
:108A2C00000000000000000000000000000000003A
:108A3C00000000000000000000000000000000002A
:108A4C00000000000000000000000000000000001A
:108A5C00000000000000000000000000000000000A
:108A6C0000000000000000000000000000000000FA
:108A7C0000000000000000000000000000000000EA
:108A8C0000000000000000000000000000000000DA
:108A9C0000000000000000000000000000000000CA
:108AAC0000000000000000000000000000000000BA
:108ABC0000000000000000000000000000000000AA
:108ACC00000000000000000000000000000000009A
:108ADC00000000000000000000000000000000008A
:108AEC00000000000000000000000000000000007A
:108AFC00000000000000000000000000000000006A
:108B0C000000000000000000000000000000000059
:108B1C000000000000000000000000000000000049
:108B2C000000000000000000000000000000000039
:108B3C000000000000000000000000000000000029
:108B4C000000000000000000000000000000000019
:108B5C000000000000000000000000000000000009
:108B6C0000000000000000000000000000000000F9
:108B7C0000000000000000000000000000000000E9
:108B8C0000000000000000000000000000000000D9
:108B9C0000000000000000000000000000000000C9
:108BAC0000000000000000000000000000000000B9
:108BBC0000000000000000000000000000000000A9
:108BCC000000000000000000000000000000000099
:108BDC000000000000000000000000000000000089
:108BEC000000000000000000000000000000000079
:108BFC000000000000000000000000000000000069
:108C0C000000000000000000000000000000000058
:108C1C000000000000000000000000000000000048
:108C2C000000000000000000000000000000000038
:108C3C000000000000000000000000000000000028
:108C4C000000000000000000000000000000000018
:108C5C000000000000000000000000000000000008
:108C6C0000000000000000000000000000000000F8
:108C7C0000000000000000000000000000000000E8
:108C8C0000000000000000000000000000000000D8
:108C9C0000000000000000000000000000000000C8
:108CAC0000000000000000000000000000000000B8
:108CBC0000000000000000000000000000000000A8
:108CCC000000000000000000000000000000000098
:108CDC000000000000000000000000000000000088
:108CEC000000000000000000000000000000000078
:108CFC000000000000000000000000000000000068
:108D0C000000000000000000000000000000000057
:108D1C000000000000000000000000000000000047
:108D2C000000000000000000000000000000000037
:108D3C000000000000000000000000000000000027
:108D4C000000000000000000000000000000000017
:108D5C000000000000000000000000000000000007
:108D6C0000000000000000000000000000000000F7
:108D7C0000000000000000000000000000000000E7
:108D8C0000000000000000000000000000000000D7
:108D9C0000000000000000000000000000000000C7
:108DAC0000000000000000000000000000000000B7
:108DBC0000000000000000000000000000000000A7
:108DCC000000000000000000000000000000000097
:108DDC000000000000000000000000000000000087
:108DEC000000000000000000000000000000000077
:108DFC000000000000000000000000000000000067
:108E0C000000000000000000000000000000000056
:108E1C000000000000000000000000000000000046
:108E2C000000000000000000000000000000000036
:108E3C000000000000000000000000000000000026
:108E4C000000000000000000000000000000000016
:108E5C000000000000000000000000000000000006
:108E6C0000000000000000000000000000000000F6
:108E7C0000000000000000000000000000000000E6
:108E8C0000000000000000000000000000000000D6
:108E9C0000000000000000000000000000000000C6
:108EAC0000000000000000000000000000000000B6
:108EBC0000000000000000000000000000000000A6
:108ECC000000000000000000000000000000000096
:108EDC000000000000000000000000000000000086
:108EEC000000000000000000000000000000000076
:108EFC000000000000000000000000000000000066
:108F0C000000000000000000000000000000000055
:108F1C000000000000000000000000000000000045
:108F2C000000000000000000000000000000000035
:108F3C000000000000000000000000000000000025
:108F4C000000000000000000000000000000000015
:108F5C000000000000000000000000000000000005
:108F6C0000000000000000000000000000000000F5
:108F7C0000000000000000000000000000000000E5
:108F8C0000000000000000000000000000000000D5
:108F9C0000000000000000000000000000000000C5
:108FAC0000000000000000000000000000000000B5
:108FBC0000000000000000000000000000000000A5
:108FCC000000000000000000000000000000000095
:108FDC000000000000000000000000000000000085
:108FEC000000000000000000000000000000000075
:108FFC000000000000000000000000000000000065
:10900C000000000000000000000000000000000054
:10901C000000000000000000000000000000000044
:10902C000000000000000000000000000000000034
:10903C000000000000000000000000000000000024
:10904C000000000000000000000000000000000014
:10905C000000000000000000000000000000000004
:10906C0000000000000000000000000000000000F4
:10907C0000000000000000000000000000000000E4
:10908C0000000000000000000000000000000000D4
:10909C0000000000000000000000000000000000C4
:1090AC0000000000000000000000000000000000B4
:1090BC0000000000000000000000000000000000A4
:1090CC000000000000000000000000000000000094
:1090DC000000000000000000000000000000000084
:1090EC000000000000000000000000000000000074
:1090FC000000000000000000000000000000000064
:10910C000000000000000000000000000000000053
:10911C000000000000000000000000000000000043
:10912C000000000000000000000000000000000033
:10913C000000000000000000000000000000000023
:10914C000000000000000000000000000000000013
:10915C000000000000000000000000000000000003
:10916C0000000000000000000000000000000000F3
:10917C0000000000000000000000000000000000E3
:10918C0000000000000000000000000000000000D3
:10919C0000000000000000000000000000000000C3
:1091AC0000000000000000000000000000000000B3
:1091BC0000000000000000000000000000000000A3
:1091CC000000000000000000000000000000000093
:1091DC000000000000000000000000000000000083
:1091EC000000000000000000000000000000000073
:1091FC000000000000000000000000000000000063
:10920C000000000000000000000000000000000052
:10921C000000000000000000000000000000000042
:10922C000000000000000000000000000000000032
:10923C000000000000000000000000000000000022
:10924C000000000000000000000000000000000012
:10925C000000000000000000000000000000000002
:10926C0000000000000000000000000000000000F2
:10927C0000000000000000000000000000000000E2
:10928C0000000000000000000000000000000000D2
:10929C0000000000000000000000000000000000C2
:1092AC0000000000000000000000000000000000B2
:1092BC0000000000000000000000000000000000A2
:1092CC000000000000000000000000000000000092
:1092DC000000000000000000000000000000000082
:1092EC000000000000000000000000000000000072
:1092FC000000000000000000000000000000000062
:10930C000000000000000000000000000000000051
:10931C000000000000000000000000000000000041
:10932C000000000000000000000000000000000031
:10933C000000000000000000000000000000000021
:10934C000000000000000000000000000000000011
:10935C000000000000000000000000000000000001
:10936C0000000000000000000000000000000000F1
:10937C0000000000000000000000000000000000E1
:10938C0000000000000000000000000000000000D1
:10939C0000000000000000000000000000000000C1
:1093AC0000000000000000000000000000000000B1
:1093BC0000000000000000000000000000000000A1
:1093CC000000000000000000000000000000000091
:1093DC000000000000000000000000000000000081
:1093EC000000000000000000000000000000000071
:1093FC000000000000000000000000000000000061
:10940C000000000000000000000000000000000050
:10941C000000000000000000000000000000000040
:10942C000000000000000000000000000000000030
:10943C000000000000000000000000000000000020
:10944C000000000000000000000000000000000010
:10945C000000000000000000000000000000000000
:10946C0000000000000000000000000000000000F0
:10947C0000000000000000000000000000000000E0
:10948C0000000000000000000000000000000000D0
:10949C0000000000000000000000000000000000C0
:1094AC0000000000000000000000000000000000B0
:1094BC0000000000000000000000000000000000A0
:1094CC000000000000000000000000000000000090
:1094DC000000000000000000000000000000000080
:1094EC000000000000000000000000000000000070
:1094FC000000000000000000000000000000000060
:10950C00000000000000000000000000000000004F
:10951C00000000000000000000000000000000003F
:10952C00000000000000000000000000000000002F
:10953C00000000000000000000000000000000001F
:10954C00000000000000000000000000000000000F
:10955C0000000000000000000000000000000000FF
:10956C0000000000000000000000000000000000EF
:10957C0000000000000000000000000000000000DF
:10958C0000000000000000000000000000000000CF
:10959C0000000000000000000000000000000000BF
:1095AC0000000000000000000000000000000000AF
:1095BC00000000000000000000000000000000009F
:1095CC00000000000000000000000000000000008F
:1095DC00000000000000000000000000000000007F
:1095EC00000000000000000000000000000000006F
:1095FC00000000000000000000000000000000005F
:10960C00000000000000000000000000000000004E
:10961C00000000000000000000000000000000003E
:10962C00000000000000000000000000000000002E
:10963C00000000000000000000000000000000001E
:10964C00000000000000000000000000000000000E
:10965C0000000000000000000000000000000000FE
:10966C0000000000000000000000000000000000EE
:10967C0000000000000000000000000000000000DE
:10968C0000000000000000000000000000000000CE
:10969C0000000000000000000000000000000000BE
:1096AC0000000000000000000000000000000000AE
:1096BC00000000000000000000000000000000009E
:1096CC00000000000000000000000000000000008E
:1096DC00000000000000000000000000000000007E
:1096EC00000000000000000000000000000000006E
:1096FC00000000000000000000000000000000005E
:10970C00000000000000000000000000000000004D
:10971C00000000000000000000000000000000003D
:10972C00000000000000000000000000000000002D
:10973C00000000000000000000000000000000001D
:10974C00000000000000000000000000000000000D
:10975C0000000000000000000000000000000000FD
:10976C0000000000000000000000000000000000ED
:10977C0000000000000000000000000000000000DD
:10978C0000000000000000000000000000000000CD
:10979C0000000000000000000000000000000000BD
:1097AC0000000000000000000000000000000000AD
:1097BC00000000000000000000000000000000009D
:1097CC00000000000000000000000000000000008D
:1097DC00000000000000000000000000000000007D
:1097EC00000000000000000000000000000000006D
:1097FC00000000000000000000000000000000005D
:10980C00000000000000000000000000000000004C
:10981C00000000000000000000000000000000003C
:10982C00000000000000000000000000000000002C
:10983C00000000000000000000000000000000001C
:10984C00000000000000000000000000000000000C
:10985C0000000000000000000000000000000000FC
:10986C0000000000000000000000000000000000EC
:10987C0000000000000000000000000000000000DC
:10988C0000000000000000000000000000000000CC
:10989C0000000000000000000000000000000000BC
:1098AC0000000000000000000000000000000000AC
:1098BC00000000000000000000000000000000009C
:1098CC00000000000000000000000000000000008C
:1098DC00000000000000000000000000000000007C
:1098EC00000000000000000000000000000000006C
:1098FC00000000000000000000000000000000005C
:10990C00000000000000000000000000000000004B
:10991C00000000000000000000000000000000003B
:10992C00000000000000000000000000000000002B
:10993C00000000000000000000000000000000001B
:10994C00000000000000000000000000000000000B
:10995C0000000000000000000000000000000000FB
:10996C0000000000000000000000000000000000EB
:10997C0000000000000000000000000000000000DB
:10998C0000000000000000000000000000000000CB
:10999C0000000000000000000000000000000000BB
:1099AC0000000000000000000000000000000000AB
:1099BC00000000000000000000000000000000009B
:1099CC00000000000000000000000000000000008B
:1099DC00000000000000000000000000000000007B
:1099EC00000000000000000000000000000000006B
:1099FC00000000000000000000000000000000005B
:109A0C00000000000000000000000000000000004A
:109A1C00000000000000000000000000000000003A
:109A2C00000000000000000000000000000000002A
:109A3C00000000000000000000000000000000001A
:109A4C00000000000000000000000000000000000A
:109A5C0000000000000000000000000000000000FA
:109A6C0000000000000000000000000000000000EA
:109A7C0000000000000000000000000000000000DA
:109A8C0000000000000000000000000000000000CA
:109A9C0000000000000000000000000000000000BA
:109AAC0000000000000000000000000000000000AA
:109ABC00000000000000000000000000000000009A
:109ACC00000000000000000000000000000000008A
:109ADC00000000000000000000000000000000007A
:109AEC00000000000000000000000000000000006A
:109AFC00000000000000000000000000000000005A
:109B0C000000000000000000000000000000000049
:109B1C000000000000000000000000000000000039
:109B2C000000000000000000000000000000000029
:109B3C000000000000000000000000000000000019
:109B4C000000000000000000000000000000000009
:109B5C0000000000000000000000000000000000F9
:109B6C0000000000000000000000000000000000E9
:109B7C0000000000000000000000000000000000D9
:109B8C0000000000000000000000000000000000C9
:109B9C0000000000000000000000000000000000B9
:109BAC0000000000000000000000000000000000A9
:109BBC000000000000000000000000000000000099
:109BCC000000000000000000000000000000000089
:109BDC000000000000000000000000000000000079
:109BEC000000000000000000000000000000000069
:109BFC000000000000000000000000000000000059
:109C0C000000000000000000000000000000000048
:109C1C000000000000000000000000000000000038
:109C2C000000000000000000000000000000000028
:109C3C000000000000000000000000000000000018
:109C4C000000000000000000000000000000000008
:109C5C0000000000000000000000000000000000F8
:109C6C0000000000000000000000000000000000E8
:109C7C0000000000000000000000000000000000D8
:109C8C0000000000000000000000000000000000C8
:109C9C0000000000000000000000000000000000B8
:109CAC0000000000000000000000000000000000A8
:109CBC000000000000000000000000000000000098
:109CCC000000000000000000000000000000000088
:109CDC000000000000000000000000000000000078
:109CEC000000000000000000000000000000000068
:109CFC000000000000000000000000000000000058
:109D0C000000000000000000000000000000000047
:109D1C000000000000000000000000000000000037
:109D2C000000000000000000000000000000000027
:109D3C000000000000000000000000000000000017
:109D4C000000000000000000000000000000000007
:109D5C0000000000000000000000000000000000F7
:109D6C0000000000000000000000000000000000E7
:109D7C0000000000000000000000000000000000D7
:109D8C0000000000000000000000000000000000C7
:109D9C0000000000000000000000000000000000B7
:109DAC0000000000000000000000000000000000A7
:109DBC000000000000000000000000000000000097
:109DCC000000000000000000000000000000000087
:109DDC000000000000000000000000000000000077
:109DEC000000000000000000000000000000000067
:109DFC000000000000000000000000000000000057
:109E0C000000000000000000000000000000000046
:109E1C000000000000000000000000000000000036
:109E2C000000000000000000000000000000000026
:109E3C000000000000000000000000000000000016
:109E4C000000000000000000000000000000000006
:109E5C0000000000000000000000000000000000F6
:109E6C0000000000000000000000000000000000E6
:109E7C0000000000000000000000000000000000D6
:109E8C0000000000000000000000000000000000C6
:109E9C0000000000000000000000000000000000B6
:109EAC0000000000000000000000000000000000A6
:109EBC000000000000000000000000000000000096
:109ECC000000000000000000000000000000000086
:109EDC000000000000000000000000000000000076
:109EEC000000000000000000000000000000000066
:109EFC000000000000000000000000000000000056
:109F0C000000000000000000000000000000000045
:109F1C000000000000000000000000000000000035
:109F2C000000000000000000000000000000000025
:109F3C000000000000000000000000000000000015
:109F4C000000000000000000000000000000000005
:109F5C0000000000000000000000000000000000F5
:109F6C0000000000000000000000000000000000E5
:109F7C0000000000000000000000000000000000D5
:109F8C0000000000000000000000000000000000C5
:109F9C0000000000000000000000000000000000B5
:109FAC0000000000000000000000000000000000A5
:109FBC000000000000000000000000000000000095
:109FCC000000000000000000000000000000000085
:109FDC000000000000000000000000000000000075
:109FEC000000000000000000000000000000000065
:109FFC000000000000000000000000000000000055
:10A00C000000000000000000000000000000000044
:10A01C000000000000000000000000000000000034
:10A02C000000000000000000000000000000000024
:10A03C000000000000000000000000000000000014
:10A04C000000000000000000000000000000000004
:10A05C0000000000000000000000000000000000F4
:10A06C0000000000000000000000000000000000E4
:10A07C0000000000000000000000000000000000D4
:10A08C0000000000000000000000000000000000C4
:10A09C0000000000000000000000000000000000B4
:10A0AC0000000000000000000000000000000000A4
:10A0BC000000000000000000000000000000000094
:10A0CC000000000000000000000000000000000084
:10A0DC000000000000000000000000000000000074
:10A0EC000000000000000000000000000000000064
:10A0FC000000000000000000000000000000000054
:10A10C000000000000000000000000000000000043
:10A11C000000000000000000000000000000000033
:10A12C000000000000000000000000000000000023
:10A13C000000000000000000000000000000000013
:10A14C000000000000000000000000000000000003
:10A15C0000000000000000000000000000000000F3
:10A16C0000000000000000000000000000000000E3
:10A17C0000000000000000000000000000000000D3
:10A18C0000000000000000000000000000000000C3
:10A19C0000000000000000000000000000000000B3
:10A1AC0000000000000000000000000000000000A3
:10A1BC000000000000000000000000000000000093
:10A1CC000000000000000000000000000000000083
:10A1DC000000000000000000000000000000000073
:10A1EC000000000000000000000000000000000063
:10A1FC000000000000000000000000000000000053
:10A20C000000000000000000000000000000000042
:10A21C000000000000000000000000000000000032
:10A22C000000000000000000000000000000000022
:10A23C000000000000000000000000000000000012
:10A24C000000000000000000000000000000000002
:10A25C0000000000000000000000000000000000F2
:10A26C0000000000000000000000000000000000E2
:10A27C0000000000000000000000000000000000D2
:10A28C0000000000000000000000000000000000C2
:10A29C0000000000000000000000000000000000B2
:10A2AC0000000000000000000000000000000000A2
:10A2BC000000000000000000000000000000000092
:10A2CC000000000000000000000000000000000082
:10A2DC000000000000000000000000000000000072
:10A2EC000000000000000000000000000000000062
:10A2FC000000000000000000000000000000000052
:10A30C000000000000000000000000000000000041
:10A31C000000000000000000000000000000000031
:10A32C000000000000000000000000000000000021
:10A33C000000000000000000000000000000000011
:10A34C000000000000000000000000000000000001
:10A35C0000000000000000000000000000000000F1
:10A36C0000000000000000000000000000000000E1
:10A37C0000000000000000000000000000000000D1
:10A38C0000000000000000000000000000000000C1
:10A39C0000000000000000000000000000000000B1
:10A3AC0000000000000000000000000000000000A1
:10A3BC000000000000000000000000000000000091
:10A3CC000000000000000000000000000000000081
:10A3DC000000000000000000000000000000000071
:10A3EC000000000000000000000000000000000061
:10A3FC000000000000000000000000000000000051
:10A40C000000000000000000000000000000000040
:10A41C000000000000000000000000000000000030
:10A42C000000000000000000000000000000000020
:10A43C000000000000000000000000000000000010
:10A44C000000000000000000000000000000000000
:10A45C0000000000000000000000000000000000F0
:10A46C0000000000000000000000000000000000E0
:10A47C0000000000000000000000000000000000D0
:10A48C0000000000000000000000000000000000C0
:10A49C0000000000000000000000000000000000B0
:10A4AC0000000000000000000000000000000000A0
:10A4BC000000000000000000000000000000000090
:10A4CC000000000000000000000000000000000080
:10A4DC000000000000000000000000000000000070
:10A4EC000000000000000000000000000000000060
:10A4FC000000000000000000000000000000000050
:10A50C00000000000000000000000000000000003F
:10A51C00000000000000000000000000000000002F
:10A52C00000000000000000000000000000000001F
:10A53C00000000000000000000000000000000000F
:10A54C0000000000000000000000000000000000FF
:10A55C0000000000000000000000000000000000EF
:10A56C0000000000000000000000000000000000DF
:10A57C0000000000000000000000000000000000CF
:10A58C0000000000000000000000000000000000BF
:10A59C0000000000000000000000000000000000AF
:10A5AC00000000000000000000000000000000009F
:10A5BC00000000000000000000000000000000008F
:10A5CC00000000000000000000000000000000007F
:10A5DC00000000000000000000000000000000006F
:10A5EC00000000000000000000000000000000005F
:10A5FC00000000000000000000000000000000004F
:10A60C00000000000000000000000000000000003E
:10A61C00000000000000000000000000000000002E
:10A62C00000000000000000000000000000000001E
:10A63C00000000000000000000000000000000000E
:10A64C0000000000000000000000000000000000FE
:10A65C0000000000000000000000000000000000EE
:10A66C0000000000000000000000000000000000DE
:10A67C0000000000000000000000000000000000CE
:10A68C0000000000000000000000000000000000BE
:10A69C0000000000000000000000000000000000AE
:10A6AC00000000000000000000000000000000009E
:10A6BC00000000000000000000000000000000008E
:10A6CC00000000000000000000000000000000007E
:10A6DC00000000000000000000000000000000006E
:10A6EC00000000000000000000000000000000005E
:10A6FC00000000000000000000000000000000004E
:10A70C00000000000000000000000000000000003D
:10A71C00000000000000000000000000000000002D
:10A72C00000000000000000000000000000000001D
:10A73C00000000000000000000000000000000000D
:10A74C0000000000000000000000000000000000FD
:10A75C0000000000000000000000000000000000ED
:10A76C0000000000000000000000000000000000DD
:10A77C0000000000000000000000000000000000CD
:10A78C0000000000000000000000000000000000BD
:10A79C0000000000000000000000000000000000AD
:10A7AC00000000000000000000000000000000009D
:10A7BC00000000000000000000000000000000008D
:10A7CC00000000000000000000000000000000007D
:10A7DC00000000000000000000000000000000006D
:10A7EC00000000000000000000000000000000005D
:10A7FC00000000000000000000000000000000004D
:10A80C00000000000000000000000000000000003C
:10A81C00000000000000000000000000000000002C
:10A82C00000000000000000000000000000000001C
:10A83C00000000000000000000000000000000000C
:10A84C0000000000000000000000000000000000FC
:10A85C0000000000000000000000000000000000EC
:10A86C0000000000000000000000000000000000DC
:10A87C0000000000000000000000000000000000CC
:10A88C0000000000000000000000000000000000BC
:10A89C0000000000000000000000000000000000AC
:10A8AC00000000000000000000000000000000009C
:10A8BC00000000000000000000000000000000008C
:10A8CC00000000000000000000000000000000007C
:10A8DC00000000000000000000000000000000006C
:10A8EC00000000000000000000000000000000005C
:10A8FC00000000000000000000000000000000004C
:10A90C00000000000000000000000000000000003B
:10A91C00000000000000000000000000000000002B
:10A92C00000000000000000000000000000000001B
:10A93C00000000000000000000000000000000000B
:10A94C0000000000000000000000000000000000FB
:10A95C0000000000000000000000000000000000EB
:10A96C0000000000000000000000000000000000DB
:10A97C0000000000000000000000000000000000CB
:10A98C0000000000000000000000000000000000BB
:10A99C0000000000000000000000000000000000AB
:10A9AC00000000000000000000000000000000009B
:10A9BC00000000000000000000000000000000008B
:10A9CC00000000000000000000000000000000007B
:10A9DC00000000000000000000000000000000006B
:10A9EC00000000000000000000000000000000005B
:10A9FC00000000000000000000000000000000004B
:10AA0C00000000000000000000000000000000003A
:10AA1C00000000000000000000000000000000002A
:10AA2C00000000000000000000000000000000001A
:10AA3C00000000000000000000000000000000000A
:10AA4C0000000000000000000000000000000000FA
:10AA5C0000000000000000000000000000000000EA
:10AA6C0000000000000000000000000000000000DA
:10AA7C0000000000000000000000000000000000CA
:10AA8C0000000000000000000000000000000000BA
:10AA9C0000000000000000000000000000000000AA
:10AAAC00000000000000000000000000000000009A
:10AABC00000000000000000000000000000000008A
:10AACC00000000000000000000000000000000007A
:10AADC00000000000000000000000000000000006A
:10AAEC00000000000000000000000000000000005A
:10AAFC00000000000000000000000000000000004A
:10AB0C000000000000000000000000000000000039
:10AB1C000000000000000000000000000000000029
:10AB2C000000000000000000000000000000000019
:10AB3C000000000000000000000000000000000009
:10AB4C0000000000000000000000000000000000F9
:10AB5C0000000000000000000000000000000000E9
:10AB6C0000000000000000000000000000000000D9
:10AB7C0000000000000000000000000000000000C9
:10AB8C0000000000000000000000000000000000B9
:10AB9C0000000000000000000000000000000000A9
:10ABAC000000000000000000000000000000000099
:10ABBC000000000000000000000000000000000089
:10ABCC000000000000000000000000000000000079
:10ABDC000000000000000000000000000000000069
:10ABEC000000000000000000000000000000000059
:10ABFC000000000000000000000000000000000049
:10AC0C000000000000000000000000000000000038
:10AC1C000000000000000000000000000000000028
:10AC2C000000000000000000000000000000000018
:10AC3C000000000000000000000000000000000008
:10AC4C0000000000000000000000000000000000F8
:10AC5C0000000000000000000000000000000000E8
:10AC6C0000000000000000000000000000000000D8
:10AC7C0000000000000000000000000000000000C8
:10AC8C0000000000000000000000000000000000B8
:10AC9C0000000000000000000000000000000000A8
:10ACAC000000000000000000000000000000000098
:10ACBC000000000000000000000000000000000088
:10ACCC000000000000000000000000000000000078
:10ACDC000000000000000000000000000000000068
:10ACEC000000000000000000000000000000000058
:10ACFC000000000000000000000000000000000048
:10AD0C000000000000000000000000000000000037
:10AD1C000000000000000000000000000000000027
:10AD2C000000000000000000000000000000000017
:10AD3C000000000000000000000000000000000007
:10AD4C0000000000000000000000000000000000F7
:10AD5C0000000000000000000000000000000000E7
:10AD6C0000000000000000000000000000000000D7
:10AD7C0000000000000000000000000000000000C7
:10AD8C0000000000000000000000000000000000B7
:10AD9C0000000000000000000000000000000000A7
:10ADAC000000000000000000000000000000000097
:10ADBC000000000000000000000000000000000087
:10ADCC000000000000000000000000000000000077
:10ADDC000000000000000000000000000000000067
:10ADEC000000000000000000000000000000000057
:10ADFC000000000000000000000000000000000047
:10AE0C000000000000000000000000000000000036
:10AE1C000000000000000000000000000000000026
:10AE2C000000000000000000000000000000000016
:10AE3C000000000000000000000000000000000006
:10AE4C0000000000000000000000000000000000F6
:10AE5C0000000000000000000000000000000000E6
:10AE6C0000000000000000000000000000000000D6
:10AE7C0000000000000000000000000000000000C6
:10AE8C0000000000000000000000000000000000B6
:10AE9C0000000000000000000000000000000000A6
:10AEAC000000000000000000000000000000000096
:10AEBC000000000000000000000000000000000086
:10AECC000000000000000000000000000000000076
:10AEDC000000000000000000000000000000000066
:10AEEC000000000000000000000000000000000056
:10AEFC000000000000000000000000000000000046
:10AF0C000000000000000000000000000000000035
:10AF1C000000000000000000000000000000000025
:10AF2C000000000000000000000000000000000015
:10AF3C000000000000000000000000000000000005
:10AF4C0000000000000000000000000000000000F5
:10AF5C0000000000000000000000000000000000E5
:10AF6C0000000000000000000000000000000000D5
:10AF7C0000000000000000000000000000000000C5
:10AF8C0000000000000000000000000000000000B5
:10AF9C0000000000000000000000000000000000A5
:10AFAC000000000000000000000000000000000095
:10AFBC000000000000000000000000000000000085
:10AFCC000000000000000000000000000000000075
:10AFDC000000000000000000000000000000000065
:10AFEC000000000000000000000000000000000055
:10AFFC000000000000000000000000000000000045
:10B00C000000000000000000000000000000000034
:10B01C000000000000000000000000000000000024
:10B02C000000000000000000000000000000000014
:10B03C000000000000000000000000000000000004
:10B04C0000000000000000000000000000000000F4
:10B05C0000000000000000000000000000000000E4
:10B06C0000000000000000000000000000000000D4
:10B07C0000000000000000000000000000000000C4
:10B08C0000000000000000000000000000000000B4
:10B09C0000000000000000000000000000000000A4
:10B0AC000000000000000000000000000000000094
:10B0BC000000000000000000000000000000000084
:10B0CC000000000000000000000000000000000074
:10B0DC000000000000000000000000000000000064
:10B0EC000000000000000000000000000000000054
:10B0FC000000000000000000000000000000000044
:10B10C000000000000000000000000000000000033
:10B11C000000000000000000000000000000000023
:10B12C000000000000000000000000000000000013
:10B13C000000000000000000000000000000000003
:10B14C0000000000000000000000000000000000F3
:10B15C0000000000000000000000000000000000E3
:10B16C0000000000000000000000000000000000D3
:10B17C0000000000000000000000000000000000C3
:10B18C0000000000000000000000000000000000B3
:10B19C0000000000000000000000000000000000A3
:10B1AC000000000000000000000000000000000093
:10B1BC000000000000000000000000000000000083
:10B1CC000000000000000000000000000000000073
:10B1DC000000000000000000000000000000000063
:10B1EC000000000000000000000000000000000053
:10B1FC000000000000000000000000000000000043
:10B20C000000000000000000000000000000000032
:10B21C000000000000000000000000000000000022
:10B22C000000000000000000000000000000000012
:10B23C000000000000000000000000000000000002
:10B24C0000000000000000000000000000000000F2
:10B25C0000000000000000000000000000000000E2
:10B26C0000000000000000000000000000000000D2
:10B27C0000000000000000000000000000000000C2
:10B28C0000000000000000000000000000000000B2
:10B29C0000000000000000000000000000000000A2
:10B2AC000000000000000000000000000000000092
:10B2BC000000000000000000000000000000000082
:10B2CC000000000000000000000000000000000072
:10B2DC000000000000000000000000000000000062
:10B2EC000000000000000000000000000000000052
:10B2FC000000000000000000000000000000000042
:10B30C000000000000000000000000000000000031
:10B31C000000000000000000000000000000000021
:10B32C000000000000000000000000000000000011
:10B33C000000000000000000000000000000000001
:10B34C0000000000000000000000000000000000F1
:10B35C0000000000000000000000000000000000E1
:10B36C0000000000000000000000000000000000D1
:10B37C0000000000000000000000000000000000C1
:10B38C0000000000000000000000000000000000B1
:10B39C0000000000000000000000000000000000A1
:10B3AC000000000000000000000000000000000091
:10B3BC000000000000000000000000000000000081
:10B3CC000000000000000000000000000000000071
:10B3DC000000000000000000000000000000000061
:10B3EC000000000000000000000000000000000051
:10B3FC000000000000000000000000000000000041
:10B40C000000000000000000000000000000000030
:10B41C000000000000000000000000000000000020
:10B42C000000000000000000000000000000000010
:10B43C000000000000000000000000000000000000
:10B44C0000000000000000000000000000000000F0
:10B45C0000000000000000000000000000000000E0
:10B46C0000000000000000000000000000000000D0
:10B47C0000000000000000000000000000000000C0
:10B48C0000000000000000000000000000000000B0
:10B49C0000000000000000000000000000000000A0
:10B4AC000000000000000000000000000000000090
:10B4BC000000000000000000000000000000000080
:10B4CC000000000000000000000000000000000070
:10B4DC000000000000000000000000000000000060
:10B4EC000000000000000000000000000000000050
:10B4FC000000000000000000000000000000000040
:10B50C00000000000000000000000000000000002F
:10B51C00000000000000000000000000000000001F
:10B52C00000000000000000000000000000000000F
:10B53C0000000000000000000000000000000000FF
:10B54C0000000000000000000000000000000000EF
:10B55C0000000000000000000000000000000000DF
:10B56C0000000000000000000000000000000000CF
:10B57C0000000000000000000000000000000000BF
:10B58C0000000000000000000000000000000000AF
:10B59C00000000000000000000000000000000009F
:10B5AC00000000000000000000000000000000008F
:10B5BC00000000000000000000000000000000007F
:10B5CC00000000000000000000000000000000006F
:10B5DC00000000000000000000000000000000005F
:10B5EC00000000000000000000000000000000004F
:10B5FC00000000000000000000000000000000003F
:10B60C00000000000000000000000000000000002E
:10B61C00000000000000000000000000000000001E
:10B62C00000000000000000000000000000000000E
:10B63C0000000000000000000000000000000000FE
:10B64C0000000000000000000000000000000000EE
:10B65C0000000000000000000000000000000000DE
:10B66C0000000000000000000000000000000000CE
:10B67C0000000000000000000000000000000000BE
:10B68C0000000000000000000000000000000000AE
:10B69C00000000000000000000000000000000009E
:10B6AC00000000000000000000000000000000008E
:10B6BC00000000000000000000000000000000007E
:10B6CC00000000000000000000000000000000006E
:10B6DC00000000000000000000000000000000005E
:10B6EC00000000000000000000000000000000004E
:10B6FC00000000000000000000000000000000003E
:10B70C00000000000000000000000000000000002D
:10B71C00000000000000000000000000000000001D
:10B72C00000000000000000000000000000000000D
:10B73C0000000000000000000000000000000000FD
:10B74C0000000000000000000000000000000000ED
:10B75C0000000000000000000000000000000000DD
:10B76C0000000000000000000000000000000000CD
:10B77C0000000000000000000000000000000000BD
:10B78C0000000000000000000000000000000000AD
:10B79C00000000000000000000000000000000009D
:10B7AC00000000000000000000000000000000008D
:10B7BC00000000000000000000000000000000007D
:10B7CC00000000000000000000000000000000006D
:10B7DC00000000000000000000000000000000005D
:10B7EC00000000000000000000000000000000004D
:10B7FC00000000000000000000000000000000003D
:10B80C00000000000000000000000000000000002C
:10B81C00000000000000000000000000000000001C
:10B82C00000000000000000000000000000000000C
:10B83C0000000000000000000000000000000000FC
:10B84C0000000000000000000000000000000000EC
:10B85C0000000000000000000000000000000000DC
:10B86C0000000000000000000000000000000000CC
:10B87C0000000000000000000000000000000000BC
:10B88C0000000000000000000000000000000000AC
:10B89C00000000000000000000000000000000009C
:10B8AC00000000000000000000000000000000008C
:10B8BC00000000000000000000000000000000007C
:10B8CC00000000000000000000000000000000006C
:10B8DC00000000000000000000000000000000005C
:10B8EC00000000000000000000000000000000004C
:10B8FC00000000000000000000000000000000003C
:10B90C00000000000000000000000000000000002B
:10B91C00000000000000000000000000000000001B
:10B92C00000000000000000000000000000000000B
:10B93C0000000000000000000000000000000000FB
:10B94C0000000000000000000000000000000000EB
:10B95C0000000000000000000000000000000000DB
:10B96C0000000000000000000000000000000000CB
:10B97C0000000000000000000000000000000000BB
:10B98C0000000000000000000000000000000000AB
:10B99C00000000000000000000000000000000009B
:10B9AC00000000000000000000000000000000008B
:10B9BC00000000000000000000000000000000007B
:10B9CC00000000000000000000000000000000006B
:10B9DC00000000000000000000000000000000005B
:10B9EC00000000000000000000000000000000004B
:10B9FC00000000000000000000000000000000003B
:10BA0C00000000000000000000000000000000002A
:10BA1C00000000000000000000000000000000001A
:10BA2C00000000000000000000000000000000000A
:10BA3C0000000000000000000000000000000000FA
:10BA4C0000000000000000000000000000000000EA
:10BA5C0000000000000000000000000000000000DA
:10BA6C0000000000000000000000000000000000CA
:10BA7C0000000000000000000000000000000000BA
:10BA8C0000000000000000000000000000000000AA
:10BA9C00000000000000000000000000000000009A
:10BAAC00000000000000000000000000000000008A
:10BABC00000000000000000000000000000000007A
:10BACC00000000000000000000000000000000006A
:10BADC00000000000000000000000000000000005A
:10BAEC00000000000000000000000000000000004A
:10BAFC00000000000000000000000000000000003A
:10BB0C000000000000000000000000000000000029
:10BB1C000000000000000000000000000000000019
:10BB2C000000000000000000000000000000000009
:10BB3C0000000000000000000000000000000000F9
:10BB4C0000000000000000000000000000000000E9
:10BB5C0000000000000000000000000000000000D9
:10BB6C0000000000000000000000000000000000C9
:10BB7C0000000000000000000000000000000000B9
:10BB8C0000000000000000000000000000000000A9
:10BB9C000000000000000000000000000000000099
:10BBAC000000000000000000000000000000000089
:10BBBC000000000000000000000000000000000079
:10BBCC000000000000000000000000000000000069
:10BBDC000000000000000000000000000000000059
:10BBEC000000000000000000000000000000000049
:10BBFC000000000000000000000000000000000039
:10BC0C000000000000000000000000000000000028
:10BC1C000000000000000000000000000000000018
:10BC2C000000000000000000000000000000000008
:10BC3C0000000000000000000000000000000000F8
:10BC4C0000000000000000000000000000000000E8
:10BC5C0000000000000000000000000000000000D8
:10BC6C0000000000000000000000000000000000C8
:10BC7C0000000000000000000000000000000000B8
:10BC8C0000000000000000000000000000000000A8
:10BC9C000000000000000000000000000000000098
:10BCAC000000000000000000000000000000000088
:10BCBC000000000000000000000000000000000078
:10BCCC000000000000000000000000000000000068
:10BCDC000000000000000000000000000000000058
:10BCEC000000000000000000000000000000000048
:10BCFC000000000000000000000000000000000038
:10BD0C000000000000000000000000000000000027
:10BD1C000000000000000000000000000000000017
:10BD2C000000000000000000000000000000000007
:10BD3C0000000000000000000000000000000000F7
:10BD4C0000000000000000000000000000000000E7
:10BD5C0000000000000000000000000000000000D7
:10BD6C0000000000000000000000000000000000C7
:10BD7C0000000000000000000000000000000000B7
:10BD8C0000000000000000000000000000000000A7
:10BD9C000000000000000000000000000000000097
:10BDAC000000000000000000000000000000000087
:10BDBC000000000000000000000000000000000077
:10BDCC000000000000000000000000000000000067
:10BDDC000000000000000000000000000000000057
:10BDEC000000000000000000000000000000000047
:10BDFC000000000000000000000000000000000037
:10BE0C000000000000000000000000000000000026
:10BE1C000000000000000000000000000000000016
:10BE2C000000000000000000000000000000000006
:10BE3C0000000000000000000000000000000000F6
:10BE4C0000000000000000000000000000000000E6
:10BE5C0000000000000000000000000000000000D6
:10BE6C0000000000000000000000000000000000C6
:10BE7C0000000000000000000000000000000000B6
:10BE8C0000000000000000000000000000000000A6
:10BE9C000000000000000000000000000000000096
:10BEAC000000000000000000000000000000000086
:10BEBC000000000000000000000000000000000076
:10BECC000000000000000000000000000000000066
:10BEDC000000000000000000000000000000000056
:10BEEC000000000000000000000000000000000046
:10BEFC000000000000000000000000000000000036
:10BF0C000000000000000000000000000000000025
:10BF1C000000000000000000000000000000000015
:10BF2C000000000000000000000000000000000005
:10BF3C0000000000000000000000000000000000F5
:10BF4C0000000000000000000000000000000000E5
:10BF5C0000000000000000000000000000000000D5
:10BF6C0000000000000000000000000000000000C5
:10BF7C0000000000000000000000000000000000B5
:10BF8C0000000000000000000000000000000000A5
:10BF9C000000000000000000000000000000000095
:10BFAC000000000000000000000000000000000085
:10BFBC000000000000000000000000000000000075
:10BFCC000000000000000000000000000000000065
:10BFDC000000000000000000000000000000000055
:10BFEC000000000000000000000000000000000045
:10BFFC000000000000000000000000000000000035
:10C00C000000000000000000000000000000000024
:10C01C000000000000000000000000000000000014
:10C02C000000000000000000000000000000000004
:10C03C0000000000000000000000000000000000F4
:10C04C0000000000000000000000000000000000E4
:10C05C0000000000000000000000000000000000D4
:10C06C0000000000000000000000000000000000C4
:10C07C0000000000000000000000000000000000B4
:10C08C0000000000000000000000000000000000A4
:10C09C000000000000000000000000000000000094
:10C0AC000000000000000000000000000000000084
:10C0BC000000000000000000000000000000000074
:10C0CC000000000000000000000000000000000064
:10C0DC000000000000000000000000000000000054
:10C0EC000000000000000000000000000000000044
:10C0FC000000000000000000000000000000000034
:10C10C000000000000000000000000000000000023
:10C11C000000000000000000000000000000000013
:10C12C000000000000000000000000000000000003
:10C13C0000000000000000000000000000000000F3
:10C14C0000000000000000000000000000000000E3
:10C15C0000000000000000000000000000000000D3
:10C16C0000000000000000000000000000000000C3
:10C17C0000000000000000000000000000000000B3
:10C18C0000000000000000000000000000000000A3
:10C19C000000000000000000000000000000000093
:10C1AC000000000000000000000000000000000083
:10C1BC000000000000000000000000000000000073
:10C1CC000000000000000000000000000000000063
:10C1DC000000000000000000000000000000000053
:10C1EC000000000000000000000000000000000043
:10C1FC000000000000000000000000000000000033
:10C20C000000000000000000000000000000000022
:10C21C000000000000000000000000000000000012
:10C22C000000000000000000000000000000000002
:10C23C0000000000000000000000000000000000F2
:10C24C0000000000000000000000000000000000E2
:10C25C0000000000000000000000000000000000D2
:10C26C0000000000000000000000000000000000C2
:10C27C0000000000000000000000000000000000B2
:10C28C0000000000000000000000000000000000A2
:10C29C000000000000000000000000000000000092
:10C2AC000000000000000000000000000000000082
:10C2BC000000000000000000000000000000000072
:10C2CC000000000000000000000000000000000062
:10C2DC000000000000000000000000000000000052
:10C2EC000000000000000000000000000000000042
:10C2FC000000000000000000000000000000000032
:10C30C000000000000000000000000000000000021
:10C31C000000000000000000000000000000000011
:10C32C000000000000000000000000000000000001
:10C33C0000000000000000000000000000000000F1
:10C34C0000000000000000000000000000000000E1
:10C35C0000000000000000000000000000000000D1
:10C36C0000000000000000000000000000000000C1
:10C37C0000000000000000000000000000000000B1
:10C38C0000000000000000000000000000000000A1
:10C39C000000000000000000000000000000000091
:10C3AC000000000000000000000000000000000081
:10C3BC000000000000000000000000000000000071
:10C3CC000000000000000000000000000000000061
:10C3DC000000000000000000000000000000000051
:10C3EC000000000000000000000000000000000041
:10C3FC000000000000000000000000000000000031
:10C40C000000000000000000000000000000000020
:10C41C000000000000000000000000000000000010
:10C42C000000000000000000000000000000000000
:10C43C0000000000000000000000000000000000F0
:10C44C0000000000000000000000000000000000E0
:10C45C0000000000000000000000000000000000D0
:10C46C0000000000000000000000000000000000C0
:10C47C0000000000000000000000000000000000B0
:10C48C0000000000000000000000000000000000A0
:10C49C000000000000000000000000000000000090
:10C4AC000000000000000000000000000000000080
:10C4BC000000000000000000000000000000000070
:10C4CC000000000000000000000000000000000060
:10C4DC000000000000000000000000000000000050
:10C4EC000000000000000000000000000000000040
:10C4FC000000000000000000000000000000000030
:10C50C00000000000000000000000000000000001F
:10C51C00000000000000000000000000000000000F
:10C52C0000000000000000000000000000000000FF
:10C53C0000000000000000000000000000000000EF
:10C54C0000000000000000000000000000000000DF
:10C55C0000000000000000000000000000000000CF
:10C56C0000000000000000000000000000000000BF
:10C57C0000000000000000000000000000000000AF
:10C58C00000000000000000000000000000000009F
:10C59C00000000000000000000000000000000008F
:10C5AC00000000000000000000000000000000007F
:10C5BC00000000000000000000000000000000006F
:10C5CC00000000000000000000000000000000005F
:10C5DC00000000000000000000000000000000004F
:10C5EC00000000000000000000000000000000003F
:10C5FC00000000000000000000000000000000002F
:10C60C00000000000000000000000000000000001E
:10C61C00000000000000000000000000000000000E
:10C62C0000000000000000000000000000000000FE
:10C63C0000000000000000000000000000000000EE
:10C64C0000000000000000000000000000000000DE
:10C65C0000000000000000000000000000000000CE
:10C66C0000000000000000000000000000000000BE
:10C67C0000000000000000000000000000000000AE
:10C68C00000000000000000000000000000000009E
:10C69C00000000000000000000000000000000008E
:10C6AC00000000000000000000000000000000007E
:10C6BC00000000000000000000000000000000006E
:10C6CC00000000000000000000000000000000005E
:10C6DC00000000000000000000000000000000004E
:10C6EC00000000000000000000000000000000003E
:10C6FC00000000000000000000000000000000002E
:10C70C00000000000000000000000000000000001D
:10C71C00000000000000000000000000000000000D
:10C72C0000000000000000000000000000000000FD
:10C73C0000000000000000000000000000000000ED
:10C74C0000000000000000000000000000000000DD
:10C75C0000000000000000000000000000000000CD
:10C76C0000000000000000000000000000000000BD
:10C77C0000000000000000000000000000000000AD
:10C78C00000000000000000000000000000000009D
:10C79C00000000000000000000000000000000008D
:10C7AC00000000000000000000000000000000007D
:10C7BC00000000000000000000000000000000006D
:10C7CC00000000000000000000000000000000005D
:10C7DC00000000000000000000000000000000004D
:10C7EC00000000000000000000000000000000003D
:10C7FC00000000000000000000000000000000002D
:10C80C00000000000000000000000000000000001C
:10C81C00000000000000000000000000000000000C
:10C82C0000000000000000000000000000000000FC
:10C83C0000000000000000000000000000000000EC
:10C84C0000000000000000000000000000000000DC
:10C85C0000000000000000000000000000000000CC
:10C86C0000000000000000000000000000000000BC
:10C87C0000000000000000000000000000000000AC
:10C88C00000000000000000000000000000000009C
:10C89C00000000000000000000000000000000008C
:10C8AC00000000000000000000000000000000007C
:10C8BC00000000000000000000000000000000006C
:10C8CC00000000000000000000000000000000005C
:10C8DC00000000000000000000000000000000004C
:10C8EC00000000000000000000000000000000003C
:10C8FC00000000000000000000000000000000002C
:10C90C00000000000000000000000000000000001B
:10C91C00000000000000000000000000000000000B
:10C92C0000000000000000000000000000000000FB
:10C93C0000000000000000000000000000000000EB
:10C94C0000000000000000000000000000000000DB
:10C95C0000000000000000000000000000000000CB
:10C96C0000000000000000000000000000000000BB
:10C97C0000000000000000000000000000000000AB
:10C98C00000000000000000000000000000000009B
:10C99C00000000000000000000000000000000008B
:10C9AC00000000000000000000000000000000007B
:10C9BC00000000000000000000000000000000006B
:10C9CC00000000000000000000000000000000005B
:10C9DC00000000000000000000000000000000004B
:10C9EC00000000000000000000000000000000003B
:10C9FC00000000000000000000000000000000002B
:10CA0C00000000000000000000000000000000001A
:10CA1C00000000000000000000000000000000000A
:10CA2C0000000000000000000000000000000000FA
:10CA3C0000000000000000000000000000000000EA
:10CA4C0000000000000000000000000000000000DA
:10CA5C0000000000000000000000000000000000CA
:10CA6C0000000000000000000000000000000000BA
:10CA7C0000000000000000000000000000000000AA
:10CA8C00000000000000000000000000000000009A
:10CA9C00000000000000000000000000000000008A
:10CAAC00000000000000000000000000000000007A
:10CABC00000000000000000000000000000000006A
:10CACC00000000000000000000000000000000005A
:10CADC00000000000000000000000000000000004A
:10CAEC00000000000000000000000000000000003A
:10CAFC00000000000000000000000000000000002A
:10CB0C000000000000000000000000000000000019
:10CB1C000000000000000000000000000000000009
:10CB2C0000000000000000000000000000000000F9
:10CB3C0000000000000000000000000000000000E9
:10CB4C0000000000000000000000000000000000D9
:10CB5C0000000000000000000000000000000000C9
:10CB6C0000000000000000000000000000000000B9
:10CB7C0000000000000000000000000000000000A9
:10CB8C000000000000000000000000000000000099
:10CB9C000000000000000000000000000000000089
:10CBAC000000000000000000000000000000000079
:10CBBC000000000000000000000000000000000069
:10CBCC000000000000000000000000000000000059
:10CBDC000000000000000000000000000000000049
:10CBEC000000000000000000000000000000000039
:10CBFC000000000000000000000000000000000029
:10CC0C000000000000000000000000000000000018
:10CC1C000000000000000000000000000000000008
:10CC2C0000000000000000000000000000000000F8
:10CC3C0000000000000000000000000000000000E8
:10CC4C0000000000000000000000000000000000D8
:10CC5C0000000000000000000000000000000000C8
:10CC6C0000000000000000000000000000000000B8
:10CC7C0000000000000000000000000000000000A8
:10CC8C000000000000000000000000000000000098
:10CC9C000000000000000000000000000000000088
:10CCAC000000000000000000000000000000000078
:10CCBC000000000000000000000000000000000068
:10CCCC000000000000000000000000000000000058
:10CCDC000000000000000000000000000000000048
:10CCEC000000000000000000000000000000000038
:10CCFC000000000000000000000000000000000028
:10CD0C000000000000000000000000000000000017
:10CD1C000000000000000000000000000000000007
:10CD2C0000000000000000000000000000000000F7
:10CD3C0000000000000000000000000000000000E7
:10CD4C0000000000000000000000000000000000D7
:10CD5C0000000000000000000000000000000000C7
:10CD6C0000000000000000000000000000000000B7
:10CD7C0000000000000000000000000000000000A7
:10CD8C000000000000000000000000000000000097
:10CD9C000000000000000000000000000000000087
:10CDAC000000000000000000000000000000000077
:10CDBC000000000000000000000000000000000067
:10CDCC000000000000000000000000000000000057
:10CDDC000000000000000000000000000000000047
:10CDEC000000000000000000000000000000000037
:10CDFC000000000000000000000000000000000027
:10CE0C000000000000000000000000000000000016
:10CE1C000000000000000000000000000000000006
:10CE2C0000000000000000000000000000000000F6
:10CE3C0000000000000000000000000000000000E6
:10CE4C0000000000000000000000000000000000D6
:10CE5C0000000000000000000000000000000000C6
:10CE6C0000000000000000000000000000000000B6
:10CE7C0000000000000000000000000000000000A6
:10CE8C000000000000000000000000000000000096
:10CE9C000000000000000000000000000000000086
:10CEAC000000000000000000000000000000000076
:10CEBC000000000000000000000000000000000066
:10CECC000000000000000000000000000000000056
:10CEDC000000000000000000000000000000000046
:10CEEC000000000000000000000000000000000036
:10CEFC000000000000000000000000000000000026
:10CF0C000000000000000000000000000000000015
:10CF1C000000000000000000000000000000000005
:10CF2C0000000000000000000000000000000000F5
:10CF3C0000000000000000000000000000000000E5
:10CF4C0000000000000000000000000000000000D5
:10CF5C0000000000000000000000000000000000C5
:10CF6C0000000000000000000000000000000000B5
:10CF7C0000000000000000000000000000000000A5
:10CF8C000000000000000000000000000000000095
:10CF9C000000000000000000000000000000000085
:10CFAC000000000000000000000000000000000075
:10CFBC000000000000000000000000000000000065
:10CFCC000000000000000000000000000000000055
:10CFDC000000000000000000000000000000000045
:10CFEC000000000000000000000000000000000035
:10CFFC000000000000000000000000000000000025
:10D00C000000000000000000000000000000000014
:10D01C000000000000000000000000000000000004
:10D02C0000000000000000000000000000000000F4
:10D03C0000000000000000000000000000000000E4
:10D04C0000000000000000000000000000000000D4
:10D05C0000000000000000000000000000000000C4
:10D06C0000000000000000000000000000000000B4
:10D07C0000000000000000000000000000000000A4
:10D08C000000000000000000000000000000000094
:10D09C000000000000000000000000000000000084
:10D0AC000000000000000000000000000000000074
:10D0BC000000000000000000000000000000000064
:10D0CC000000000000000000000000000000000054
:10D0DC000000000000000000000000000000000044
:10D0EC000000000000000000000000000000000034
:10D0FC000000000000000000000000000000000024
:10D10C000000000000000000000000000000000013
:10D11C000000000000000000000000000000000003
:10D12C0000000000000000000000000000000000F3
:10D13C0000000000000000000000000000000000E3
:10D14C0000000000000000000000000000000000D3
:10D15C0000000000000000000000000000000000C3
:10D16C0000000000000000000000000000000000B3
:10D17C0000000000000000000000000000000000A3
:10D18C000000000000000000000000000000000093
:10D19C000000000000000000000000000000000083
:10D1AC000000000000000000000000000000000073
:10D1BC000000000000000000000000000000000063
:10D1CC000000000000000000000000000000000053
:10D1DC000000000000000000000000000000000043
:10D1EC000000000000000000000000000000000033
:10D1FC000000000000000000000000000000000023
:10D20C000000000000000000000000000000000012
:10D21C000000000000000000000000000000000002
:10D22C0000000000000000000000000000000000F2
:10D23C0000000000000000000000000000000000E2
:10D24C0000000000000000000000000000000000D2
:10D25C0000000000000000000000000000000000C2
:10D26C0000000000000000000000000000000000B2
:10D27C0000000000000000000000000000000000A2
:10D28C000000000000000000000000000000000092
:10D29C000000000000000000000000000000000082
:10D2AC000000000000000000000000000000000072
:10D2BC000000000000000000000000000000000062
:10D2CC000000000000000000000000000000000052
:10D2DC000000000000000000000000000000000042
:10D2EC000000000000000000000000000000000032
:10D2FC000000000000000000000000000000000022
:10D30C000000000000000000000000000000000011
:10D31C000000000000000000000000000000000001
:10D32C0000000000000000000000000000000000F1
:10D33C0000000000000000000000000000000000E1
:10D34C0000000000000000000000000000000000D1
:10D35C0000000000000000000000000000000000C1
:10D36C0000000000000000000000000000000000B1
:10D37C0000000000000000000000000000000000A1
:10D38C000000000000000000000000000000000091
:10D39C000000000000000000000000000000000081
:10D3AC000000000000000000000000000000000071
:10D3BC000000000000000000000000000000000061
:10D3CC000000000000000000000000000000000051
:10D3DC000000000000000000000000000000000041
:10D3EC000000000000000000000000000000000031
:10D3FC000000000000000000000000000000000021
:10D40C000000000000000000000000000000000010
:10D41C000000000000000000000000000000000000
:10D42C0000000000000000000000000000000000F0
:10D43C0000000000000000000000000000000000E0
:10D44C0000000000000000000000000000000000D0
:10D45C0000000000000000000000000000000000C0
:10D46C0000000000000000000000000000000000B0
:10D47C0000000000000000000000000000000000A0
:10D48C000000000000000000000000000000000090
:10D49C000000000000000000000000000000000080
:10D4AC000000000000000000000000000000000070
:10D4BC000000000000000000000000000000000060
:10D4CC000000000000000000000000000000000050
:10D4DC000000000000000000000000000000000040
:10D4EC000000000000000000000000000000000030
:10D4FC000000000000000000000000000000000020
:10D50C00000000000000000000000000000000000F
:10D51C0000000000000000000000000000000000FF
:10D52C0000000000000000000000000000000000EF
:10D53C0000000000000000000000000000000000DF
:10D54C0000000000000000000000000000000000CF
:10D55C0000000000000000000000000000000000BF
:10D56C0000000000000000000000000000000000AF
:10D57C00000000000000000000000000000000009F
:10D58C00000000000000000000000000000000008F
:10D59C00000000000000000000000000000000007F
:10D5AC00000000000000000000000000000000006F
:10D5BC00000000000000000000000000000000005F
:10D5CC00000000000000000000000000000000004F
:10D5DC00000000000000000000000000000000003F
:10D5EC00000000000000000000000000000000002F
:10D5FC00000000000000000000000000000000001F
:10D60C00000000000000000000000000000000000E
:10D61C0000000000000000000000000000000000FE
:10D62C0000000000000000000000000000000000EE
:10D63C0000000000000000000000000000000000DE
:10D64C0000000000000000000000000000000000CE
:10D65C0000000000000000000000000000000000BE
:10D66C0000000000000000000000000000000000AE
:10D67C00000000000000000000000000000000009E
:10D68C00000000000000000000000000000000008E
:10D69C00000000000000000000000000000000007E
:10D6AC00000000000000000000000000000000006E
:10D6BC00000000000000000000000000000000005E
:10D6CC00000000000000000000000000000000004E
:10D6DC00000000000000000000000000000000003E
:10D6EC00000000000000000000000000000000002E
:10D6FC00000000000000000000000000000000001E
:10D70C00000000000000000000000000000000000D
:10D71C0000000000000000000000000000000000FD
:10D72C0000000000000000000000000000000000ED
:10D73C0000000000000000000000000000000000DD
:10D74C0000000000000000000000000000000000CD
:10D75C0000000000000000000000000000000000BD
:10D76C0000000000000000000000000000000000AD
:10D77C00000000000000000000000000000000009D
:10D78C00000000000000000000000000000000008D
:10D79C00000000000000000000000000000000007D
:10D7AC00000000000000000000000000000000006D
:10D7BC00000000000000000000000000000000005D
:10D7CC00000000000000000000000000000000004D
:10D7DC00000000000000000000000000000000003D
:10D7EC00000000000000000000000000000000002D
:10D7FC00000000000000000000000000000000001D
:10D80C00000000000000000000000000000000000C
:10D81C0000000000000000000000000000000000FC
:10D82C0000000000000000000000000000000000EC
:10D83C0000000000000000000000000000000000DC
:10D84C0000000000000000000000000000000000CC
:10D85C0000000000000000000000000000000000BC
:10D86C0000000000000000000000000000000000AC
:10D87C00000000000000000000000000000000009C
:10D88C00000000000000000000000000000000008C
:10D89C00000000000000000000000000000000007C
:10D8AC00000000000000000000000000000000006C
:10D8BC00000000000000000000000000000000005C
:10D8CC00000000000000000000000000000000004C
:10D8DC00000000000000000000000000000000003C
:10D8EC00000000000000000000000000000000002C
:10D8FC00000000000000000000000000000000001C
:10D90C00000000000000000000000000000000000B
:10D91C0000000000000000000000000000000000FB
:10D92C0000000000000000000000000000000000EB
:10D93C0000000000000000000000000000000000DB
:10D94C0000000000000000000000000000000000CB
:10D95C0000000000000000000000000000000000BB
:10D96C0000000000000000000000000000000000AB
:10D97C00000000000000000000000000000000009B
:10D98C00000000000000000000000000000000008B
:10D99C00000000000000000000000000000000007B
:10D9AC00000000000000000000000000000000006B
:10D9BC00000000000000000000000000000000005B
:10D9CC00000000000000000000000000000000004B
:10D9DC00000000000000000000000000000000003B
:10D9EC00000000000000000000000000000000002B
:10D9FC00000000000000000000000000000000001B
:10DA0C00000000000000000000000000000000000A
:10DA1C0000000000000000000000000000000000FA
:10DA2C0000000000000000000000000000000000EA
:10DA3C0000000000000000000000000000000000DA
:10DA4C0000000000000000000000000000000000CA
:10DA5C0000000000000000000000000000000000BA
:10DA6C0000000000000000000000000000000000AA
:10DA7C00000000000000000000000000000000009A
:10DA8C00000000000000000000000000000000008A
:10DA9C00000000000000000000000000000000007A
:10DAAC00000000000000000000000000000000006A
:10DABC00000000000000000000000000000000005A
:10DACC00000000000000000000000000000000004A
:10DADC00000000000000000000000000000000003A
:10DAEC00000000000000000000000000000000002A
:10DAFC00000000000000000000000000000000001A
:10DB0C000000000000000000000000000000000009
:10DB1C0000000000000000000000000000000000F9
:10DB2C0000000000000000000000000000000000E9
:10DB3C0000000000000000000000000000000000D9
:10DB4C0000000000000000000000000000000000C9
:10DB5C0000000000000000000000000000000000B9
:10DB6C0000000000000000000000000000000000A9
:10DB7C000000000000000000000000000000000099
:10DB8C000000000000000000000000000000000089
:10DB9C000000000000000000000000000000000079
:10DBAC000000000000000000000000000000000069
:10DBBC000000000000000000000000000000000059
:10DBCC000000000000000000000000000000000049
:10DBDC000000000000000000000000000000000039
:10DBEC000000000000000000000000000000000029
:10DBFC000000000000000000000000000000000019
:10DC0C000000000000000000000000000000000008
:10DC1C0000000000000000000000000000000000F8
:10DC2C0000000000000000000000000000000000E8
:10DC3C0000000000000000000000000000000000D8
:10DC4C0000000000000000000000000000000000C8
:10DC5C0000000000000000000000000000000000B8
:10DC6C0000000000000000000000000000000000A8
:10DC7C000000000000000000000000000000000098
:10DC8C000000000000000000000000000000000088
:10DC9C000000000000000000000000000000000078
:10DCAC000000000000000000000000000000000068
:10DCBC000000000000000000000000000000000058
:10DCCC000000000000000000000000000000000048
:10DCDC000000000000000000000000000000000038
:10DCEC000000000000000000000000000000000028
:10DCFC000000000000000000000000000000000018
:10DD0C000000000000000000000000000000000007
:10DD1C0000000000000000000000000000000000F7
:10DD2C0000000000000000000000000000000000E7
:10DD3C0000000000000000000000000000000000D7
:10DD4C0000000000000000000000000000000000C7
:10DD5C0000000000000000000000000000000000B7
:10DD6C0000000000000000000000000000000000A7
:10DD7C000000000000000000000000000000000097
:10DD8C000000000000000000000000000000000087
:10DD9C000000000000000000000000000000000077
:10DDAC000000000000000000000000000000000067
:10DDBC000000000000000000000000000000000057
:10DDCC000000000000000000000000000000000047
:10DDDC000000000000000000000000000000000037
:10DDEC000000000000000000000000000000000027
:10DDFC000000000000000000000000000000000017
:10DE0C000000000000000000000000000000000006
:10DE1C0000000000000000000000000000000000F6
:10DE2C0000000000000000000000000000000000E6
:10DE3C0000000000000000000000000000000000D6
:10DE4C0000000000000000000000000000000000C6
:10DE5C0000000000000000000000000000000000B6
:10DE6C0000000000000000000000000000000000A6
:10DE7C000000000000000000000000000000000096
:10DE8C000000000000000000000000000000000086
:10DE9C000000000000000000000000000000000076
:10DEAC000000000000000000000000000000000066
:10DEBC000000000000000000000000000000000056
:10DECC000000000000000000000000000000000046
:10DEDC000000000000000000000000000000000036
:10DEEC000000000000000000000000000000000026
:10DEFC000000000000000000000000000000000016
:10DF0C000000000000000000000000000000000005
:10DF1C0000000000000000000000000000000000F5
:10DF2C0000000000000000000000000000000000E5
:10DF3C0000000000000000000000000000000000D5
:10DF4C0000000000000000000000000000000000C5
:10DF5C0000000000000000000000000000000000B5
:10DF6C0000000000000000000000000000000000A5
:10DF7C000000000000000000000000000000000095
:10DF8C000000000000000000000000000000000085
:10DF9C000000000000000000000000000000000075
:10DFAC000000000000000000000000000000000065
:10DFBC000000000000000000000000000000000055
:10DFCC000000000000000000000000000000000045
:10DFDC000000000000000000000000000000000035
:10DFEC000000000000000000000000000000000025
:10DFFC000000000000000000000000000000000015
:10E00C000000000000000000000000000000000004
:10E01C0000000000000000000000000000000000F4
:10E02C0000000000000000000000000000000000E4
:10E03C0000000000000000000000000000000000D4
:10E04C0000000000000000000000000000000000C4
:10E05C0000000000000000000000000000000000B4
:10E06C0000000000000000000000000000000000A4
:10E07C000000000000000000000000000000000094
:10E08C000000000000000000000000000000000084
:10E09C000000000000000000000000000000000074
:10E0AC000000000000000000000000000000000064
:10E0BC000000000000000000000000000000000054
:10E0CC000000000000000000000000000000000044
:10E0DC000000000000000000000000000000000034
:10E0EC000000000000000000000000000000000024
:10E0FC000000000000000000000000000000000014
:10E10C000000000000000000000000000000000003
:10E11C0000000000000000000000000000000000F3
:10E12C0000000000000000000000000000000000E3
:10E13C0000000000000000000000000000000000D3
:10E14C0000000000000000000000000000000000C3
:10E15C0000000000000000000000000000000000B3
:10E16C0000000000000000000000000000000000A3
:10E17C000000000000000000000000000000000093
:10E18C00000000000000000000000000E126000874
:10E19C000000000000000000000000000000000073
:10E1AC0000000000000000000000000080D50020EE
:10E1BC0060EA000000000101000000000000000007
:10E1CC000000000004000000401F0000295100085E
:10E1DC005951000871510008DD510008FD5A000822
:10E1EC00595D00089D590008195C000800000000EA
:10E1FC00895A0008D5590008895C00086159000843
:10E20C009D5B000845590008A559000849590008AC
:10E21C0055590008555C0008A9900108AB900108FD
:10E22C00CC8C0108AD900108B6880108B2900108A9
:10E23C0008000016000000004F6400088568000804
:10E24C0069690008E168000879640008CD69000874
:10E25C005B6600084B6A0008216A0008B16200087E
:10E26C00AD66000869670008E1660008D96200081D
:10E27C00B56700082564000819680008EF670008F6
:10E28C00C5650008B96800089B660008756200083F
:10E29C00797300081D740008BD7300081973000819
:10E2AC006F740008D17200084D7400089D7300084B
:10E2BC004572000800093D0001000000100000003C
:10E2CC000000000088D800200000000000000000C2
:10E2DC00FF0000000000000088D8002000000000B3
:10E2EC000000000000000000000000000000000022
:10E2FC0088D800200000FF0000000000E0000000B3
:10E30C00C5C60008F5C5000801C600082DC60008E2
:10E31C0000000000000000001DC700080DC600082A
:10E32C008DCA000800000000000000000000000082
:10E33C0000000000000E0F0D010908110100000083
:10E34C00FF000000FFFFFFFFFFFFFFFF00000000CA
:10E35C0003000000A0F400201CB40020000000000A
:10E36C00A0F4002008F5002070F50020000000004B
:10E37C000000000000000000000000000000000091
:10E38C000000000000000000000000000000000081
:10E39C000000000000000000000000000000000071
:10E3AC00000000000000000043000000000000001E
:10E3BC000000000000000000000000000000000051
:10E3CC0000000000000000004300000000000000FE
:10E3DC000000000000000000000000000000000031
:10E3EC0000000000000000004300000000000000DE
:10E3FC000000000000000000000000000000000011
:10E40C0000000000000000004300000000000000BD
:10E41C0000000000000000000000000000000000F0
:10E42C00000000000000000043000000000000009D
:10E43C0000000000000000000000000000000000D0
:10E44C00000000000000000043000000000000007D
:10E45C0000000000000000000000000000000000B0
:10E46C00000000000000000043000000000000005D
:10E47C000000000000000000000000000000000090
:10E48C000000000000000000FB7F0108D77F01089E
:10E49C0000000000502D02084E2D0208628B01086E
:10E4AC00628B0108628B0108628B0108628B010888
:10E4BC00628B0108628B0108628B0108628B010878
:10E4CC00FFFFFFFFFFFFFFFFFFFFFFFFFFFF00004E
:10E4DC0001004153434949000000000000000000C6
:10E4EC000000000000000000000000000000000020
:10E4FC0000004153434949000000000000000000A7
:10E50C0000000000000000000000000000000000FF
:0CE51C00000000006042A20D0000803FE3
:040000050800603D52
:00000001FF
